  0
SECTION
  2
HEADER
  9
$ACADVER
  1
AC1021
  9
$ACADMAINTVER
 70
    50
  9
$DWGCODEPAGE
  3
ANSI_1254
  9
$LASTSAVEDBY
  1
user
  9
$INSBASE
 10
0.0
 20
0.0
 30
0.0
  9
$EXTMIN
 10
106.0883999999999
 20
68.34323603895128
 30
0.0
  9
$EXTMAX
 10
210.4002000005712
 20
312.6816
 30
0.0
  9
$LIMMIN
 10
0.0
 20
0.0
  9
$LIMMAX
 10
12.0
 20
9.0
  9
$ORTHOMODE
 70
     0
  9
$REGENMODE
 70
     1
  9
$FILLMODE
 70
     1
  9
$QTEXTMODE
 70
     0
  9
$MIRRTEXT
 70
     1
  9
$LTSCALE
 40
1.0
  9
$ATTMODE
 70
     1
  9
$TEXTSIZE
 40
0.2
  9
$TRACEWID
 40
0.05
  9
$TEXTSTYLE
  7
Standard
  9
$CLAYER
  8
0
  9
$CELTYPE
  6
ByBlock
  9
$CECOLOR
 62
   256
  9
$CELTSCALE
 40
1.0
  9
$DISPSILH
 70
     0
  9
$DIMSCALE
 40
1.0
  9
$DIMASZ
 40
0.18
  9
$DIMEXO
 40
0.0625
  9
$DIMDLI
 40
0.38
  9
$DIMRND
 40
0.0
  9
$DIMDLE
 40
0.0
  9
$DIMEXE
 40
0.18
  9
$DIMTP
 40
0.0
  9
$DIMTM
 40
0.0
  9
$DIMTXT
 40
0.18
  9
$DIMCEN
 40
0.09
  9
$DIMTSZ
 40
0.0
  9
$DIMTOL
 70
     0
  9
$DIMLIM
 70
     0
  9
$DIMTIH
 70
     1
  9
$DIMTOH
 70
     1
  9
$DIMSE1
 70
     0
  9
$DIMSE2
 70
     0
  9
$DIMTAD
 70
     0
  9
$DIMZIN
 70
     0
  9
$DIMBLK
  1

  9
$DIMASO
 70
     1
  9
$DIMSHO
 70
     1
  9
$DIMPOST
  1

  9
$DIMAPOST
  1

  9
$DIMALT
 70
     0
  9
$DIMALTD
 70
     2
  9
$DIMALTF
 40
25.4
  9
$DIMLFAC
 40
1.0
  9
$DIMTOFL
 70
     0
  9
$DIMTVP
 40
0.0
  9
$DIMTIX
 70
     0
  9
$DIMSOXD
 70
     0
  9
$DIMSAH
 70
     0
  9
$DIMBLK1
  1

  9
$DIMBLK2
  1

  9
$DIMSTYLE
  2
Standard
  9
$DIMCLRD
 70
     0
  9
$DIMCLRE
 70
     0
  9
$DIMCLRT
 70
     0
  9
$DIMTFAC
 40
1.0
  9
$DIMGAP
 40
0.09
  9
$DIMJUST
 70
     0
  9
$DIMSD1
 70
     0
  9
$DIMSD2
 70
     0
  9
$DIMTOLJ
 70
     1
  9
$DIMTZIN
 70
     0
  9
$DIMALTZ
 70
     0
  9
$DIMALTTZ
 70
     0
  9
$DIMUPT
 70
     0
  9
$DIMDEC
 70
     4
  9
$DIMTDEC
 70
     4
  9
$DIMALTU
 70
     2
  9
$DIMALTTD
 70
     2
  9
$DIMTXSTY
  7
Standard
  9
$DIMAUNIT
 70
     0
  9
$DIMADEC
 70
     0
  9
$DIMALTRND
 40
0.0
  9
$DIMAZIN
 70
     0
  9
$DIMDSEP
 70
    46
  9
$DIMATFIT
 70
     3
  9
$DIMFRAC
 70
     0
  9
$DIMLDRBLK
  1

  9
$DIMLUNIT
 70
     2
  9
$DIMLWD
 70
    -2
  9
$DIMLWE
 70
    -2
  9
$DIMTMOVE
 70
     2
  9
$DIMFXL
 40
1.0
  9
$DIMFXLON
 70
     0
  9
$DIMJOGANG
 40
0.7853981633974483
  9
$DIMTFILL
 70
     0
  9
$DIMTFILLCLR
 70
     0
  9
$DIMARCSYM
 70
     0
  9
$DIMLTYPE
  6

  9
$DIMLTEX1
  6

  9
$DIMLTEX2
  6

  9
$LUNITS
 70
     2
  9
$LUPREC
 70
     4
  9
$SKETCHINC
 40
0.1
  9
$FILLETRAD
 40
0.5
  9
$AUNITS
 70
     0
  9
$AUPREC
 70
     0
  9
$MENU
  1
.
  9
$ELEVATION
 40
0.0
  9
$PELEVATION
 40
0.0
  9
$THICKNESS
 40
0.0
  9
$LIMCHECK
 70
     0
  9
$CHAMFERA
 40
0.0
  9
$CHAMFERB
 40
0.0
  9
$CHAMFERC
 40
0.0
  9
$CHAMFERD
 40
0.0
  9
$SKPOLY
 70
     0
  9
$TDCREATE
 40
2460641.512951389
  9
$TDUCREATE
 40
2460641.387951516
  9
$TDUPDATE
 40
2460641.559652778
  9
$TDUUPDATE
 40
2460641.434652778
  9
$TDINDWG
 40
0.0333680671
  9
$TDUSRTIMER
 40
0.0333680671
  9
$USRTIMER
 70
     1
  9
$ANGBASE
 50
0.0
  9
$ANGDIR
 70
     0
  9
$PDMODE
 70
     0
  9
$PDSIZE
 40
0.0
  9
$PLINEWID
 40
0.0
  9
$SPLFRAME
 70
     0
  9
$SPLINETYPE
 70
     6
  9
$SPLINESEGS
 70
     8
  9
$HANDSEED
  5
6D92
  9
$SURFTAB1
 70
     6
  9
$SURFTAB2
 70
     6
  9
$SURFTYPE
 70
     6
  9
$SURFU
 70
     6
  9
$SURFV
 70
     6
  9
$UCSBASE
  2

  9
$UCSNAME
  2

  9
$UCSORG
 10
0.0
 20
0.0
 30
0.0
  9
$UCSXDIR
 10
1.0
 20
0.0
 30
0.0
  9
$UCSYDIR
 10
0.0
 20
1.0
 30
0.0
  9
$UCSORTHOREF
  2

  9
$UCSORTHOVIEW
 70
     0
  9
$UCSORGTOP
 10
0.0
 20
0.0
 30
0.0
  9
$UCSORGBOTTOM
 10
0.0
 20
0.0
 30
0.0
  9
$UCSORGLEFT
 10
0.0
 20
0.0
 30
0.0
  9
$UCSORGRIGHT
 10
0.0
 20
0.0
 30
0.0
  9
$UCSORGFRONT
 10
0.0
 20
0.0
 30
0.0
  9
$UCSORGBACK
 10
0.0
 20
0.0
 30
0.0
  9
$PUCSBASE
  2

  9
$PUCSNAME
  2

  9
$PUCSORG
 10
0.0
 20
0.0
 30
0.0
  9
$PUCSXDIR
 10
1.0
 20
0.0
 30
0.0
  9
$PUCSYDIR
 10
0.0
 20
1.0
 30
0.0
  9
$PUCSORTHOREF
  2

  9
$PUCSORTHOVIEW
 70
     0
  9
$PUCSORGTOP
 10
0.0
 20
0.0
 30
0.0
  9
$PUCSORGBOTTOM
 10
0.0
 20
0.0
 30
0.0
  9
$PUCSORGLEFT
 10
0.0
 20
0.0
 30
0.0
  9
$PUCSORGRIGHT
 10
0.0
 20
0.0
 30
0.0
  9
$PUCSORGFRONT
 10
0.0
 20
0.0
 30
0.0
  9
$PUCSORGBACK
 10
0.0
 20
0.0
 30
0.0
  9
$USERI1
 70
     0
  9
$USERI2
 70
     0
  9
$USERI3
 70
     0
  9
$USERI4
 70
     0
  9
$USERI5
 70
     0
  9
$USERR1
 40
0.0
  9
$USERR2
 40
0.0
  9
$USERR3
 40
0.0
  9
$USERR4
 40
0.0
  9
$USERR5
 40
0.0
  9
$WORLDVIEW
 70
     1
  9
$SHADEDGE
 70
     3
  9
$SHADEDIF
 70
    70
  9
$TILEMODE
 70
     1
  9
$MAXACTVP
 70
    64
  9
$PINSBASE
 10
0.0
 20
0.0
 30
0.0
  9
$PLIMCHECK
 70
     0
  9
$PEXTMIN
 10
1.000000000000000E+20
 20
1.000000000000000E+20
 30
1.000000000000000E+20
  9
$PEXTMAX
 10
-1.000000000000000E+20
 20
-1.000000000000000E+20
 30
-1.000000000000000E+20
  9
$PLIMMIN
 10
0.0
 20
0.0
  9
$PLIMMAX
 10
12.0
 20
9.0
  9
$UNITMODE
 70
     0
  9
$VISRETAIN
 70
     1
  9
$PLINEGEN
 70
     0
  9
$PSLTSCALE
 70
     1
  9
$TREEDEPTH
 70
  3020
  9
$CMLSTYLE
  2
Standard
  9
$CMLJUST
 70
     0
  9
$CMLSCALE
 40
1.0
  9
$PROXYGRAPHICS
 70
     1
  9
$MEASUREMENT
 70
     0
  9
$CELWEIGHT
370
    -1
  9
$ENDCAPS
280
     0
  9
$JOINSTYLE
280
     0
  9
$LWDISPLAY
290
     0
  9
$INSUNITS
 70
     0
  9
$HYPERLINKBASE
  1

  9
$STYLESHEET
  1

  9
$XEDIT
290
     1
  9
$CEPSNTYPE
380
     0
  9
$PSTYLEMODE
290
     1
  9
$FINGERPRINTGUID
  2
{D680B72C-B4F0-42FD-953F-AD89572803E3}
  9
$VERSIONGUID
  2
{8A91EB82-764E-2A49-BB9B-CB35C296DC79}
  9
$EXTNAMES
290
     1
  9
$PSVPSCALE
 40
0.0
  9
$OLESTARTUP
290
     0
  9
$SORTENTS
280
   127
  9
$INDEXCTL
280
     0
  9
$HIDETEXT
280
     1
  9
$XCLIPFRAME
290
     0
  9
$HALOGAP
280
     0
  9
$OBSCOLOR
 70
   257
  9
$OBSLTYPE
280
     0
  9
$INTERSECTIONDISPLAY
280
     0
  9
$INTERSECTIONCOLOR
 70
   257
  9
$DIMASSOC
280
     2
  9
$PROJECTNAME
  1

  9
$CAMERADISPLAY
290
     0
  9
$LENSLENGTH
 40
50.0
  9
$CAMERAHEIGHT
 40
0.0
  9
$STEPSPERSEC
 40
2.0
  9
$STEPSIZE
 40
6.0
  9
$3DDWFPREC
 40
2.0
  9
$PSOLWIDTH
 40
0.25
  9
$PSOLHEIGHT
 40
4.0
  9
$LOFTANG1
 40
1.570796326794896
  9
$LOFTANG2
 40
1.570796326794896
  9
$LOFTMAG1
 40
0.0
  9
$LOFTMAG2
 40
0.0
  9
$LOFTPARAM
 70
     7
  9
$LOFTNORMALS
280
     1
  9
$LATITUDE
 40
37.795
  9
$LONGITUDE
 40
-122.394
  9
$NORTHDIRECTION
 40
0.0
  9
$TIMEZONE
 70
 -8000
  9
$LIGHTGLYPHDISPLAY
280
     1
  9
$TILEMODELIGHTSYNCH
280
     1
  9
$CMATERIAL
347
5702
  9
$SOLIDHIST
280
     0
  9
$SHOWHIST
280
     1
  9
$DWFFRAME
280
     2
  9
$DGNFRAME
280
     0
  9
$REALWORLDSCALE
290
     1
  9
$INTERFERECOLOR
 62
     1
  9
$INTERFEREOBJVS
345
56F1
  9
$INTERFEREVPVS
346
56EE
  9
$CSHADOW
280
     0
  9
$SHADOWPLANELOCATION
 40
0.0
  0
ENDSEC
  0
SECTION
  2
CLASSES
  0
CLASS
  1
ACDBDICTIONARYWDFLT
  2
AcDbDictionaryWithDefault
  3
ObjectDBX Classes
 90
        0
 91
        1
280
     0
281
     0
  0
CLASS
  1
SCALE
  2
AcDbScale
  3
ObjectDBX Classes
 90
     1153
 91
       33
280
     0
281
     0
  0
CLASS
  1
VISUALSTYLE
  2
AcDbVisualStyle
  3
ObjectDBX Classes
 90
     4095
 91
       24
280
     0
281
     0
  0
CLASS
  1
MATERIAL
  2
AcDbMaterial
  3
ObjectDBX Classes
 90
     1153
 91
        3
280
     0
281
     0
  0
CLASS
  1
TABLESTYLE
  2
AcDbTableStyle
  3
ObjectDBX Classes
 90
     4095
 91
        1
280
     0
281
     0
  0
CLASS
  1
MLEADERSTYLE
  2
AcDbMLeaderStyle
  3
ACDB_MLEADERSTYLE_CLASS
 90
     4095
 91
        1
280
     0
281
     0
  0
CLASS
  1
DICTIONARYVAR
  2
AcDbDictionaryVar
  3
ObjectDBX Classes
 90
        0
 91
       11
280
     0
281
     0
  0
CLASS
  1
CELLSTYLEMAP
  2
AcDbCellStyleMap
  3
ObjectDBX Classes
 90
     1152
 91
        2
280
     0
281
     0
  0
CLASS
  1
ACDBSECTIONVIEWSTYLE
  2
AcDbSectionViewStyle
  3
ObjectDBX Classes
 90
     1025
 91
        1
280
     0
281
     0
  0
CLASS
  1
ACDBDETAILVIEWSTYLE
  2
AcDbDetailViewStyle
  3
ObjectDBX Classes
 90
     1025
 91
        1
280
     0
281
     0
  0
CLASS
  1
SORTENTSTABLE
  2
AcDbSortentsTable
  3
ObjectDBX Classes
 90
        0
 91
        1
280
     0
281
     0
  0
ENDSEC
  0
SECTION
  2
TABLES
  0
TABLE
  2
VPORT
  5
8
330
0
100
AcDbSymbolTable
 70
     1
  0
VPORT
  5
21
330
8
100
AcDbSymbolTableRecord
100
AcDbViewportTableRecord
  2
*Active
 70
     0
 10
0.0
 20
0.0
 11
1.0
 21
1.0
 12
154.9610639492234
 22
145.6469623492535
 13
0.0
 23
0.0
 14
0.5
 24
0.5
 15
0.5
 25
0.5
 16
0.0
 26
0.0
 36
1.0
 17
0.0
 27
0.0
 37
0.0
 40
329.1741772596776
 41
1.887694145758661
 42
50.0
 43
0.0
 44
0.0
 50
0.0
 51
0.0
 71
     0
 72
   100
 73
     1
 74
     3
 75
     0
 76
     0
 77
     0
 78
     0
281
     0
 65
     1
110
0.0
120
0.0
130
0.0
111
1.0
121
0.0
131
0.0
112
0.0
122
1.0
132
0.0
 79
     0
146
0.0
348
56ED
 60
     3
 61
     5
292
     1
282
     1
141
0.0
142
0.0
 63
   250
421
  3355443
1001
ACAD_NAV_VCDISPLAY
1070
     3
  0
ENDTAB
  0
TABLE
  2
LTYPE
  5
5
330
0
100
AcDbSymbolTable
 70
     1
  0
LTYPE
  5
14
330
5
100
AcDbSymbolTableRecord
100
AcDbLinetypeTableRecord
  2
ByBlock
 70
     0
  3

 72
    65
 73
     0
 40
0.0
  0
LTYPE
  5
15
330
5
100
AcDbSymbolTableRecord
100
AcDbLinetypeTableRecord
  2
ByLayer
 70
     0
  3

 72
    65
 73
     0
 40
0.0
  0
LTYPE
  5
16
330
5
100
AcDbSymbolTableRecord
100
AcDbLinetypeTableRecord
  2
Continuous
 70
     0
  3
Solid line
 72
    65
 73
     0
 40
0.0
  0
ENDTAB
  0
TABLE
  2
LAYER
  5
2
330
0
100
AcDbSymbolTable
 70
     1
  0
LAYER
  5
10
102
{ACAD_XDICTIONARY
360
6D19
102
}
330
2
100
AcDbSymbolTableRecord
100
AcDbLayerTableRecord
  2
0
 70
     0
 62
     7
  6
Continuous
370
    -3
390
F
347
5704
  0
ENDTAB
  0
TABLE
  2
STYLE
  5
3
330
0
100
AcDbSymbolTable
 70
     1
  0
STYLE
  5
11
330
3
100
AcDbSymbolTableRecord
100
AcDbTextStyleTableRecord
  2
Standard
 70
     0
 40
0.0
 41
1.0
 50
0.0
 71
     0
 42
0.2
  3
txt
  4

  0
ENDTAB
  0
TABLE
  2
VIEW
  5
6
330
0
100
AcDbSymbolTable
 70
     0
  0
ENDTAB
  0
TABLE
  2
UCS
  5
7
330
0
100
AcDbSymbolTable
 70
     0
  0
ENDTAB
  0
TABLE
  2
APPID
  5
9
330
0
100
AcDbSymbolTable
 70
     4
  0
APPID
  5
12
330
9
100
AcDbSymbolTableRecord
100
AcDbRegAppTableRecord
  2
ACAD
 70
     0
  0
APPID
  5
5747
330
9
100
AcDbSymbolTableRecord
100
AcDbRegAppTableRecord
  2
ACAD_MLEADERVER
 70
     0
  0
APPID
  5
5758
330
9
100
AcDbSymbolTableRecord
100
AcDbRegAppTableRecord
  2
ACAD_EXEMPT_FROM_CAD_STANDARDS
 70
     0
  0
APPID
  5
6C25
330
9
100
AcDbSymbolTableRecord
100
AcDbRegAppTableRecord
  2
ACAD_NAV_VCDISPLAY
 70
     0
  0
ENDTAB
  0
TABLE
  2
DIMSTYLE
  5
A
330
0
100
AcDbSymbolTable
 70
     1
100
AcDbDimStyleTable
 71
     0
  0
DIMSTYLE
105
20
330
A
100
AcDbSymbolTableRecord
100
AcDbDimStyleTableRecord
  2
Standard
 70
     0
340
11
  0
ENDTAB
  0
TABLE
  2
BLOCK_RECORD
  5
1
330
0
100
AcDbSymbolTable
 70
     0
  0
BLOCK_RECORD
  5
1D
102
{ACAD_XDICTIONARY
360
6C23
102
}
330
1
100
AcDbSymbolTableRecord
100
AcDbBlockTableRecord
  2
*Model_Space
340
1E
 70
     0
280
     1
281
     0
  0
BLOCK_RECORD
  5
1B
330
1
100
AcDbSymbolTableRecord
100
AcDbBlockTableRecord
  2
*Paper_Space
340
1C
 70
     0
280
     1
281
     0
  0
ENDTAB
  0
ENDSEC
  0
SECTION
  2
BLOCKS
  0
BLOCK
  5
56E4
330
1D
100
AcDbEntity
  8
0
100
AcDbBlockBegin
  2
*Model_Space
 70
     0
 10
0.0
 20
0.0
 30
0.0
  3
*Model_Space
  1

  0
ENDBLK
  5
56E5
330
1D
100
AcDbEntity
  8
0
100
AcDbBlockEnd
  0
BLOCK
  5
56E6
330
1B
100
AcDbEntity
 67
     1
  8
0
100
AcDbBlockBegin
  2
*Paper_Space
 70
     0
 10
0.0
 20
0.0
 30
0.0
  3
*Paper_Space
  1

  0
ENDBLK
  5
56E7
330
1B
100
AcDbEntity
 67
     1
  8
0
100
AcDbBlockEnd
  0
ENDSEC
  0
SECTION
  2
ENTITIES
  0
ARC
  5
59D6
330
1D
100
AcDbEntity
  8
0
100
AcDbCircle
 10
862.6418842337114
 20
299.8971018464144
 30
0.0
 40
756.3029856008134
100
AcDbArc
 50
179.0514592827952
 51
180.7599526717609
  0
ARC
  5
59D7
330
1D
100
AcDbEntity
  8
0
100
AcDbCircle
 10
-220.3927477309026
 20
286.3803200443533
 30
0.0
 40
326.8167610088669
100
AcDbArc
 50
0.0308187385791242
 51
0.6111091534044834
  0
ARC
  5
59D8
330
1D
100
AcDbEntity
  8
0
100
AcDbCircle
 10
-19573.81866660659
 20
275.9944921620899
 30
0.0
 40
19680.24546661089
100
AcDbArc
 50
0.0000378701685454
 51
0.0307484078037447
  0
ARC
  5
59D9
330
1D
100
AcDbEntity
  8
0
100
AcDbCircle
 10
-19573.81866660659
 20
276.0205078379101
 30
0.0
 40
19680.24546661089
100
AcDbArc
 50
359.9692515921964
 51
359.9999621298315
  0
ARC
  5
59DA
330
1D
100
AcDbEntity
  8
0
100
AcDbCircle
 10
-220.3927477309026
 20
265.6346799556467
 30
0.0
 40
326.8167610088669
100
AcDbArc
 50
359.3888908465955
 51
359.9691812614209
  0
ARC
  5
59DB
330
1D
100
AcDbEntity
  8
0
100
AcDbCircle
 10
-132.3308450509819
 20
264.695231396108
 30
0.0
 40
238.7498474307793
100
AcDbArc
 50
358.9362923118164
 51
359.3889283814491
  0
ARC
  5
59DC
330
1D
100
AcDbEntity
  8
0
100
AcDbCircle
 10
106.2576000546908
 20
260.2652796688432
 30
0.0
 40
0.1202796688432062
100
AcDbArc
 50
269.9999739477487
 51
358.9363967303623
  0
ARC
  5
59DD
330
1D
100
AcDbEntity
  8
0
100
AcDbCircle
 10
106.2575993467562
 20
259.9949295694166
 30
0.0
 40
0.1500704305847769
100
AcDbArc
 50
89.99975059636817
 51
127.5660826739894
  0
ARC
  5
59DE
330
1D
100
AcDbEntity
  8
0
100
AcDbCircle
 10
106.2525583097826
 20
260.0014838182294
 30
0.0
 40
0.1418018012405761
100
AcDbArc
 50
127.5661582558498
 51
166.7594835327982
  0
ARC
  5
59DF
330
1D
100
AcDbEntity
  8
0
100
AcDbCircle
 10
106.9216649429113
 20
259.8440505211192
 30
0.0
 40
0.8291801028574937
100
AcDbArc
 50
166.7597199770655
 51
178.8809014016463
  0
ARC
  5
59E0
330
1D
100
AcDbEntity
  8
0
100
AcDbCircle
 10
128.3230480853122
 20
259.4258889010141
 30
0.0
 40
22.23464808531509
100
AcDbArc
 50
178.880649950636
 51
179.9999713993652
  0
ARC
  5
59E1
330
1D
100
AcDbEntity
  8
0
100
AcDbCircle
 10
128.3230480853122
 20
259.4259110989859
 30
0.0
 40
22.23464808531509
100
AcDbArc
 50
180.0000286006348
 51
181.119350049364
  0
ARC
  5
59E2
330
1D
100
AcDbEntity
  8
0
100
AcDbCircle
 10
106.9216649429113
 20
259.0077494788808
 30
0.0
 40
0.8291801028574907
100
AcDbArc
 50
181.1190985983536
 51
193.2402800229344
  0
ARC
  5
59E3
330
1D
100
AcDbEntity
  8
0
100
AcDbCircle
 10
106.2525583097827
 20
258.8503161817706
 30
0.0
 40
0.1418018012406077
100
AcDbArc
 50
193.2405164671729
 51
232.4338417441274
  0
ARC
  5
59E4
330
1D
100
AcDbEntity
  8
0
100
AcDbCircle
 10
106.2575993467562
 20
258.8568704305834
 30
0.0
 40
0.1500704305847776
100
AcDbArc
 50
232.4339173260105
 51
270.0002494036318
  0
ARC
  5
59E5
330
1D
100
AcDbEntity
  8
0
100
AcDbCircle
 10
106.2576001456893
 20
258.5828469483857
 30
0.0
 40
0.1239530516143933
100
AcDbArc
 50
0.3411573324733967
 51
90.00006734311979
  0
ARC
  5
59E6
330
1D
100
AcDbEntity
  8
0
100
AcDbCircle
 10
-3070.855340416926
 20
239.6663444682966
 30
0.0
 40
3177.293207459775
100
AcDbArc
 50
0.258399434678263
 51
0.3411345367011135
  0
ARC
  5
59E7
330
1D
100
AcDbEntity
  8
0
100
AcDbCircle
 10
-1712.810259954904
 20
245.7933018830966
 30
0.0
 40
1819.234305878
100
AcDbArc
 50
0.0128738631565575
 51
0.2583288887416382
  0
ARC
  5
59E8
330
1D
100
AcDbEntity
  8
0
100
AcDbCircle
 10
-111569.3242497849
 20
221.1943840391657
 30
0.0
 40
111675.7510497852
100
AcDbArc
 50
359.9999960576669
 51
0.0128303122643788
  0
ARC
  5
59E9
330
1D
100
AcDbEntity
  8
0
100
AcDbCircle
 10
111782.1778497848
 20
221.1790159607708
 30
0.0
 40
111675.751049785
100
AcDbArc
 50
179.9999960576668
 51
180.0128303122643
  0
ARC
  5
59EA
330
1D
100
AcDbEntity
  8
0
100
AcDbCircle
 10
1925.663859954911
 20
196.5800981169067
 30
0.0
 40
1819.234305878006
100
AcDbArc
 50
180.0128738631565
 51
180.2583288887417
  0
ARC
  5
59EB
330
1D
100
AcDbEntity
  8
0
100
AcDbCircle
 10
3283.708940416906
 20
202.7070555317034
 30
0.0
 40
3177.293207459755
100
AcDbArc
 50
180.2583994346782
 51
180.3411345367011
  0
ARC
  5
59EC
330
1D
100
AcDbEntity
  8
0
100
AcDbCircle
 10
106.5959998543106
 20
183.7905530516143
 30
0.0
 40
0.1239530516144413
100
AcDbArc
 50
180.3411573324732
 51
270.0000673431066
  0
ARC
  5
59ED
330
1D
100
AcDbEntity
  8
0
100
AcDbCircle
 10
106.5959998736359
 20
183.5573115966628
 30
0.0
 40
0.109288403337205
100
AcDbArc
 50
6.815429135357017
 51
89.99993375206337
  0
ARC
  5
59EE
330
1D
100
AcDbEntity
  8
0
100
AcDbCircle
 10
100.6749691805105
 20
182.8496428390642
 30
0.0
 40
6.072458662470491
100
AcDbArc
 50
2.121147216883525
 51
6.815535939048134
  0
ARC
  5
59EF
330
1D
100
AcDbEntity
  8
0
100
AcDbCircle
 10
79.02151073302391
 20
182.0476791703098
 30
0.0
 40
27.74076289844509
100
AcDbArc
 50
0.1137103354123785
 51
2.121073932450348
  0
ARC
  5
59F0
330
1D
100
AcDbEntity
  8
0
100
AcDbCircle
 10
-1407.6179743894
 20
179.0979472083509
 30
0.0
 40
1514.383174389421
100
AcDbArc
 50
0.0000095642204913
 51
0.1136843814525059
  0
ARC
  5
59F1
330
1D
100
AcDbEntity
  8
0
100
AcDbCircle
 10
-1407.6179743894
 20
179.098452791649
 30
0.0
 40
1514.383174389421
100
AcDbArc
 50
359.8863156185475
 51
359.9999904357795
  0
ARC
  5
59F2
330
1D
100
AcDbEntity
  8
0
100
AcDbCircle
 10
79.02151073302469
 20
176.1487208296901
 30
0.0
 40
27.74076289844428
100
AcDbArc
 50
357.8789260675496
 51
359.8862896645875
  0
ARC
  5
59F3
330
1D
100
AcDbEntity
  8
0
100
AcDbCircle
 10
100.6749691805101
 20
175.3467571609357
 30
0.0
 40
6.072458662470847
100
AcDbArc
 50
353.1844640609523
 51
357.8788527831168
  0
ARC
  5
59F4
330
1D
100
AcDbEntity
  8
0
100
AcDbCircle
 10
106.5959998736359
 20
174.6390884033371
 30
0.0
 40
0.1092884033372049
100
AcDbArc
 50
270.0000662479366
 51
353.184570864643
  0
ARC
  5
59F5
330
1D
100
AcDbEntity
  8
0
100
AcDbCircle
 10
106.5960004342478
 20
174.424613891376
 30
0.0
 40
0.1051861086248931
100
AcDbArc
 50
90.00023653853808
 51
162.1975919951753
  0
ARC
  5
59F6
330
1D
100
AcDbEntity
  8
0
100
AcDbCircle
 10
107.4713745520108
 20
174.1435168628989
 30
0.0
 40
1.024585578641072
100
AcDbArc
 50
162.19734902016
 51
175.8402955110725
  0
ARC
  5
59F7
330
1D
100
AcDbEntity
  8
0
100
AcDbCircle
 10
113.8578195623755
 20
173.6790490480623
 30
0.0
 40
7.427898019981342
100
AcDbArc
 50
175.8403561526559
 51
179.7576308534981
  0
ARC
  5
59F8
330
1D
100
AcDbEntity
  8
0
100
AcDbCircle
 10
462.5645738034343
 20
172.2035777146829
 30
0.0
 40
356.1377738035426
100
AcDbArc
 50
179.7575690305724
 51
180.000044678999
  0
ARC
  5
59F9
330
1D
100
AcDbEntity
  8
0
100
AcDbCircle
 10
462.564573803441
 20
172.203022285317
 30
0.0
 40
356.1377738035493
100
AcDbArc
 50
179.999955321001
 51
180.2424309694275
  0
ARC
  5
59FA
330
1D
100
AcDbEntity
  8
0
100
AcDbCircle
 10
113.8578195623755
 20
170.7275509519377
 30
0.0
 40
7.427898019981345
100
AcDbArc
 50
180.242369146502
 51
184.1596438473443
  0
ARC
  5
59FB
330
1D
100
AcDbEntity
  8
0
100
AcDbCircle
 10
107.4713745520108
 20
170.2630831371011
 30
0.0
 40
1.02458557864108
100
AcDbArc
 50
184.1597044889289
 51
197.8026509798415
  0
ARC
  5
59FC
330
1D
100
AcDbEntity
  8
0
100
AcDbCircle
 10
106.5960004342478
 20
169.981986108624
 30
0.0
 40
0.1051861086249245
100
AcDbArc
 50
197.8024080048394
 51
269.9997634614619
  0
ARC
  5
59FD
330
1D
100
AcDbEntity
  8
0
100
AcDbCircle
 10
106.5959992684775
 20
169.6907393157198
 30
0.0
 40
0.1860606842816025
100
AcDbArc
 50
61.16579770655532
 51
89.99977473397631
  0
ARC
  5
59FE
330
1D
100
AcDbEntity
  8
0
100
AcDbCircle
 10
106.6327214350417
 20
169.7574399394741
 30
0.0
 40
0.1099194292084859
100
AcDbArc
 50
18.43521529761664
 51
61.16640097768343
  0
ARC
  5
59FF
330
1D
100
AcDbEntity
  8
0
100
AcDbCircle
 10
106.3026483392582
 20
169.6474173834858
 30
0.0
 40
0.4578464494061514
100
AcDbArc
 50
1.937643248000579
 51
18.43479800101098
  0
ARC
  5
5A00
330
1D
100
AcDbEntity
  8
0
100
AcDbCircle
 10
98.07918591443794
 20
169.3691937390915
 30
0.0
 40
8.686014085564304
100
AcDbArc
 50
0.0000412989929108
 51
1.937738389605418
  0
ARC
  5
5A01
330
1D
100
AcDbEntity
  8
0
100
AcDbCircle
 10
98.07918591443709
 20
169.3692062609085
 30
0.0
 40
8.686014085565156
100
AcDbArc
 50
358.0622616103946
 51
359.9999587010071
  0
ARC
  5
5A02
330
1D
100
AcDbEntity
  8
0
100
AcDbCircle
 10
106.3026483392583
 20
169.0909826165141
 30
0.0
 40
0.4578464494060693
100
AcDbArc
 50
341.5652019989857
 51
358.0623567519956
  0
ARC
  5
5A03
330
1D
100
AcDbEntity
  8
0
100
AcDbCircle
 10
106.6327214350417
 20
168.9809600605259
 30
0.0
 40
0.1099194292084886
100
AcDbArc
 50
298.8335990223165
 51
341.5647847023834
  0
ARC
  5
5A04
330
1D
100
AcDbEntity
  8
0
100
AcDbCircle
 10
106.5959992684775
 20
169.0476606842802
 30
0.0
 40
0.1860606842816059
100
AcDbArc
 50
270.0002252660237
 51
298.8342022934446
  0
ARC
  5
5A05
330
1D
100
AcDbEntity
  8
0
100
AcDbCircle
 10
106.5960004062444
 20
168.7538739652071
 30
0.0
 40
0.1077260347936132
100
AcDbArc
 50
90.00021606747013
 51
171.3348071990246
  0
ARC
  5
5A06
330
1D
100
AcDbEntity
  8
0
100
AcDbCircle
 10
110.3259164488254
 20
168.1854289816593
 30
0.0
 40
3.88070938805966
100
AcDbArc
 50
171.3347138996953
 51
177.5103913006249
  0
ARC
  5
5A07
330
1D
100
AcDbEntity
  8
0
100
AcDbCircle
 10
126.6747962683266
 20
167.4746002308319
 30
0.0
 40
20.24503488181231
100
AcDbArc
 50
177.5104140801884
 51
179.8645002748137
  0
ARC
  5
5A08
330
1D
100
AcDbEntity
  8
0
100
AcDbCircle
 10
1186.156358267318
 20
164.9695896997177
 30
0.0
 40
1079.729558267395
100
AcDbArc
 50
179.8645310204427
 51
179.9999782274419
  0
ARC
  5
5A09
330
1D
100
AcDbEntity
  8
0
100
AcDbCircle
 10
1186.156358267318
 20
164.9704103002822
 30
0.0
 40
1079.729558267396
100
AcDbArc
 50
180.0000217725581
 51
180.1354689795572
  0
ARC
  5
5A0A
330
1D
100
AcDbEntity
  8
0
100
AcDbCircle
 10
1202.294247894575
 20
176.0582477391522
 30
0.0
 40
1095.94932278224
100
AcDbArc
 50
180.7131499410224
 51
181.8314387291233
  0
ARC
  5
5A3F
330
1D
100
AcDbEntity
  8
0
100
AcDbCircle
 10
-85.20810889403533
 20
138.167928297073
 30
0.0
 40
191.9705050105315
100
AcDbArc
 50
0.0405664853818026
 51
0.7984722939066995
  0
ARC
  5
5A40
330
1D
100
AcDbEntity
  8
0
100
AcDbCircle
 10
-11280.44914608613
 20
130.2445250386444
 30
0.0
 40
11387.21434608648
100
AcDbArc
 50
359.9999857855674
 51
0.0405511970389973
  0
ARC
  5
5A41
330
1D
100
AcDbEntity
  8
0
100
AcDbCircle
 10
-11280.44914608617
 20
130.2388749613555
 30
0.0
 40
11387.21434608652
100
AcDbArc
 50
359.959448802961
 51
0.0000142144326404
  0
ARC
  5
5A42
330
1D
100
AcDbEntity
  8
0
100
AcDbCircle
 10
-85.20818449042426
 20
122.315471202927
 30
0.0
 40
191.9705806065474
100
AcDbArc
 50
359.2015278712986
 51
359.9594336798235
  0
ARC
  5
5A43
330
1D
100
AcDbEntity
  8
0
100
AcDbCircle
 10
192.5232998226817
 20
117.8036277609672
 30
0.0
 40
85.79920474756418
100
AcDbArc
 50
178.7734218634904
 51
181.887160679191
  0
ARC
  5
5A5E
330
1D
100
AcDbEntity
  8
0
100
AcDbCircle
 10
-212.4256381107364
 20
110.6902426147829
 30
0.0
 40
319.1844547253474
100
AcDbArc
 50
0.5549486274825811
 51
0.9294335090942722
  0
ARC
  5
5A5F
330
1D
100
AcDbEntity
  8
0
100
AcDbCircle
 10
-289.1904496214122
 20
109.9466780002751
 30
0.0
 40
395.9528673349951
100
AcDbArc
 50
0.0278315554182615
 51
0.5549517974512366
  0
ARC
  5
5A60
330
1D
100
AcDbEntity
  8
0
100
AcDbCircle
 10
-23709.45102395387
 20
98.5307254387613
 30
0.0
 40
23816.216223958
100
AcDbArc
 50
359.9999662583494
 51
0.0279265986130468
  0
LINE
  5
5A61
330
1D
100
AcDbEntity
  8
0
100
AcDbLine
 10
106.7652
 20
98.5167
 30
0.0
 11
106.7652
 21
81.0468
 31
0.0
  0
ARC
  5
5C36
330
1D
100
AcDbEntity
  8
0
100
AcDbCircle
 10
117.9875136096069
 20
79.60671820257445
 30
0.0
 40
11.26348216362317
100
AcDbArc
 50
171.2878333709543
 51
286.4036504909326
  0
ARC
  5
5C37
330
1D
100
AcDbEntity
  8
0
100
AcDbCircle
 10
122.2318818718945
 20
98.58121775089685
 30
0.0
 40
29.7984979440804
100
AcDbArc
 50
267.9546340828833
 51
269.8907270062516
  0
ARC
  5
5C38
330
1D
100
AcDbEntity
  8
0
100
AcDbCircle
 10
125.2925253549987
 20
1702.716449823475
 30
0.0
 40
1633.936649823477
100
AcDbArc
 50
269.890682278489
 51
270.0000026175088
  0
ARC
  5
5C39
330
1D
100
AcDbEntity
  8
0
100
AcDbCircle
 10
125.2926746450012
 20
1702.716449823475
 30
0.0
 40
1633.936649823477
100
AcDbArc
 50
269.9999973824912
 51
270.109317721511
  0
ARC
  5
5C3A
330
1D
100
AcDbEntity
  8
0
100
AcDbCircle
 10
128.3533181281055
 20
98.5812177508977
 30
0.0
 40
29.79849794408125
100
AcDbArc
 50
270.1092729937484
 51
272.0453659171167
  0
ARC
  5
5C3B
330
1D
100
AcDbEntity
  8
0
100
AcDbCircle
 10
129.1765867539097
 20
75.52888164915676
 30
0.0
 40
6.731465820783883
100
AcDbArc
 50
272.0454674981102
 51
276.4507411388474
  0
ARC
  5
5C3C
330
1D
100
AcDbEntity
  8
0
100
AcDbCircle
 10
129.9205397065867
 20
68.94900000534889
 30
0.0
 40
0.1096602934132615
100
AcDbArc
 50
276.4507792536828
 51
359.9999972052867
  0
ARC
  5
5C3D
330
1D
100
AcDbEntity
  8
0
100
AcDbCircle
 10
130.2957601502888
 20
68.94900047334364
 30
0.0
 40
0.2655601502892706
100
AcDbArc
 50
162.6657362710356
 51
180.0001021259899
  0
ARC
  5
5C3E
330
1D
100
AcDbEntity
  8
0
100
AcDbCircle
 10
130.145062646626
 20
68.99603527698804
 30
0.0
 40
0.1076930848157009
100
AcDbArc
 50
128.6593380609854
 51
162.6651663127004
  0
ARC
  5
5C3F
330
1D
100
AcDbEntity
  8
0
100
AcDbCircle
 10
130.167199285358
 20
68.96836692201032
 30
0.0
 40
0.143127088809603
100
AcDbArc
 50
100.2877309852172
 51
128.6600655073751
  0
ARC
  5
5C40
330
1D
100
AcDbEntity
  8
0
100
AcDbCircle
 10
130.2416992115303
 20
68.55789289989413
 30
0.0
 40
0.5603071001064242
100
AcDbArc
 50
89.99991937281548
 51
100.2872228664817
  0
ARC
  5
5C41
330
1D
100
AcDbEntity
  8
0
100
AcDbCircle
 10
130.241697595552
 20
69.66190732497384
 30
0.0
 40
0.5437073249791542
100
AcDbArc
 50
270.0002533802888
 51
282.476103645377
  0
ARC
  5
5C42
330
1D
100
AcDbEntity
  8
0
100
AcDbCircle
 10
130.3387570626785
 20
69.22323640451385
 30
0.0
 40
0.0944271043871385
100
AcDbArc
 50
282.4758689063293
 51
327.9945171313386
  0
ARC
  5
5C43
330
1D
100
AcDbEntity
  8
0
100
AcDbCircle
 10
130.2603151522929
 20
69.27226282665349
 30
0.0
 40
0.186929663123327
100
AcDbArc
 50
327.994507148233
 51
356.2991326043959
  0
ARC
  5
5C44
330
1D
100
AcDbEntity
  8
0
100
AcDbCircle
 10
127.4103380452016
 20
69.45659877998924
 30
0.0
 40
3.042861954798641
100
AcDbArc
 50
356.2992664834896
 51
0.0000229722769204
  0
ARC
  5
5C45
330
1D
100
AcDbEntity
  8
0
100
AcDbCircle
 10
133.0717604659586
 20
69.45659697441212
 30
0.0
 40
2.618560465960328
100
AcDbArc
 50
176.0152992839799
 51
179.9999337982002
  0
ARC
  5
5C46
330
1D
100
AcDbEntity
  8
0
100
AcDbCircle
 10
130.705116155146
 20
69.62145434935385
 30
0.0
 40
0.2461812281546776
100
AcDbArc
 50
153.4349336114806
 51
176.015417621822
  0
ARC
  5
5C47
330
1D
100
AcDbEntity
  8
0
100
AcDbCircle
 10
130.571943496771
 20
69.68804088965675
 30
0.0
 40
0.097289575305585
100
AcDbArc
 50
111.6980932901481
 51
153.4350215361387
  0
ARC
  5
5C48
330
1D
100
AcDbEntity
  8
0
100
AcDbCircle
 10
130.6223994599114
 20
69.5612351901946
 30
0.0
 40
0.233764809806028
100
AcDbArc
 50
89.99986762424301
 51
111.6978051197292
  0
ARC
  5
5C49
330
1D
100
AcDbEntity
  8
0
100
AcDbCircle
 10
130.6223993515381
 20
69.97197740347051
 30
0.0
 40
0.1769774034716903
100
AcDbArc
 50
270.0002099371427
 51
300.637175940453
  0
ARC
  5
5C4A
330
1D
100
AcDbEntity
  8
0
100
AcDbCircle
 10
130.6539337685268
 20
69.9187362086939
 30
0.0
 40
0.1150981317008461
100
AcDbArc
 50
300.6367403999602
 51
342.8970226292376
  0
ARC
  5
5C4B
330
1D
100
AcDbEntity
  8
0
100
AcDbCircle
 10
130.2643153473105
 20
70.03862050595818
 30
0.0
 40
0.522743515437429
100
AcDbArc
 50
342.897037606084
 51
358.3008038487831
  0
ARC
  5
5C4C
330
1D
100
AcDbEntity
  8
0
100
AcDbCircle
 10
119.9393927913637
 20
70.34487922546974
 30
0.0
 40
10.85220720865618
100
AcDbArc
 50
358.3009771767028
 51
0.0001096821026501
  0
ARC
  5
5C4D
330
1D
100
AcDbEntity
  8
0
100
AcDbCircle
 10
119.9393927913637
 20
70.34492077453025
 30
0.0
 40
10.85220720865618
100
AcDbArc
 50
359.9998903178973
 51
1.699022823297218
  0
ARC
  5
5C4E
330
1D
100
AcDbEntity
  8
0
100
AcDbCircle
 10
130.2643153473104
 20
70.6511794940418
 30
0.0
 40
0.522743515437485
100
AcDbArc
 50
1.699196151216689
 51
17.10296239391557
  0
ARC
  5
5C4F
330
1D
100
AcDbEntity
  8
0
100
AcDbCircle
 10
130.653933768527
 20
70.77106379130608
 30
0.0
 40
0.1150981317008205
100
AcDbArc
 50
17.10297737077327
 51
59.363259600052
  0
ARC
  5
5C50
330
1D
100
AcDbEntity
  8
0
100
AcDbCircle
 10
130.622399351538
 20
70.7178225965295
 30
0.0
 40
0.1769774034716925
100
AcDbArc
 50
59.36282405953669
 51
89.99979006284808
  0
ARC
  5
5C51
330
1D
100
AcDbEntity
  8
0
100
AcDbCircle
 10
130.6223998910668
 20
71.00022262578367
 30
0.0
 40
0.1054226257837166
100
AcDbArc
 50
193.9555216172686
 51
270.0000592037102
  0
ARC
  5
5C52
330
1D
100
AcDbEntity
  8
0
100
AcDbCircle
 10
132.0785131236429
 20
71.3620694768144
 30
0.0
 40
1.605822202457754
100
AcDbArc
 50
183.4682351813033
 51
193.9554335267524
  0
ARC
  5
5C53
330
1D
100
AcDbEntity
  8
0
100
AcDbCircle
 10
141.0359810659924
 20
71.90495237341306
 30
0.0
 40
10.57972624571756
100
AcDbArc
 50
180.1964377841833
 51
183.4682628710196
  0
ARC
  5
5C54
330
1D
100
AcDbEntity
  8
0
100
AcDbCircle
 10
660.7694215193918
 20
73.68691587826638
 30
0.0
 40
530.3162215194856
100
AcDbArc
 50
180.000034127735
 51
180.1964440118215
  0
LINE
  5
5C55
330
1D
100
AcDbEntity
  8
0
100
AcDbLine
 10
130.4532
 20
73.6866
 30
0.0
 11
130.4532
 21
76.47839999999998
 31
0.0
  0
LINE
  5
5C56
330
1D
100
AcDbEntity
  8
0
100
AcDbLine
 10
130.4532
 20
76.47839999999998
 30
0.0
 11
130.2417
 21
76.47839999999998
 31
0.0
  0
ARC
  5
5C57
330
1D
100
AcDbEntity
  8
0
100
AcDbCircle
 10
130.2416994049922
 20
76.7974140582391
 30
0.0
 40
0.3190140582396601
100
AcDbArc
 50
247.3873941956008
 51
270.0001068649907
  0
ARC
  5
5C58
330
1D
100
AcDbEntity
  8
0
100
AcDbCircle
 10
130.1601531899559
 20
76.60163060949301
 30
0.0
 40
0.1069269440942924
100
AcDbArc
 50
196.3892201490688
 51
247.3868441036118
  0
ARC
  5
5C59
330
1D
100
AcDbEntity
  8
0
100
AcDbCircle
 10
130.6152248648124
 20
76.73547908164898
 30
0.0
 40
0.5812745410605574
100
AcDbArc
 50
180.9306409975699
 51
196.3898466319447
  0
ARC
  5
5C5A
330
1D
100
AcDbEntity
  8
0
100
AcDbCircle
 10
159.0696986463894
 20
77.19747588275041
 30
0.0
 40
29.03949864639948
100
AcDbArc
 50
179.9999524159616
 51
180.930201583391
  0
ARC
  5
5C5B
330
1D
100
AcDbEntity
  8
0
100
AcDbCircle
 10
78.37862824748504
 20
77.05380196127103
 30
0.0
 40
51.65177164078244
100
AcDbArc
 50
0.1594001813041687
 51
3.410563286808483
  0
LINE
  5
5C87
330
1D
100
AcDbEntity
  8
0
100
AcDbLine
 10
130.0576057387643
 20
80.06727549619245
 30
0.0
 11
124.4466
 21
80.03159999999999
 31
0.0
  0
LINE
  5
5C88
330
1D
100
AcDbEntity
  8
0
100
AcDbLine
 10
124.4466
 20
80.03159999999999
 30
0.0
 11
124.4466
 21
77.57819999999998
 31
0.0
  0
LINE
  5
5C89
330
1D
100
AcDbEntity
  8
0
100
AcDbLine
 10
124.4466
 20
77.57819999999998
 30
0.0
 11
124.4466
 21
75.1248
 31
0.0
  0
LINE
  5
5C8A
330
1D
100
AcDbEntity
  8
0
100
AcDbLine
 10
124.4466
 20
75.1248
 30
0.0
 11
123.0084
 21
75.1248
 31
0.0
  0
LINE
  5
5C8B
330
1D
100
AcDbEntity
  8
0
100
AcDbLine
 10
123.0084
 20
75.1248
 30
0.0
 11
121.5702
 21
75.1248
 31
0.0
  0
LINE
  5
5C8C
330
1D
100
AcDbEntity
  8
0
100
AcDbLine
 10
121.5702
 20
75.1248
 30
0.0
 11
121.5702
 21
77.9166
 31
0.0
  0
LINE
  5
5C8D
330
1D
100
AcDbEntity
  8
0
100
AcDbLine
 10
121.5702
 20
77.9166
 30
0.0
 11
121.5702
 21
80.7084
 31
0.0
  0
LINE
  5
5C8E
330
1D
100
AcDbEntity
  8
0
100
AcDbLine
 10
121.5702
 20
80.7084
 30
0.0
 11
121.2318
 21
80.7084
 31
0.0
  0
ARC
  5
5C8F
330
1D
100
AcDbEntity
  8
0
100
AcDbCircle
 10
121.231803025588
 20
83.32696046595883
 30
0.0
 40
2.618560465960555
100
AcDbArc
 50
266.0152992839759
 51
269.9999337981962
  0
ARC
  5
5C90
330
1D
100
AcDbEntity
  8
0
100
AcDbCircle
 10
121.0669456506461
 20
80.96031615514602
 30
0.0
 40
0.2461812281546502
100
AcDbArc
 50
243.4349336114776
 51
266.0154176218183
  0
ARC
  5
5C91
330
1D
100
AcDbEntity
  8
0
100
AcDbCircle
 10
121.0003591103432
 20
80.82714349677102
 30
0.0
 40
0.0972895753055914
100
AcDbArc
 50
201.6980932901776
 51
243.4350215361687
  0
ARC
  5
5C92
330
1D
100
AcDbEntity
  8
0
100
AcDbCircle
 10
121.1271648098054
 20
80.87759945991143
 30
0.0
 40
0.2337648098060571
100
AcDbArc
 50
179.9998676242324
 51
201.6978051197189
  0
ARC
  5
5C93
330
1D
100
AcDbEntity
  8
0
100
AcDbCircle
 10
120.7433295694166
 20
80.87760065324376
 30
0.0
 40
0.1500704305848053
100
AcDbArc
 50
359.9997505963682
 51
37.56608267398283
  0
ARC
  5
5C94
330
1D
100
AcDbEntity
  8
0
100
AcDbCircle
 10
120.7498838182294
 20
80.88264169021726
 30
0.0
 40
0.1418018012405882
100
AcDbArc
 50
37.56615825587508
 51
76.75948353283136
  0
ARC
  5
5C95
330
1D
100
AcDbEntity
  8
0
100
AcDbCircle
 10
120.5924505211193
 20
80.21353505708862
 30
0.0
 40
0.829180102857488
100
AcDbArc
 50
76.75971997707154
 51
88.88090140165223
  0
ARC
  5
5C96
330
1D
100
AcDbEntity
  8
0
100
AcDbCircle
 10
120.1742889010133
 20
58.81215191468843
 30
0.0
 40
22.23464808531435
100
AcDbArc
 50
88.88064995063412
 51
89.99997139936331
  0
ARC
  5
5C97
330
1D
100
AcDbEntity
  8
0
100
AcDbCircle
 10
120.1743110989866
 20
58.81215191468843
 30
0.0
 40
22.23464808531435
100
AcDbArc
 50
90.00002860063672
 51
91.1193500493659
  0
ARC
  5
5C98
330
1D
100
AcDbEntity
  8
0
100
AcDbCircle
 10
119.7561494788807
 20
80.21353505708857
 30
0.0
 40
0.8291801028575457
100
AcDbArc
 50
91.11909859834772
 51
103.2402800229285
  0
ARC
  5
5C99
330
1D
100
AcDbEntity
  8
0
100
AcDbCircle
 10
119.5987161817705
 20
80.88264169021726
 30
0.0
 40
0.1418018012405939
100
AcDbArc
 50
103.2405164671742
 51
142.4338417441284
  0
ARC
  5
5C9A
330
1D
100
AcDbEntity
  8
0
100
AcDbCircle
 10
119.6052704305833
 20
80.87760065324378
 30
0.0
 40
0.1500704305847915
100
AcDbArc
 50
142.4339173260215
 51
180.0002494036372
  0
ARC
  5
5C9B
330
1D
100
AcDbEntity
  8
0
100
AcDbCircle
 10
119.3182053078952
 20
80.87760049665059
 30
0.0
 40
0.1369946921056503
100
AcDbArc
 50
317.6715199370289
 51
359.9997922840453
  0
ARC
  5
5C9C
330
1D
100
AcDbEntity
  8
0
100
AcDbCircle
 10
119.2953772020191
 20
80.89839192272583
 30
0.0
 40
0.1678719623116922
100
AcDbArc
 50
281.3100708420724
 51
317.6718489124835
  0
ARC
  5
5C9D
330
1D
100
AcDbEntity
  8
0
100
AcDbCircle
 10
119.1110341065255
 20
81.82011189785752
 30
0.0
 40
1.107845413751378
100
AcDbArc
 50
270.882859236794
 51
281.309907822154
  0
ARC
  5
5C9E
330
1D
100
AcDbEntity
  8
0
100
AcDbCircle
 10
118.6091802529818
 20
114.3874693889063
 30
0.0
 40
33.67906938891213
100
AcDbArc
 50
270.0000335941823
 51
270.8828425985921
  0
ARC
  5
5C9F
330
1D
100
AcDbEntity
  8
0
100
AcDbCircle
 10
118.6092197470181
 20
114.3874693889063
 30
0.0
 40
33.67906938891213
100
AcDbArc
 50
269.1171574014078
 51
269.9999664058177
  0
ARC
  5
5CA0
330
1D
100
AcDbEntity
  8
0
100
AcDbCircle
 10
118.1073658934744
 20
81.82011189785752
 30
0.0
 40
1.107845413751379
100
AcDbArc
 50
258.6900921778461
 51
269.1171407632059
  0
ARC
  5
5CA1
330
1D
100
AcDbEntity
  8
0
100
AcDbCircle
 10
117.9230227979809
 20
80.89839192272583
 30
0.0
 40
0.1678719623116994
100
AcDbArc
 50
222.3281510875164
 51
258.6899291579276
  0
ARC
  5
5CA2
330
1D
100
AcDbEntity
  8
0
100
AcDbCircle
 10
117.9001946921047
 20
80.87760049665059
 30
0.0
 40
0.1369946921056502
100
AcDbArc
 50
180.0002077159547
 51
222.3284800629711
  0
ARC
  5
5CA3
330
1D
100
AcDbEntity
  8
0
100
AcDbCircle
 10
117.6296288464857
 20
80.87760003726092
 30
0.0
 40
0.1335711535143157
100
AcDbArc
 50
359.9999840168084
 51
43.82056721588193
  0
ARC
  5
5CA4
330
1D
100
AcDbEntity
  8
0
100
AcDbCircle
 10
117.5977537744396
 20
80.84701111011225
 30
0.0
 40
0.1777492327170187
100
AcDbArc
 50
43.82053468878214
 51
79.21563914646846
  0
ARC
  5
5CA5
330
1D
100
AcDbEntity
  8
0
100
AcDbCircle
 10
117.4046028452316
 20
79.83298947699218
 30
0.0
 40
1.210002667629324
100
AcDbArc
 50
79.21550907524675
 51
89.17594859517755
  0
ARC
  5
5CA6
330
1D
100
AcDbEntity
  8
0
100
AcDbCircle
 10
116.8749511669114
 20
42.99908042619581
 30
0.0
 40
38.04771957383859
100
AcDbArc
 50
89.17616729187329
 51
90.00007705187353
  0
ARC
  5
5CA7
330
1D
100
AcDbEntity
  8
0
100
AcDbCircle
 10
116.8748488330885
 20
42.99908042619581
 30
0.0
 40
38.04771957383859
100
AcDbArc
 50
89.99992294812646
 51
90.82383270812668
  0
ARC
  5
5CA8
330
1D
100
AcDbEntity
  8
0
100
AcDbCircle
 10
116.3451976547683
 20
79.83299521483245
 30
0.0
 40
1.20999693757359
100
AcDbArc
 50
90.82407898591629
 51
100.784518505847
  0
ARC
  5
5CA9
330
1D
100
AcDbEntity
  8
0
100
AcDbCircle
 10
116.1520467255603
 20
80.8470095431741
 30
0.0
 40
0.1777506784255927
100
AcDbArc
 50
100.7841080233008
 51
136.1792124809888
  0
ARC
  5
5CAA
330
1D
100
AcDbEntity
  8
0
100
AcDbCircle
 10
116.1201711535143
 20
80.8776000372609
 30
0.0
 40
0.1335711535143208
100
AcDbArc
 50
136.1794327841136
 51
180.0000159831855
  0
ARC
  5
5CAB
330
1D
100
AcDbEntity
  8
0
100
AcDbCircle
 10
115.7269809067535
 20
80.87760109286209
 30
0.0
 40
0.2596190932487852
100
AcDbArc
 50
343.4690887586513
 51
359.999758814405
  0
ARC
  5
5CAC
330
1D
100
AcDbEntity
  8
0
100
AcDbCircle
 10
115.8555623945529
 20
80.83943681106061
 30
0.0
 40
0.1254933634009349
100
AcDbArc
 50
315.0002564594348
 51
343.4696319590689
  0
ARC
  5
5CAD
330
1D
100
AcDbEntity
  8
0
100
AcDbCircle
 10
115.8555631889394
 20
80.83943760544702
 30
0.0
 40
0.125493363400932
100
AcDbArc
 50
286.5303680409312
 51
314.9997435405652
  0
ARC
  5
5CAE
330
1D
100
AcDbEntity
  8
0
100
AcDbCircle
 10
115.8173989071379
 20
80.96801909324645
 30
0.0
 40
0.2596190932487318
100
AcDbArc
 50
270.0002411855982
 51
286.5309112413523
  0
ARC
  5
5CAF
330
1D
100
AcDbEntity
  8
0
100
AcDbCircle
 10
115.8174010928621
 20
80.44878090675352
 30
0.0
 40
0.2596190932487852
100
AcDbArc
 50
90.00024118559501
 51
106.5309112413487
  0
ARC
  5
5CB0
330
1D
100
AcDbEntity
  8
0
100
AcDbCircle
 10
115.7792368110606
 20
80.57736239455298
 30
0.0
 40
0.1254933634009349
100
AcDbArc
 50
106.5303680409312
 51
134.9997435405652
  0
ARC
  5
5CB1
330
1D
100
AcDbEntity
  8
0
100
AcDbCircle
 10
115.779237605447
 20
80.57736318893939
 30
0.0
 40
0.125493363400932
100
AcDbArc
 50
135.0002564594348
 51
163.4696319590688
  0
ARC
  5
5CB2
330
1D
100
AcDbEntity
  8
0
100
AcDbCircle
 10
115.9078190932465
 20
80.53919890713791
 30
0.0
 40
0.2596190932488
100
AcDbArc
 50
163.4690887586522
 51
179.999758814405
  0
ARC
  5
5CB3
330
1D
100
AcDbEntity
  8
0
100
AcDbCircle
 10
115.3826398497111
 20
80.53919952665646
 30
0.0
 40
0.265560150289299
100
AcDbArc
 50
342.6657362710122
 51
0.0001021259653829
  0
ARC
  5
5CB4
330
1D
100
AcDbEntity
  8
0
100
AcDbCircle
 10
115.5333373533739
 20
80.49216472301191
 30
0.0
 40
0.1076930848156475
100
AcDbArc
 50
308.6593380609985
 51
342.6651663127154
  0
ARC
  5
5CB5
330
1D
100
AcDbEntity
  8
0
100
AcDbCircle
 10
115.5112007146419
 20
80.51983307798968
 30
0.0
 40
0.143127088809612
100
AcDbArc
 50
280.2877309852228
 51
308.6600655073795
  0
ARC
  5
5CB6
330
1D
100
AcDbEntity
  8
0
100
AcDbCircle
 10
115.4367007884696
 20
80.93030710010587
 30
0.0
 40
0.5603071001064292
100
AcDbArc
 50
269.9999193728184
 51
280.2872228664846
  0
ARC
  5
5CB7
330
1D
100
AcDbEntity
  8
0
100
AcDbCircle
 10
115.4366982137071
 20
79.94639869247558
 30
0.0
 40
0.423601307528188
100
AcDbArc
 50
89.99975838827737
 51
106.6653944521375
  0
ARC
  5
5CB8
330
1D
100
AcDbEntity
  8
0
100
AcDbCircle
 10
115.3422844047246
 20
80.2617888440095
 30
0.0
 40
0.0943826643576533
100
AcDbArc
 50
106.6654952978887
 51
157.3800487440151
  0
ARC
  5
5CB9
330
1D
100
AcDbEntity
  8
0
100
AcDbCircle
 10
115.5603317121357
 20
80.17093646537503
 30
0.0
 40
0.3306003245198771
100
AcDbArc
 50
157.3802169758482
 51
178.3170150755711
  0
ARC
  5
5CBA
330
1D
100
AcDbEntity
  8
0
100
AcDbCircle
 10
126.0604902820434
 20
79.86242210434001
 30
0.0
 40
10.83529028206596
100
AcDbArc
 50
178.3170263246087
 51
180.0001168852295
  0
ARC
  5
5CBB
330
1D
100
AcDbEntity
  8
0
100
AcDbCircle
 10
126.0604902820429
 20
79.86237789565997
 30
0.0
 40
10.83529028206548
100
AcDbArc
 50
179.9998831147705
 51
181.6829736753913
  0
ARC
  5
5CBC
330
1D
100
AcDbEntity
  8
0
100
AcDbCircle
 10
115.5603317121357
 20
79.55386353462497
 30
0.0
 40
0.3306003245198783
100
AcDbArc
 50
181.6829849244286
 51
202.6197830241518
  0
ARC
  5
5CBD
330
1D
100
AcDbEntity
  8
0
100
AcDbCircle
 10
115.3422844047246
 20
79.4630111559905
 30
0.0
 40
0.0943826643576583
100
AcDbArc
 50
202.6199512559847
 51
253.3345047021113
  0
ARC
  5
5CBE
330
1D
100
AcDbEntity
  8
0
100
AcDbCircle
 10
115.4366982137071
 20
79.77840130752442
 30
0.0
 40
0.4236013075281872
100
AcDbArc
 50
253.3346055478624
 51
270.0002416117226
  0
ARC
  5
5CBF
330
1D
100
AcDbEntity
  8
0
100
AcDbCircle
 10
115.4367005950077
 20
79.0357859417609
 30
0.0
 40
0.3190140582396459
100
AcDbArc
 50
67.38739419559745
 51
90.00010686498558
  0
ARC
  5
5CC0
330
1D
100
AcDbEntity
  8
0
100
AcDbCircle
 10
115.518246810044
 20
79.23156939050698
 30
0.0
 40
0.1069269440942793
100
AcDbArc
 50
16.38922014906878
 51
67.38684410360885
  0
ARC
  5
5CC1
330
1D
100
AcDbEntity
  8
0
100
AcDbCircle
 10
115.0631751351876
 20
79.09772091835097
 30
0.0
 40
0.5812745410605831
100
AcDbArc
 50
0.9306409975740555
 51
16.38984663194838
  0
ARC
  5
5CC2
330
1D
100
AcDbEntity
  8
0
100
AcDbCircle
 10
86.60870135361056
 20
78.63572411724961
 30
0.0
 40
29.03949864639948
100
AcDbArc
 50
359.9999524159617
 51
0.9302015833910465
  0
ARC
  5
5CC3
330
1D
100
AcDbEntity
  8
0
100
AcDbCircle
 10
86.60870135361056
 20
78.63567588275039
 30
0.0
 40
29.03949864639948
100
AcDbArc
 50
359.069798416609
 51
0.0000475840383087
  0
ARC
  5
5CC4
330
1D
100
AcDbEntity
  8
0
100
AcDbCircle
 10
115.0631751351876
 20
78.17367908164903
 30
0.0
 40
0.5812745410605828
100
AcDbArc
 50
343.6101533680516
 51
359.069359002426
  0
ARC
  5
5CC5
330
1D
100
AcDbEntity
  8
0
100
AcDbCircle
 10
115.518246810044
 20
78.03983060949303
 30
0.0
 40
0.1069269440942835
100
AcDbArc
 50
292.6131558963912
 51
343.6107798509312
  0
ARC
  5
5CC6
330
1D
100
AcDbEntity
  8
0
100
AcDbCircle
 10
115.4367005950077
 20
78.23561405823909
 30
0.0
 40
0.3190140582396467
100
AcDbArc
 50
269.9998931350144
 51
292.6126058044026
  0
ARC
  5
5CC7
330
1D
100
AcDbEntity
  8
0
100
AcDbCircle
 10
115.4366992115303
 20
78.47690710010588
 30
0.0
 40
0.5603071001064285
100
AcDbArc
 50
259.7127771335154
 51
270.0000806271816
  0
ARC
  5
5CC8
330
1D
100
AcDbEntity
  8
0
100
AcDbCircle
 10
115.362198785358
 20
78.06643505597833
 30
0.0
 40
0.1431289457054657
100
AcDbArc
 50
231.3402728391025
 51
259.7126073612622
  0
ARC
  5
5CC9
330
1D
100
AcDbEntity
  8
0
100
AcDbCircle
 10
115.340062146626
 20
78.0387630878831
 30
0.0
 40
0.1076921203397421
100
AcDbArc
 50
197.3340825185196
 51
231.3399107702368
  0
ARC
  5
5CCA
330
1D
100
AcDbEntity
  8
0
100
AcDbCircle
 10
115.4907601502889
 20
78.08579952665642
 30
0.0
 40
0.2655601502893436
100
AcDbArc
 50
179.9998978740223
 51
197.3342637289753
  0
ARC
  5
5CCB
330
1D
100
AcDbEntity
  8
0
100
AcDbCircle
 10
114.9655809067535
 20
78.08579890713791
 30
0.0
 40
0.2596190932487426
100
AcDbArc
 50
0.0002411855950181
 51
16.53091124134835
  0
ARC
  5
5CCC
330
1D
100
AcDbEntity
  8
0
100
AcDbCircle
 10
115.094162394553
 20
78.12396318893937
 30
0.0
 40
0.1254933634009349
100
AcDbArc
 50
16.53036804093118
 51
44.99974354056521
  0
ARC
  5
5CCD
330
1D
100
AcDbEntity
  8
0
100
AcDbCircle
 10
115.0941631889394
 20
78.12396239455296
 30
0.0
 40
0.125493363400932
100
AcDbArc
 50
45.00025645943476
 51
73.46963195906879
  0
ARC
  5
5CCE
330
1D
100
AcDbEntity
  8
0
100
AcDbCircle
 10
115.0559989071379
 20
77.99538090675348
 30
0.0
 40
0.2596190932488
100
AcDbArc
 50
73.46908875865222
 51
89.99975881440498
  0
ARC
  5
5CCF
330
1D
100
AcDbEntity
  8
0
100
AcDbCircle
 10
115.0559994599114
 20
78.48876480980544
 30
0.0
 40
0.233764809806074
100
AcDbArc
 50
248.3021948802681
 51
270.0001323757535
  0
ARC
  5
5CD0
330
1D
100
AcDbEntity
  8
0
100
AcDbCircle
 10
115.005543496771
 20
78.3619591103432
 30
0.0
 40
0.0972895753055813
100
AcDbArc
 50
206.5649784638425
 51
248.3019067098301
  0
ARC
  5
5CD1
330
1D
100
AcDbEntity
  8
0
100
AcDbCircle
 10
115.138716155146
 20
78.42854565064616
 30
0.0
 40
0.2461812281546836
100
AcDbArc
 50
183.9845823781813
 51
206.5650663885223
  0
ARC
  5
5CD2
330
1D
100
AcDbEntity
  8
0
100
AcDbCircle
 10
117.5053604659586
 20
78.59340302558806
 30
0.0
 40
2.618560465960341
100
AcDbArc
 50
180.0000662018041
 51
183.9847007160244
  0
LINE
  5
5CD3
330
1D
100
AcDbEntity
  8
0
100
AcDbLine
 10
114.8868
 20
78.5934
 30
0.0
 11
114.8868
 21
78.9318
 31
0.0
  0
LINE
  5
5CD4
330
1D
100
AcDbEntity
  8
0
100
AcDbLine
 10
114.8868
 20
78.9318
 30
0.0
 11
114.5484
 21
78.9318
 31
0.0
  0
LINE
  5
5CD5
330
1D
100
AcDbEntity
  8
0
100
AcDbLine
 10
114.5484
 20
78.9318
 30
0.0
 11
114.21
 21
78.9318
 31
0.0
  0
LINE
  5
5CD6
330
1D
100
AcDbEntity
  8
0
100
AcDbLine
 10
114.21
 20
78.9318
 30
0.0
 11
114.21
 21
79.48170000000001
 31
0.0
  0
ARC
  5
5CD7
330
1D
100
AcDbEntity
  8
0
100
AcDbCircle
 10
103.3577927913637
 20
79.4817207745298
 30
0.0
 40
10.8522072086562
100
AcDbArc
 50
359.9998903178998
 51
1.699022823299618
  0
ARC
  5
5CD8
330
1D
100
AcDbEntity
  8
0
100
AcDbCircle
 10
113.6827190444751
 20
79.78797899404186
 30
0.0
 40
0.5227398347250503
100
AcDbArc
 50
1.699262946540139
 51
17.10302918923878
  0
ARC
  5
5CD9
330
1D
100
AcDbEntity
  8
0
100
AcDbCircle
 10
114.0723324747735
 20
79.90786329130607
 30
0.0
 40
0.1150992211998168
100
AcDbArc
 50
17.10255007935021
 51
59.36283230862223
  0
ARC
  5
5CDA
330
1D
100
AcDbEntity
  8
0
100
AcDbCircle
 10
114.0407993515381
 20
79.85462259652955
 30
0.0
 40
0.1769774034716536
100
AcDbArc
 50
59.3628240595399
 51
89.99979006285268
  0
ARC
  5
5CDB
330
1D
100
AcDbEntity
  8
0
100
AcDbCircle
 10
114.0407994599115
 20
80.26536480980544
 30
0.0
 40
0.233764809806074
100
AcDbArc
 50
248.3021948802681
 51
270.0001323757535
  0
ARC
  5
5CDC
330
1D
100
AcDbEntity
  8
0
100
AcDbCircle
 10
113.990343496771
 20
80.13855911034324
 30
0.0
 40
0.0972895753056025
100
AcDbArc
 50
206.5649784638575
 51
248.3019067098441
  0
ARC
  5
5CDD
330
1D
100
AcDbEntity
  8
0
100
AcDbCircle
 10
114.123516155146
 20
80.20514565064614
 30
0.0
 40
0.2461812281546645
100
AcDbArc
 50
183.9845823781716
 51
206.5650663885135
  0
ARC
  5
5CDE
330
1D
100
AcDbEntity
  8
0
100
AcDbCircle
 10
116.4901604659586
 20
80.37000302558807
 30
0.0
 40
2.618560465960341
100
AcDbArc
 50
180.0000662018041
 51
183.9847007160244
  0
ARC
  5
5CDF
330
1D
100
AcDbEntity
  8
0
100
AcDbCircle
 10
111.2530395340414
 20
80.36999697441194
 30
0.0
 40
2.618560465960341
100
AcDbArc
 50
0.0000662018041223
 51
3.984700716024434
  0
ARC
  5
5CE0
330
1D
100
AcDbEntity
  8
0
100
AcDbCircle
 10
113.619683844854
 20
80.53485434935389
 30
0.0
 40
0.2461812281546331
100
AcDbArc
 50
3.984582378172076
 51
26.56506638851349
  0
ARC
  5
5CE1
330
1D
100
AcDbEntity
  8
0
100
AcDbCircle
 10
113.752856503229
 20
80.60144088965676
 30
0.0
 40
0.0972895753055978
100
AcDbArc
 50
26.56497846385752
 51
68.30190670984409
  0
ARC
  5
5CE2
330
1D
100
AcDbEntity
  8
0
100
AcDbCircle
 10
113.7024005400885
 20
80.47463519019457
 30
0.0
 40
0.2337648098060649
100
AcDbArc
 50
68.30219488026687
 51
90.00013237575352
  0
ARC
  5
5CE3
330
1D
100
AcDbEntity
  8
0
100
AcDbCircle
 10
113.7024006484619
 20
80.88537740347048
 30
0.0
 40
0.1769774034716903
100
AcDbArc
 50
239.3628240595469
 51
269.9997900628572
  0
ARC
  5
5CE4
330
1D
100
AcDbEntity
  8
0
100
AcDbCircle
 10
113.670866231473
 20
80.83213620869392
 30
0.0
 40
0.1150981317008534
100
AcDbArc
 50
197.1029773707602
 51
239.3632596000337
  0
ARC
  5
5CE5
330
1D
100
AcDbEntity
  8
0
100
AcDbCircle
 10
114.0604846526895
 20
80.95202050595814
 30
0.0
 40
0.5227435154374801
100
AcDbArc
 50
181.6991961512089
 51
197.1029623939076
  0
ARC
  5
5CE6
330
1D
100
AcDbEntity
  8
0
100
AcDbCircle
 10
124.3854072086363
 20
81.25827922547069
 30
0.0
 40
10.85220720865621
100
AcDbArc
 50
179.9998903179023
 51
181.6990228233022
  0
ARC
  5
5CE9
330
1D
100
AcDbEntity
  8
0
100
AcDbCircle
 10
113.4141616800336
 20
81.69754007818633
 30
0.0
 40
0.0961627965847815
100
AcDbArc
 50
21.03718522164927
 51
72.17759293727148
  0
ARC
  5
5CEA
330
1D
100
AcDbEntity
  8
0
100
AcDbCircle
 10
113.3217007916319
 20
81.40993653229264
 30
0.0
 40
0.3982634677081391
100
AcDbArc
 50
72.17794810464997
 51
90.00011388733829
  0
LINE
  5
5CEB
330
1D
100
AcDbEntity
  8
0
100
AcDbLine
 10
113.3217
 20
81.8082
 30
0.0
 11
113.1102
 21
81.8082
 31
0.0
  0
LINE
  5
5CEC
330
1D
100
AcDbEntity
  8
0
100
AcDbLine
 10
113.1102
 20
81.8082
 30
0.0
 11
113.1102
 21
82.86570000000002
 31
0.0
  0
ARC
  5
5CED
330
1D
100
AcDbEntity
  8
0
100
AcDbCircle
 10
54.74666792284086
 20
82.8657387339822
 30
0.0
 40
58.36353207717199
100
AcDbArc
 50
359.9999619746506
 51
0.647860923400665
  0
ARC
  5
5CEE
330
1D
100
AcDbEntity
  8
0
100
AcDbCircle
 10
111.4417605098714
 20
83.50683451499717
 30
0.0
 40
1.664814920146314
100
AcDbArc
 50
0.6478717324955331
 51
9.090365501520834
  0
ARC
  5
5CEF
330
1D
100
AcDbEntity
  8
0
100
AcDbCircle
 10
112.864868200614
 20
83.73453574901317
 30
0.0
 40
0.2236059306512828
100
AcDbArc
 50
9.089923477116148
 51
40.69431556731198
  0
ARC
  5
5CF0
330
1D
100
AcDbEntity
  8
0
100
AcDbCircle
 10
112.941000607568
 20
83.80000516050428
 30
0.0
 40
0.1231948394972012
100
AcDbArc
 50
40.69489703244261
 51
90.00028256933331
  0
ARC
  5
5CF1
330
1D
100
AcDbEntity
  8
0
100
AcDbCircle
 10
112.9410010928621
 20
84.18281909324646
 30
0.0
 40
0.2596190932487852
100
AcDbArc
 50
253.4690887586513
 51
269.999758814405
  0
ARC
  5
5CF2
330
1D
100
AcDbEntity
  8
0
100
AcDbCircle
 10
112.9028368110606
 20
84.05423760544701
 30
0.0
 40
0.125493363400943
100
AcDbArc
 50
225.000256459421
 51
253.4696319590564
  0
ARC
  5
5CF3
330
1D
100
AcDbEntity
  8
0
100
AcDbCircle
 10
112.902837605447
 20
84.05423681106062
 30
0.0
 40
0.125493363400932
100
AcDbArc
 50
196.5303680409312
 51
224.9997435405652
  0
ARC
  5
5CF4
330
1D
100
AcDbEntity
  8
0
100
AcDbCircle
 10
113.0314190932464
 20
84.09240109286209
 30
0.0
 40
0.2596190932487278
100
AcDbArc
 50
180.000241185595
 51
196.5309112413492
  0
ARC
  5
5CF5
330
1D
100
AcDbEntity
  8
0
100
AcDbCircle
 10
113.0314190932464
 20
84.0923989071379
 30
0.0
 40
0.2596190932487852
100
AcDbArc
 50
163.4690887586513
 51
179.999758814405
  0
ARC
  5
5CF6
330
1D
100
AcDbEntity
  8
0
100
AcDbCircle
 10
112.902837605447
 20
84.13056318893939
 30
0.0
 40
0.1254933634009349
100
AcDbArc
 50
135.0002564594348
 51
163.4696319590688
  0
ARC
  5
5CF7
330
1D
100
AcDbEntity
  8
0
100
AcDbCircle
 10
112.9028368110606
 20
84.13056239455299
 30
0.0
 40
0.125493363400932
100
AcDbArc
 50
106.5303680409312
 51
134.9997435405652
  0
ARC
  5
5CF8
330
1D
100
AcDbEntity
  8
0
100
AcDbCircle
 10
112.9410010928621
 20
84.00198090675351
 30
0.0
 40
0.2596190932487863
100
AcDbArc
 50
90.00024118559501
 51
106.5309112413487
  0
ARC
  5
5CF9
330
1D
100
AcDbEntity
  8
0
100
AcDbCircle
 10
112.9410000483887
 20
84.37336216205933
 30
0.0
 40
0.1117621620593317
100
AcDbArc
 50
269.999975193126
 51
355.2539416402134
  0
ARC
  5
5CFA
330
1D
100
AcDbEntity
  8
0
100
AcDbCircle
 10
101.0866161307558
 20
85.35753389448801
 30
0.0
 40
12.00692975505847
100
AcDbArc
 50
355.2540865292709
 51
358.3277062214047
  0
ARC
  5
5CFB
330
1D
100
AcDbEntity
  8
0
100
AcDbCircle
 10
68.77554074878337
 20
86.30093352135842
 30
0.0
 40
44.33177461461283
100
AcDbArc
 50
358.3276192326923
 51
359.9119368901571
  0
ARC
  5
5CFC
330
1D
100
AcDbEntity
  8
0
100
AcDbCircle
 10
-2376.411734738558
 20
90.05685709305911
 30
0.0
 40
2489.521934738562
100
AcDbArc
 50
359.9119900715327
 51
359.9999963845391
  0
ARC
  5
5CFD
330
1D
100
AcDbEntity
  8
0
100
AcDbCircle
 10
-2376.411734738549
 20
90.0565429069409
 30
0.0
 40
2489.521934738554
100
AcDbArc
 50
0.0000036154609255
 51
0.0880099284673338
  0
ARC
  5
5CFE
330
1D
100
AcDbEntity
  8
0
100
AcDbCircle
 10
68.77557691080449
 20
93.81246597864157
 30
0.0
 40
44.33173845340292
100
AcDbArc
 50
0.0880638278926314
 51
1.672381485357334
  0
ARC
  5
5CFF
330
1D
100
AcDbEntity
  8
0
100
AcDbCircle
 10
101.086597494085
 20
94.75586560551198
 30
0.0
 40
12.0069483692003
100
AcDbArc
 50
1.672288798374578
 51
4.745908490508448
  0
ARC
  5
5D00
330
1D
100
AcDbEntity
  8
0
100
AcDbCircle
 10
112.9410000483887
 20
95.74003783794069
 30
0.0
 40
0.1117621620593354
100
AcDbArc
 50
4.746058359779365
 51
90.00002480687403
  0
ARC
  5
5D01
330
1D
100
AcDbEntity
  8
0
100
AcDbCircle
 10
112.9409996487984
 20
95.96704998170659
 30
0.0
 40
0.1152499817071466
100
AcDbArc
 50
214.874654442981
 51
270.0001745976107
  0
ARC
  5
5D02
330
1D
100
AcDbEntity
  8
0
100
AcDbCircle
 10
113.0898419286242
 20
96.07078409572942
 30
0.0
 40
0.2966743204132887
100
AcDbArc
 50
187.5945486565185
 51
214.8743623385385
  0
ARC
  5
5D03
330
1D
100
AcDbEntity
  8
0
100
AcDbCircle
 10
115.1125425069504
 20
96.34047382286183
 30
0.0
 40
2.33727476598854
100
AcDbArc
 50
180.5090830470905
 51
187.5945418462648
  0
ARC
  5
5D04
330
1D
100
AcDbEntity
  8
0
100
AcDbCircle
 10
202.9051106904092
 20
97.12079157642625
 30
0.0
 40
90.13331069040964
100
AcDbArc
 50
179.9999946453179
 51
180.509238695537
  0
ARC
  5
5D05
330
1D
100
AcDbEntity
  8
0
100
AcDbCircle
 10
202.9051106904092
 20
97.12080842357378
 30
0.0
 40
90.13331069040964
100
AcDbArc
 50
179.4907613044629
 51
180.0000053546821
  0
ARC
  5
5D06
330
1D
100
AcDbEntity
  8
0
100
AcDbCircle
 10
115.1125425069504
 20
97.9011261771382
 30
0.0
 40
2.33727476598854
100
AcDbArc
 50
172.4054581537352
 51
179.4909169529094
  0
ARC
  5
5D07
330
1D
100
AcDbEntity
  8
0
100
AcDbCircle
 10
113.0898419286242
 20
98.17081590427058
 30
0.0
 40
0.2966743204132611
100
AcDbArc
 50
145.1256376614606
 51
172.4054513434808
  0
ARC
  5
5D08
330
1D
100
AcDbEntity
  8
0
100
AcDbCircle
 10
112.9409996487984
 20
98.27455001829338
 30
0.0
 40
0.1152499817071387
100
AcDbArc
 50
89.99982540238931
 51
145.125345557019
  0
ARC
  5
5D09
330
1D
100
AcDbEntity
  8
0
100
AcDbCircle
 10
112.9410005400885
 20
98.62356480980544
 30
0.0
 40
0.2337648098060598
100
AcDbArc
 50
269.999867624243
 51
291.6978051197299
  0
ARC
  5
5D0A
330
1D
100
AcDbEntity
  8
0
100
AcDbCircle
 10
112.991456503229
 20
98.49675911034321
 30
0.0
 40
0.0972895753055761
100
AcDbArc
 50
291.6980932901621
 51
333.4350215361537
  0
ARC
  5
5D0B
330
1D
100
AcDbEntity
  8
0
100
AcDbCircle
 10
112.8582838448539
 20
98.56334565064614
 30
0.0
 40
0.2461812281546772
100
AcDbArc
 50
333.4349336114806
 51
356.015417621822
  0
ARC
  5
5D0C
330
1D
100
AcDbEntity
  8
0
100
AcDbCircle
 10
110.4916395340414
 20
98.72820302558807
 30
0.0
 40
2.618560465960356
100
AcDbArc
 50
356.0152992839756
 51
359.9999337981959
  0
ARC
  5
5D0D
330
1D
100
AcDbEntity
  8
0
100
AcDbCircle
 10
110.4916395340414
 20
98.72819697441194
 30
0.0
 40
2.618560465960356
100
AcDbArc
 50
0.0000662018041223
 51
3.984700716024413
  0
ARC
  5
5D0E
330
1D
100
AcDbEntity
  8
0
100
AcDbCircle
 10
112.8582838448539
 20
98.89305434935387
 30
0.0
 40
0.2461812281546776
100
AcDbArc
 50
3.984582378177984
 51
26.5650663885194
  0
ARC
  5
5D0F
330
1D
100
AcDbEntity
  8
0
100
AcDbCircle
 10
112.991456503229
 20
98.9596408896568
 30
0.0
 40
0.0972895753055723
100
AcDbArc
 50
26.56497846384628
 51
68.30190670983791
  0
ARC
  5
5D10
330
1D
100
AcDbEntity
  8
0
100
AcDbCircle
 10
112.9410005400885
 20
98.83283519019457
 30
0.0
 40
0.2337648098060571
100
AcDbArc
 50
68.30219488028109
 51
90.00013237576743
  0
ARC
  5
5D11
330
1D
100
AcDbEntity
  8
0
100
AcDbCircle
 10
112.9409994599114
 20
99.30036480980543
 30
0.0
 40
0.233764809806074
100
AcDbArc
 50
248.3021948802714
 51
270.000132375757
  0
ARC
  5
5D12
330
1D
100
AcDbEntity
  8
0
100
AcDbCircle
 10
112.890543496771
 20
99.17355911034324
 30
0.0
 40
0.0972895753056025
100
AcDbArc
 50
206.5649784638575
 51
248.3019067098441
  0
ARC
  5
5D13
330
1D
100
AcDbEntity
  8
0
100
AcDbCircle
 10
113.023716155146
 20
99.24014565064613
 30
0.0
 40
0.2461812281546772
100
AcDbArc
 50
183.9845823781714
 51
206.565066388512
  0
ARC
  5
5D14
330
1D
100
AcDbEntity
  8
0
100
AcDbCircle
 10
115.3903604659586
 20
99.40500302558808
 30
0.0
 40
2.618560465960356
100
AcDbArc
 50
180.0000662018041
 51
183.9847007160244
  0
LINE
  5
5D15
330
1D
100
AcDbEntity
  8
0
100
AcDbLine
 10
112.7718
 20
99.405
 30
0.0
 11
112.7718
 21
99.74339999999999
 31
0.0
  0
LINE
  5
5D16
330
1D
100
AcDbEntity
  8
0
100
AcDbLine
 10
112.7718
 20
99.74339999999999
 30
0.0
 11
113.9985
 21
99.74339999999999
 31
0.0
  0
ARC
  5
5D17
330
1D
100
AcDbEntity
  8
0
100
AcDbCircle
 10
113.9985205080494
 20
16.53124449953445
 30
0.0
 40
83.21215550046806
100
AcDbArc
 50
89.46785187712769
 51
90.00001412082971
  0
ARC
  5
5D18
330
1D
100
AcDbEntity
  8
0
100
AcDbCircle
 10
114.7509959423393
 20
97.54637689024932
 30
0.0
 40
2.193528657237571
100
AcDbArc
 50
82.14673913302272
 51
89.46802340094528
  0
ARC
  5
5D19
330
1D
100
AcDbEntity
  8
0
100
AcDbCircle
 10
115.01237927918
 20
99.44141767447009
 30
0.0
 40
0.2805464768088656
100
AcDbArc
 50
54.04778799429138
 51
82.14677319302081
  0
ARC
  5
5D1A
330
1D
100
AcDbEntity
  8
0
100
AcDbCircle
 10
115.1086820406493
 20
99.57419994991726
 30
0.0
 40
0.1165179593507241
100
AcDbArc
 50
0.0000246273624793
 51
54.04774699146822
  0
ARC
  5
5D1B
330
1D
100
AcDbEntity
  8
0
100
AcDbCircle
 10
115.4907601502889
 20
99.57419952665642
 30
0.0
 40
0.2655601502893417
100
AcDbArc
 50
179.9998978740223
 51
197.3342637289753
  0
ARC
  5
5D1C
330
1D
100
AcDbEntity
  8
0
100
AcDbCircle
 10
115.340062146626
 20
99.52716308788312
 30
0.0
 40
0.107692120339743
100
AcDbArc
 50
197.3340825185196
 51
231.3399107702368
  0
ARC
  5
5D1D
330
1D
100
AcDbEntity
  8
0
100
AcDbCircle
 10
115.362198785358
 20
99.55483505597833
 30
0.0
 40
0.1431289457054767
100
AcDbArc
 50
231.3402728391061
 51
259.7126073612632
  0
ARC
  5
5D1E
330
1D
100
AcDbEntity
  8
0
100
AcDbCircle
 10
115.4366992115303
 20
99.96530710010588
 30
0.0
 40
0.5603071001064292
100
AcDbArc
 50
259.7127771335154
 51
270.0000806271816
  0
ARC
  5
5D1F
330
1D
100
AcDbEntity
  8
0
100
AcDbCircle
 10
115.4367007884696
 20
98.84469289989413
 30
0.0
 40
0.5603071001064285
100
AcDbArc
 50
79.71277713351537
 51
90.00008062718164
  0
ARC
  5
5D20
330
1D
100
AcDbEntity
  8
0
100
AcDbCircle
 10
115.5112007146419
 20
99.2551669220103
 30
0.0
 40
0.1431270888096115
100
AcDbArc
 50
51.33993449262042
 51
79.71226901477715
  0
ARC
  5
5D21
330
1D
100
AcDbEntity
  8
0
100
AcDbCircle
 10
115.5333373533739
 20
99.28283527698809
 30
0.0
 40
0.1076930848156762
100
AcDbArc
 50
17.33483368728013
 51
51.3406619389945
  0
ARC
  5
5D22
330
1D
100
AcDbEntity
  8
0
100
AcDbCircle
 10
115.3826398497111
 20
99.23580047334354
 30
0.0
 40
0.2655601502892979
100
AcDbArc
 50
359.9998978740316
 51
17.33426372898486
  0
ARC
  5
5D23
330
1D
100
AcDbEntity
  8
0
100
AcDbCircle
 10
115.3826398497111
 20
99.23579952665646
 30
0.0
 40
0.265560150289299
100
AcDbArc
 50
342.6657362710151
 51
0.0001021259684489
  0
ARC
  5
5D24
330
1D
100
AcDbEntity
  8
0
100
AcDbCircle
 10
115.5333373533739
 20
99.18876472301192
 30
0.0
 40
0.1076930848156475
100
AcDbArc
 50
308.6593380609985
 51
342.6651663127154
  0
ARC
  5
5D25
330
1D
100
AcDbEntity
  8
0
100
AcDbCircle
 10
115.5112007146419
 20
99.21643307798969
 30
0.0
 40
0.1431270888096186
100
AcDbArc
 50
280.287730985234
 51
308.660065507392
  0
ARC
  5
5D26
330
1D
100
AcDbEntity
  8
0
100
AcDbCircle
 10
115.4367007884696
 20
99.62690710010589
 30
0.0
 40
0.5603071001064292
100
AcDbArc
 50
269.9999193728184
 51
280.2872228664846
  0
ARC
  5
5D27
330
1D
100
AcDbEntity
  8
0
100
AcDbCircle
 10
115.4367024044479
 20
98.52289267502616
 30
0.0
 40
0.5437073249791542
100
AcDbArc
 50
90.00025338029033
 51
102.4761036453784
  0
ARC
  5
5D28
330
1D
100
AcDbEntity
  8
0
100
AcDbCircle
 10
115.3396429373215
 20
98.96156359548617
 30
0.0
 40
0.0944271043871216
100
AcDbArc
 50
102.4758689063227
 51
147.994517131334
  0
ARC
  5
5D29
330
1D
100
AcDbEntity
  8
0
100
AcDbCircle
 10
115.418084847707
 20
98.91253717334649
 30
0.0
 40
0.1869296631233496
100
AcDbArc
 50
147.9945071482219
 51
176.2991326043874
  0
ARC
  5
5D2A
330
1D
100
AcDbEntity
  8
0
100
AcDbCircle
 10
118.2680619547984
 20
98.72820122001101
 30
0.0
 40
3.042861954798641
100
AcDbArc
 50
176.2992664834939
 51
180.0000229722812
  0
ARC
  5
5D2B
330
1D
100
AcDbEntity
  8
0
100
AcDbCircle
 10
118.2680619547984
 20
98.728198779989
 30
0.0
 40
3.042861954798641
100
AcDbArc
 50
179.9999770277188
 51
183.700733516506
  0
ARC
  5
5D2C
330
1D
100
AcDbEntity
  8
0
100
AcDbCircle
 10
115.418084847707
 20
98.54386282665352
 30
0.0
 40
0.1869296631233488
100
AcDbArc
 50
183.7008673956125
 51
212.005492851778
  0
ARC
  5
5D2D
330
1D
100
AcDbEntity
  8
0
100
AcDbCircle
 10
115.3396429373215
 20
98.49483640451383
 30
0.0
 40
0.0944271043871203
100
AcDbArc
 50
212.0054828686659
 51
257.5241310936773
  0
ARC
  5
5D2E
330
1D
100
AcDbEntity
  8
0
100
AcDbCircle
 10
115.436702404448
 20
98.93350732497385
 30
0.0
 40
0.5437073249791676
100
AcDbArc
 50
257.5238963546157
 51
269.9997466197037
  0
LINE
  5
5D2F
330
1D
100
AcDbEntity
  8
0
100
AcDbLine
 10
115.4367
 20
98.38979999999999
 30
0.0
 11
115.6482
 21
98.38979999999999
 31
0.0
  0
LINE
  5
5D30
330
1D
100
AcDbEntity
  8
0
100
AcDbLine
 10
115.6482
 20
98.38979999999999
 30
0.0
 11
115.6482
 21
97.50149999999999
 31
0.0
  0
LINE
  5
5D31
330
1D
100
AcDbEntity
  8
0
100
AcDbLine
 10
115.6482
 20
97.50149999999999
 30
0.0
 11
115.6482
 21
96.61320000000001
 31
0.0
  0
LINE
  5
5D32
330
1D
100
AcDbEntity
  8
0
100
AcDbLine
 10
115.6482
 20
96.61320000000001
 30
0.0
 11
115.4367
 21
96.61320000000001
 31
0.0
  0
LINE
  5
5D33
330
1D
100
AcDbEntity
  8
0
100
AcDbLine
 10
115.4367
 20
96.61320000000001
 30
0.0
 11
115.2252
 21
96.61320000000001
 31
0.0
  0
LINE
  5
5D34
330
1D
100
AcDbEntity
  8
0
100
AcDbLine
 10
115.2252
 20
96.61320000000001
 30
0.0
 11
115.2252
 21
95.7249
 31
0.0
  0
ARC
  5
5D35
330
1D
100
AcDbEntity
  8
0
100
AcDbCircle
 10
77.1774804261948
 20
95.72484883308851
 30
0.0
 40
38.04771957383959
100
AcDbArc
 50
359.1761672918734
 51
0.0000770518735714
  0
ARC
  5
5D36
330
1D
100
AcDbEntity
  8
0
100
AcDbCircle
 10
114.0113894769923
 20
95.19519715476835
 30
0.0
 40
1.210002667629225
100
AcDbArc
 50
349.2155090752459
 51
359.1759485951769
  0
ARC
  5
5D37
330
1D
100
AcDbEntity
  8
0
100
AcDbCircle
 10
115.0254111101122
 20
95.00204622556031
 30
0.0
 40
0.1777492327170056
100
AcDbArc
 50
313.820534688795
 51
349.2156391464821
  0
ARC
  5
5D38
330
1D
100
AcDbEntity
  8
0
100
AcDbCircle
 10
115.0560000372609
 20
94.97017115351431
 30
0.0
 40
0.1335711535143311
100
AcDbArc
 50
269.9999840168084
 51
313.8205672158822
  0
ARC
  5
5D39
330
1D
100
AcDbEntity
  8
0
100
AcDbCircle
 10
115.0560010928621
 20
94.57698090675355
 30
0.0
 40
0.2596190932487426
100
AcDbArc
 50
90.00024118559817
 51
106.5309112413513
  0
ARC
  5
5D3A
330
1D
100
AcDbEntity
  8
0
100
AcDbCircle
 10
115.0178368110606
 20
94.705562394553
 30
0.0
 40
0.1254933634009349
100
AcDbArc
 50
106.5303680409312
 51
134.9997435405652
  0
ARC
  5
5D3B
330
1D
100
AcDbEntity
  8
0
100
AcDbCircle
 10
115.017837605447
 20
94.70556318893937
 30
0.0
 40
0.1254933634009722
100
AcDbArc
 50
135.0002564594348
 51
163.4696319590681
  0
ARC
  5
5D3C
330
1D
100
AcDbEntity
  8
0
100
AcDbCircle
 10
115.1464190932464
 20
94.66739890713787
 30
0.0
 40
0.2596190932487455
100
AcDbArc
 50
163.4690887586486
 51
179.9997588144018
  0
ARC
  5
5D3D
330
1D
100
AcDbEntity
  8
0
100
AcDbCircle
 10
115.0637774034704
 20
94.66740064846195
 30
0.0
 40
0.1769774034716619
100
AcDbArc
 50
180.0002099371565
 51
210.637175940468
  0
ARC
  5
5D3E
330
1D
100
AcDbEntity
  8
0
100
AcDbCircle
 10
115.0105367086939
 20
94.63586752522648
 30
0.0
 40
0.1150992211998055
100
AcDbArc
 50
210.6371676913656
 51
252.8974499206409
  0
ARC
  5
5D3F
330
1D
100
AcDbEntity
  8
0
100
AcDbCircle
 10
115.1304210059581
 20
95.02548095552496
 30
0.0
 40
0.5227398347250913
100
AcDbArc
 50
252.8969708107675
 51
268.3007370534662
  0
ARC
  5
5D40
330
1D
100
AcDbEntity
  8
0
100
AcDbCircle
 10
115.4366792254707
 20
105.3504072086363
 30
0.0
 40
10.85220720865621
100
AcDbArc
 50
268.3009771766978
 51
270.0001096820976
  0
LINE
  5
5D41
330
1D
100
AcDbEntity
  8
0
100
AcDbLine
 10
115.4367
 20
94.4982
 30
0.0
 11
115.9866
 21
94.4982
 31
0.0
  0
LINE
  5
5D42
330
1D
100
AcDbEntity
  8
0
100
AcDbLine
 10
115.9866
 20
94.4982
 30
0.0
 11
115.9866
 21
94.11750000000001
 31
0.0
  0
ARC
  5
5D43
330
1D
100
AcDbEntity
  8
0
100
AcDbCircle
 10
119.7441323823443
 20
94.11749527553521
 30
0.0
 40
3.757532382347321
100
AcDbArc
 50
179.9999279601965
 51
183.2000330318153
  0
ARC
  5
5D44
330
1D
100
AcDbEntity
  8
0
100
AcDbCircle
 10
116.2837578234427
 20
93.92402990662514
 30
0.0
 40
0.2917538353498371
100
AcDbArc
 50
183.200347837352
 51
203.9625859986245
  0
ARC
  5
5D45
330
1D
100
AcDbEntity
  8
0
100
AcDbCircle
 10
116.1075128673358
 20
93.84569961355635
 30
0.0
 40
0.0988862140079824
100
AcDbArc
 50
203.9631980363333
 51
246.571324135695
  0
ARC
  5
5D46
330
1D
100
AcDbEntity
  8
0
100
AcDbCircle
 10
116.1558009068487
 20
93.95712363949035
 30
0.0
 40
0.2203236394922265
100
AcDbArc
 50
246.5702899678148
 51
269.9997641714491
  0
ARC
  5
5D47
330
1D
100
AcDbEntity
  8
0
100
AcDbCircle
 10
116.1557989071379
 20
93.47718090675352
 30
0.0
 40
0.2596190932487852
100
AcDbArc
 50
73.46908875865131
 51
89.99975881440498
  0
ARC
  5
5D48
330
1D
100
AcDbEntity
  8
0
100
AcDbCircle
 10
116.1939631889394
 20
93.605762394553
 30
0.0
 40
0.1254933634009349
100
AcDbArc
 50
45.00025645943476
 51
73.46963195906879
  0
ARC
  5
5D49
330
1D
100
AcDbEntity
  8
0
100
AcDbCircle
 10
116.193962394553
 20
93.60576318893938
 30
0.0
 40
0.125493363400932
100
AcDbArc
 50
16.53036804093118
 51
44.99974354056521
  0
ARC
  5
5D4A
330
1D
100
AcDbEntity
  8
0
100
AcDbCircle
 10
116.0653809067535
 20
93.5675989071379
 30
0.0
 40
0.2596190932487863
100
AcDbArc
 50
0.0002411855950181
 51
16.53091124134867
  0
ARC
  5
5D4B
330
1D
100
AcDbEntity
  8
0
100
AcDbCircle
 10
116.5846190932464
 20
93.56760109286208
 30
0.0
 40
0.2596190932487283
100
AcDbArc
 50
180.000241185595
 51
196.5309112413492
  0
ARC
  5
5D4C
330
1D
100
AcDbEntity
  8
0
100
AcDbCircle
 10
116.456037605447
 20
93.52943681106062
 30
0.0
 40
0.1254933634009349
100
AcDbArc
 50
196.5303680409312
 51
224.9997435405652
  0
ARC
  5
5D4D
330
1D
100
AcDbEntity
  8
0
100
AcDbCircle
 10
116.4560368110606
 20
93.529437605447
 30
0.0
 40
0.1254933634009421
100
AcDbArc
 50
225.000256459421
 51
253.4696319590564
  0
ARC
  5
5D4E
330
1D
100
AcDbEntity
  8
0
100
AcDbCircle
 10
116.4942010928621
 20
93.65801909324648
 30
0.0
 40
0.2596190932487863
100
AcDbArc
 50
253.4690887586513
 51
269.999758814405
  0
ARC
  5
5D4F
330
1D
100
AcDbEntity
  8
0
100
AcDbCircle
 10
116.4941989071379
 20
93.65801909324643
 30
0.0
 40
0.2596190932487283
100
AcDbArc
 50
270.000241185595
 51
286.5309112413493
  0
ARC
  5
5D50
330
1D
100
AcDbEntity
  8
0
100
AcDbCircle
 10
116.5323631889393
 20
93.529437605447
 30
0.0
 40
0.125493363400943
100
AcDbArc
 50
286.5303680409436
 51
314.999743540579
  0
ARC
  5
5D51
330
1D
100
AcDbEntity
  8
0
100
AcDbCircle
 10
116.532362394553
 20
93.52943681106062
 30
0.0
 40
0.125493363400932
100
AcDbArc
 50
315.0002564594348
 51
343.4696319590689
  0
ARC
  5
5D52
330
1D
100
AcDbEntity
  8
0
100
AcDbCircle
 10
116.4037809067535
 20
93.56760109286208
 30
0.0
 40
0.2596190932487414
100
AcDbArc
 50
343.4690887586516
 51
359.999758814405
  0
ARC
  5
5D53
330
1D
100
AcDbEntity
  8
0
100
AcDbCircle
 10
116.7689077066123
 20
93.56760015955677
 30
0.0
 40
0.1055077066123927
100
AcDbArc
 50
110.0855210556089
 51
180.0000866470345
  0
ARC
  5
5D54
330
1D
100
AcDbEntity
  8
0
100
AcDbCircle
 10
117.0143254175856
 20
92.89642699849142
 30
0.0
 40
0.8201427638210157
100
AcDbArc
 50
94.57377762856145
 51
110.0852269573751
  0
ARC
  5
5D55
330
1D
100
AcDbEntity
  8
0
100
AcDbCircle
 10
117.4417099512885
 20
87.55421345298611
 30
0.0
 40
6.179424721823521
100
AcDbArc
 50
90.27110529423996
 51
94.57397105410136
  0
ARC
  5
5D56
330
1D
100
AcDbEntity
  8
0
100
AcDbCircle
 10
118.7782325156941
 20
-194.9222728958999
 30
0.0
 40
288.6590728959484
100
AcDbArc
 50
89.9999667561329
 51
90.27109025831071
  0
LINE
  5
5D57
330
1D
100
AcDbEntity
  8
0
100
AcDbLine
 10
118.7784
 20
93.7368
 30
0.0
 11
120.8934
 21
93.7368
 31
0.0
  0
LINE
  5
5D58
330
1D
100
AcDbEntity
  8
0
100
AcDbLine
 10
120.8934
 20
93.7368
 30
0.0
 11
120.8934
 21
93.9483
 31
0.0
  0
ARC
  5
5D59
330
1D
100
AcDbEntity
  8
0
100
AcDbCircle
 10
121.4537071001058
 20
93.94830078846956
 30
0.0
 40
0.5603071001063574
100
AcDbArc
 50
169.7127771335081
 51
180.0000806271743
  0
ARC
  5
5D5A
330
1D
100
AcDbEntity
  8
0
100
AcDbCircle
 10
121.0432330779896
 20
94.02280071464195
 30
0.0
 40
0.1431270888095925
100
AcDbArc
 50
141.3399344926293
 51
169.7122690147873
  0
ARC
  5
5D5B
330
1D
100
AcDbEntity
  8
0
100
AcDbCircle
 10
121.0155647230119
 20
94.04493735337393
 30
0.0
 40
0.1076930848156895
100
AcDbArc
 50
107.3348336872923
 51
141.3406619390098
  0
ARC
  5
5D5C
330
1D
100
AcDbEntity
  8
0
100
AcDbCircle
 10
121.0625995266564
 20
93.89423984971115
 30
0.0
 40
0.2655601502892893
100
AcDbArc
 50
89.99989787402542
 51
107.334263728979
  0
ARC
  5
5D5D
330
1D
100
AcDbEntity
  8
0
100
AcDbCircle
 10
121.0625989071379
 20
94.41941909324645
 30
0.0
 40
0.2596190932487283
100
AcDbArc
 50
270.000241185595
 51
286.5309112413493
  0
ARC
  5
5D5E
330
1D
100
AcDbEntity
  8
0
100
AcDbCircle
 10
121.1007631889394
 20
94.29083760544704
 30
0.0
 40
0.1254933634009349
100
AcDbArc
 50
286.5303680409312
 51
314.9997435405652
  0
ARC
  5
5D5F
330
1D
100
AcDbEntity
  8
0
100
AcDbCircle
 10
121.100762394553
 20
94.29083681106064
 30
0.0
 40
0.1254933634009421
100
AcDbArc
 50
315.000256459421
 51
343.4696319590563
  0
ARC
  5
5D60
330
1D
100
AcDbEntity
  8
0
100
AcDbCircle
 10
120.9721809067536
 20
94.32900109286208
 30
0.0
 40
0.2596190932487318
100
AcDbArc
 50
343.4690887586477
 51
359.9997588144018
  0
ARC
  5
5D61
330
1D
100
AcDbEntity
  8
0
100
AcDbCircle
 10
121.4914190932465
 20
94.32899890713795
 30
0.0
 40
0.2596190932487852
100
AcDbArc
 50
163.4690887586642
 51
179.9997588144175
  0
ARC
  5
5D62
330
1D
100
AcDbEntity
  8
0
100
AcDbCircle
 10
121.362837605447
 20
94.36716318893935
 30
0.0
 40
0.1254933634009566
100
AcDbArc
 50
135.0002564594256
 51
163.4696319590581
  0
ARC
  5
5D63
330
1D
100
AcDbEntity
  8
0
100
AcDbCircle
 10
121.3628368110606
 20
94.36716239455298
 30
0.0
 40
0.125493363400932
100
AcDbArc
 50
106.5303680409312
 51
134.9997435405652
  0
ARC
  5
5D64
330
1D
100
AcDbEntity
  8
0
100
AcDbCircle
 10
121.4010010928621
 20
94.2385809067535
 30
0.0
 40
0.2596190932488
100
AcDbArc
 50
90.00024118559501
 51
106.5309112413477
  0
ARC
  5
5D65
330
1D
100
AcDbEntity
  8
0
100
AcDbCircle
 10
121.400999740974
 20
94.60343212694771
 30
0.0
 40
0.1052321269480449
100
AcDbArc
 50
270.0001410320059
 51
344.8031584056127
  0
ARC
  5
5D66
330
1D
100
AcDbEntity
  8
0
100
AcDbCircle
 10
120.1785018407427
 20
94.93550870640062
 30
0.0
 40
1.372029652478504
100
AcDbArc
 50
344.8030127502793
 51
356.3086428085347
  0
ARC
  5
5D67
330
1D
100
AcDbEntity
  8
0
100
AcDbCircle
 10
112.1977914340946
 20
95.45039547922106
 30
0.0
 40
9.369332134165713
100
AcDbArc
 50
356.308604618748
 51
359.7889410750326
  0
ARC
  5
5D68
330
1D
100
AcDbEntity
  8
0
100
AcDbCircle
 10
-341.2208797227624
 20
97.12067469612131
 30
0.0
 40
462.7910797227793
100
AcDbArc
 50
359.7889379211831
 51
0.0000155132277179
  0
LINE
  5
5D69
330
1D
100
AcDbEntity
  8
0
100
AcDbLine
 10
121.5702
 20
97.1208
 30
0.0
 11
121.5702
 21
99.74339999999999
 31
0.0
  0
LINE
  5
5D6A
330
1D
100
AcDbEntity
  8
0
100
AcDbLine
 10
121.5702
 20
99.74339999999999
 30
0.0
 11
123.0084
 21
99.74339999999999
 31
0.0
  0
LINE
  5
5D6B
330
1D
100
AcDbEntity
  8
0
100
AcDbLine
 10
123.0084
 20
99.74339999999999
 30
0.0
 11
124.4466
 21
99.74339999999999
 31
0.0
  0
LINE
  5
5D6C
330
1D
100
AcDbEntity
  8
0
100
AcDbLine
 10
124.4466
 20
99.74339999999999
 30
0.0
 11
124.5461498696968
 21
94.91254528270792
 31
0.0
  0
ARC
  5
5D9E
330
1D
100
AcDbEntity
  8
0
100
AcDbCircle
 10
124.577637605447
 20
94.9676368110606
 30
0.0
 40
0.1254933634009349
100
AcDbArc
 50
196.5303680409312
 51
224.9997435405652
  0
ARC
  5
5D9F
330
1D
100
AcDbEntity
  8
0
100
AcDbCircle
 10
124.5776368110606
 20
94.967637605447
 30
0.0
 40
0.125493363400932
100
AcDbArc
 50
225.0002564594347
 51
253.4696319590688
  0
ARC
  5
5DA0
330
1D
100
AcDbEntity
  8
0
100
AcDbCircle
 10
124.615801092862
 20
95.09621909324645
 30
0.0
 40
0.2596190932487455
100
AcDbArc
 50
253.4690887586486
 51
269.9997588144019
  0
ARC
  5
5DA1
330
1D
100
AcDbEntity
  8
0
100
AcDbCircle
 10
124.6158005400885
 20
94.60283519019457
 30
0.0
 40
0.233764809806074
100
AcDbArc
 50
68.30219488026815
 51
90.00013237575352
  0
ARC
  5
5DA2
330
1D
100
AcDbEntity
  8
0
100
AcDbCircle
 10
124.666256503229
 20
94.72964088965678
 30
0.0
 40
0.0972895753056025
100
AcDbArc
 50
26.56497846385752
 51
68.30190670984409
  0
ARC
  5
5DA3
330
1D
100
AcDbEntity
  8
0
100
AcDbCircle
 10
124.5330838448539
 20
94.66305434935387
 30
0.0
 40
0.2461812281546645
100
AcDbArc
 50
3.984582378171616
 51
26.56506638851349
  0
ARC
  5
5DA4
330
1D
100
AcDbEntity
  8
0
100
AcDbCircle
 10
122.1664395340414
 20
94.49819697441192
 30
0.0
 40
2.618560465960341
100
AcDbArc
 50
0.0000662018041223
 51
3.984700716024434
  0
LINE
  5
5DA5
330
1D
100
AcDbEntity
  8
0
100
AcDbLine
 10
124.785
 20
94.4982
 30
0.0
 11
124.785
 21
94.15980000000001
 31
0.0
  0
LINE
  5
5DA6
330
1D
100
AcDbEntity
  8
0
100
AcDbLine
 10
124.785
 20
94.15980000000001
 30
0.0
 11
125.2926
 21
94.15980000000001
 31
0.0
  0
ARC
  5
5DA7
330
1D
100
AcDbEntity
  8
0
100
AcDbCircle
 10
125.292593739091
 20
102.8458140855629
 30
0.0
 40
8.686014085565172
100
AcDbArc
 50
270.0000412989957
 51
271.937738389608
  0
ARC
  5
5DA8
330
1D
100
AcDbEntity
  8
0
100
AcDbCircle
 10
125.5708173834859
 20
94.62235166074169
 30
0.0
 40
0.457846449406053
100
AcDbArc
 50
271.9376432479974
 51
288.4347980010076
  0
ARC
  5
5DA9
330
1D
100
AcDbEntity
  8
0
100
AcDbCircle
 10
125.680839939474
 20
94.29227856495826
 30
0.0
 40
0.1099194292085066
100
AcDbArc
 50
288.4352152976214
 51
331.1664009776905
  0
ARC
  5
5DAA
330
1D
100
AcDbEntity
  8
0
100
AcDbCircle
 10
125.6141393157198
 20
94.32900073152245
 30
0.0
 40
0.1860606842815742
100
AcDbArc
 50
331.165797706555
 51
359.9997747339763
  0
ARC
  5
5DAB
330
1D
100
AcDbEntity
  8
0
100
AcDbCircle
 10
126.0657601502889
 20
94.32900047334358
 30
0.0
 40
0.2655601502893274
100
AcDbArc
 50
162.6657362710237
 51
180.0001021259776
  0
ARC
  5
5DAC
330
1D
100
AcDbEntity
  8
0
100
AcDbCircle
 10
125.915062646626
 20
94.37603527698806
 30
0.0
 40
0.1076930848156695
100
AcDbArc
 50
128.6593380609889
 51
162.6651663127032
  0
ARC
  5
5DAD
330
1D
100
AcDbEntity
  8
0
100
AcDbCircle
 10
125.937199285358
 20
94.34836692201034
 30
0.0
 40
0.1431270888095809
100
AcDbArc
 50
100.2877309852248
 51
128.6600655073822
  0
ARC
  5
5DAE
330
1D
100
AcDbEntity
  8
0
100
AcDbCircle
 10
126.0116992115303
 20
93.93789289989404
 30
0.0
 40
0.5603071001065018
100
AcDbArc
 50
89.99991937281837
 51
100.2872228664847
  0
ARC
  5
5DAF
330
1D
100
AcDbEntity
  8
0
100
AcDbCircle
 10
126.0117007884696
 20
93.93789289989411
 30
0.0
 40
0.5603071001064285
100
AcDbArc
 50
79.71277713351537
 51
90.00008062718164
  0
ARC
  5
5DB0
330
1D
100
AcDbEntity
  8
0
100
AcDbCircle
 10
126.0862007146419
 20
94.34836692201031
 30
0.0
 40
0.1431270888096115
100
AcDbArc
 50
51.33993449262042
 51
79.71226901477715
  0
ARC
  5
5DB1
330
1D
100
AcDbEntity
  8
0
100
AcDbCircle
 10
126.1083373533739
 20
94.3760352769881
 30
0.0
 40
0.1076930848156473
100
AcDbArc
 50
17.33483368728463
 51
51.34066193900157
  0
ARC
  5
5DB2
330
1D
100
AcDbEntity
  8
0
100
AcDbCircle
 10
125.9576398497111
 20
94.32900047334356
 30
0.0
 40
0.2655601502893428
100
AcDbArc
 50
359.9998978740316
 51
17.33426372898505
  0
ARC
  5
5DB3
330
1D
100
AcDbEntity
  8
0
100
AcDbCircle
 10
126.4569648098054
 20
94.32899945991136
 30
0.0
 40
0.2337648098060314
100
AcDbArc
 50
179.9998676242255
 51
201.6978051197105
  0
ARC
  5
5DB4
330
1D
100
AcDbEntity
  8
0
100
AcDbCircle
 10
126.3301591103432
 20
94.27854349677105
 30
0.0
 40
0.0972895753056262
100
AcDbArc
 50
201.6980932901684
 51
243.43502153615
  0
ARC
  5
5DB5
330
1D
100
AcDbEntity
  8
0
100
AcDbCircle
 10
126.3967456506461
 20
94.41171615514605
 30
0.0
 40
0.2461812281546454
100
AcDbArc
 50
243.434933611488
 51
266.0154176218282
  0
ARC
  5
5DB6
330
1D
100
AcDbEntity
  8
0
100
AcDbCircle
 10
126.561603025588
 20
96.77836046595881
 30
0.0
 40
2.618560465960555
100
AcDbArc
 50
266.0152992839756
 51
269.9999337981959
  0
ARC
  5
5DB7
330
1D
100
AcDbEntity
  8
0
100
AcDbCircle
 10
126.5615969744119
 20
96.77836046595881
 30
0.0
 40
2.618560465960555
100
AcDbArc
 50
270.0000662018041
 51
273.9847007160244
  0
ARC
  5
5DB8
330
1D
100
AcDbEntity
  8
0
100
AcDbCircle
 10
126.7264543493539
 20
94.41171615514605
 30
0.0
 40
0.2461812281546472
100
AcDbArc
 50
273.9845823781718
 51
296.565066388512
  0
ARC
  5
5DB9
330
1D
100
AcDbEntity
  8
0
100
AcDbCircle
 10
126.7930408896567
 20
94.27854349677105
 30
0.0
 40
0.0972895753056232
100
AcDbArc
 50
296.56497846385
 51
338.3019067098317
  0
ARC
  5
5DBA
330
1D
100
AcDbEntity
  8
0
100
AcDbCircle
 10
126.6662351901945
 20
94.32899945991144
 30
0.0
 40
0.2337648098060306
100
AcDbArc
 50
338.3021948802785
 51
0.0001323757639636
  0
ARC
  5
5DBB
330
1D
100
AcDbEntity
  8
0
100
AcDbCircle
 10
127.1596190932465
 20
94.32899890713787
 30
0.0
 40
0.2596190932487994
100
AcDbArc
 50
163.4690887586522
 51
179.999758814405
  0
ARC
  5
5DBC
330
1D
100
AcDbEntity
  8
0
100
AcDbCircle
 10
127.031037605447
 20
94.36716318893941
 30
0.0
 40
0.1254933634009349
100
AcDbArc
 50
135.0002564594348
 51
163.4696319590688
  0
ARC
  5
5DBD
330
1D
100
AcDbEntity
  8
0
100
AcDbCircle
 10
127.0310368110606
 20
94.36716239455298
 30
0.0
 40
0.125493363400932
100
AcDbArc
 50
106.5303680409312
 51
134.9997435405652
  0
ARC
  5
5DBE
330
1D
100
AcDbEntity
  8
0
100
AcDbCircle
 10
127.0692010928621
 20
94.23858090675356
 30
0.0
 40
0.2596190932487414
100
AcDbArc
 50
90.00024118559501
 51
106.5309112413483
  0
ARC
  5
5DBF
330
1D
100
AcDbEntity
  8
0
100
AcDbCircle
 10
127.0691989071379
 20
94.7578190932465
 30
0.0
 40
0.2596190932487994
100
AcDbArc
 50
270.000241185595
 51
286.5309112413478
  0
ARC
  5
5DC0
330
1D
100
AcDbEntity
  8
0
100
AcDbCircle
 10
127.1073631889394
 20
94.629237605447
 30
0.0
 40
0.1254933634009349
100
AcDbArc
 50
286.5303680409312
 51
314.9997435405652
  0
ARC
  5
5DC1
330
1D
100
AcDbEntity
  8
0
100
AcDbCircle
 10
127.107362394553
 20
94.6292368110606
 30
0.0
 40
0.125493363400932
100
AcDbArc
 50
315.0002564594348
 51
343.4696319590689
  0
ARC
  5
5DC2
330
1D
100
AcDbEntity
  8
0
100
AcDbCircle
 10
126.9787809067535
 20
94.6674010928621
 30
0.0
 40
0.2596190932487863
100
AcDbArc
 50
343.4690887586513
 51
359.999758814405
  0
ARC
  5
5DC3
330
1D
100
AcDbEntity
  8
0
100
AcDbCircle
 10
127.4153774034704
 20
94.66739935153809
 30
0.0
 40
0.1769774034716619
100
AcDbArc
 50
149.3628240595422
 51
179.9997900628526
  0
ARC
  5
5DC4
330
1D
100
AcDbEntity
  8
0
100
AcDbCircle
 10
127.3621362086939
 20
94.69893376852692
 30
0.0
 40
0.11509813170089
100
AcDbArc
 50
107.1029773707696
 51
149.3632596000446
  0
ARC
  5
5DC5
330
1D
100
AcDbEntity
  8
0
100
AcDbCircle
 10
127.482020505958
 20
94.30931534731056
 30
0.0
 40
0.5227435154373642
100
AcDbArc
 50
91.69919615120459
 51
107.1029623939034
  0
ARC
  5
5DC6
330
1D
100
AcDbEntity
  8
0
100
AcDbCircle
 10
127.7882792254707
 20
83.98439279136319
 30
0.0
 40
10.85220720865669
100
AcDbArc
 50
89.9998903179023
 51
91.69902282330218
  0
ARC
  5
5DC7
330
1D
100
AcDbEntity
  8
0
100
AcDbCircle
 10
127.7883207745298
 20
105.6888072086363
 30
0.0
 40
10.85220720865621
100
AcDbArc
 50
269.9998903178997
 51
271.6990228232996
  0
ARC
  5
5DC8
330
1D
100
AcDbEntity
  8
0
100
AcDbCircle
 10
128.0945794940419
 20
95.36388465268947
 30
0.0
 40
0.5227435154374111
100
AcDbArc
 50
271.699196151206
 51
287.1029623939051
  0
ARC
  5
5DC9
330
1D
100
AcDbEntity
  8
0
100
AcDbCircle
 10
128.214463791306
 20
94.97426623147305
 30
0.0
 40
0.1150981317008874
100
AcDbArc
 50
287.1029773707853
 51
329.3632596000567
  0
ARC
  5
5DCA
330
1D
100
AcDbEntity
  8
0
100
AcDbCircle
 10
128.1612225965296
 20
95.00580064846195
 30
0.0
 40
0.1769774034716241
100
AcDbArc
 50
329.3628240595289
 51
359.9997900628435
  0
ARC
  5
5DCB
330
1D
100
AcDbEntity
  8
0
100
AcDbCircle
 10
128.5978190932465
 20
95.00579890713794
 30
0.0
 40
0.2596190932487994
100
AcDbArc
 50
163.4690887586651
 51
179.9997588144175
  0
ARC
  5
5DCC
330
1D
100
AcDbEntity
  8
0
100
AcDbCircle
 10
128.469237605447
 20
95.04396318893929
 30
0.0
 40
0.1254933634009511
100
AcDbArc
 50
135.0002564594072
 51
163.4696319590439
  0
ARC
  5
5DCD
330
1D
100
AcDbEntity
  8
0
100
AcDbCircle
 10
128.4692368110606
 20
95.04396239455299
 30
0.0
 40
0.125493363400932
100
AcDbArc
 50
106.5303680409312
 51
134.9997435405652
  0
ARC
  5
5DCE
330
1D
100
AcDbEntity
  8
0
100
AcDbCircle
 10
128.507401092862
 20
94.9153809067536
 30
0.0
 40
0.2596190932486788
100
AcDbArc
 50
90.0002411855919
 51
106.5309112413459
  0
ARC
  5
5DCF
330
1D
100
AcDbEntity
  8
0
100
AcDbCircle
 10
128.5073989071379
 20
95.43461909324648
 30
0.0
 40
0.2596190932487852
100
AcDbArc
 50
270.0002411855919
 51
286.5309112413457
  0
ARC
  5
5DD0
330
1D
100
AcDbEntity
  8
0
100
AcDbCircle
 10
128.5455631889393
 20
95.306037605447
 30
0.0
 40
0.125493363400943
100
AcDbArc
 50
286.5303680409436
 51
314.9997435405744
  0
ARC
  5
5DD1
330
1D
100
AcDbEntity
  8
0
100
AcDbCircle
 10
128.5455623945529
 20
95.30603681106059
 30
0.0
 40
0.125493363400932
100
AcDbArc
 50
315.0002564594348
 51
343.4696319590689
  0
ARC
  5
5DD2
330
1D
100
AcDbEntity
  8
0
100
AcDbCircle
 10
128.4169809067535
 20
95.34420109286214
 30
0.0
 40
0.2596190932487985
100
AcDbArc
 50
343.4690887586423
 51
359.9997588143956
  0
ARC
  5
5DD3
330
1D
100
AcDbEntity
  8
0
100
AcDbCircle
 10
128.9362190932464
 20
95.34419890713795
 30
0.0
 40
0.2596190932487142
100
AcDbArc
 50
163.4690887586628
 51
179.9997588144175
  0
ARC
  5
5DD4
330
1D
100
AcDbEntity
  8
0
100
AcDbCircle
 10
128.807637605447
 20
95.38236318893938
 30
0.0
 40
0.1254933634009621
100
AcDbArc
 50
135.0002564594393
 51
163.4696319590725
  0
ARC
  5
5DD5
330
1D
100
AcDbEntity
  8
0
100
AcDbCircle
 10
128.8076368110606
 20
95.38236239455299
 30
0.0
 40
0.125493363400932
100
AcDbArc
 50
106.5303680409312
 51
134.9997435405652
  0
ARC
  5
5DD6
330
1D
100
AcDbEntity
  8
0
100
AcDbCircle
 10
128.8458010928621
 20
95.25378090675351
 30
0.0
 40
0.2596190932487823
100
AcDbArc
 50
90.0002411855919
 51
106.5309112413457
  0
ARC
  5
5DD7
330
1D
100
AcDbEntity
  8
0
100
AcDbCircle
 10
128.8457989071379
 20
95.77301909324647
 30
0.0
 40
0.2596190932487852
100
AcDbArc
 50
270.0002411855919
 51
286.5309112413457
  0
ARC
  5
5DD8
330
1D
100
AcDbEntity
  8
0
100
AcDbCircle
 10
128.8839631889394
 20
95.64443760544703
 30
0.0
 40
0.1254933634009349
100
AcDbArc
 50
286.5303680409312
 51
314.9997435405652
  0
ARC
  5
5DD9
330
1D
100
AcDbEntity
  8
0
100
AcDbCircle
 10
128.8839623945529
 20
95.64443681106061
 30
0.0
 40
0.125493363400932
100
AcDbArc
 50
315.0002564594348
 51
343.4696319590689
  0
ARC
  5
5DDA
330
1D
100
AcDbEntity
  8
0
100
AcDbCircle
 10
128.7553809067536
 20
95.68260109286205
 30
0.0
 40
0.2596190932487157
100
AcDbArc
 50
343.4690887586598
 51
359.9997588144144
  0
ARC
  5
5DDB
330
1D
100
AcDbEntity
  8
0
100
AcDbCircle
 10
129.2746190932465
 20
95.68259890713786
 30
0.0
 40
0.2596190932487994
100
AcDbArc
 50
163.4690887586423
 51
179.9997588143956
  0
ARC
  5
5DDC
330
1D
100
AcDbEntity
  8
0
100
AcDbCircle
 10
129.146037605447
 20
95.72076318893939
 30
0.0
 40
0.1254933634009349
100
AcDbArc
 50
135.0002564594348
 51
163.4696319590688
  0
ARC
  5
5DDD
330
1D
100
AcDbEntity
  8
0
100
AcDbCircle
 10
129.1460368110606
 20
95.72076239455295
 30
0.0
 40
0.1254933634009521
100
AcDbArc
 50
106.5303680409436
 51
134.9997435405744
  0
ARC
  5
5DDE
330
1D
100
AcDbEntity
  8
0
100
AcDbCircle
 10
129.1842010928621
 20
95.59218090675349
 30
0.0
 40
0.259619093248796
100
AcDbArc
 50
90.0002411855919
 51
106.5309112413448
  0
ARC
  5
5DDF
330
1D
100
AcDbEntity
  8
0
100
AcDbCircle
 10
129.1842004733436
 20
96.11736015028885
 30
0.0
 40
0.2655601502892564
100
AcDbArc
 50
269.9998978740223
 51
287.334263728975
  0
ARC
  5
5DE0
330
1D
100
AcDbEntity
  8
0
100
AcDbCircle
 10
129.2312369121169
 20
95.9666621466261
 30
0.0
 40
0.1076921203397888
100
AcDbArc
 50
287.3340825184961
 51
321.3399107702132
  0
ARC
  5
5DE1
330
1D
100
AcDbEntity
  8
0
100
AcDbCircle
 10
129.2035649440216
 20
95.98879878535807
 30
0.0
 40
0.1431289457055012
100
AcDbArc
 50
321.3402728391212
 51
349.7126073612764
  0
ARC
  5
5DE2
330
1D
100
AcDbEntity
  8
0
100
AcDbCircle
 10
128.7930928998942
 20
96.06329921153038
 30
0.0
 40
0.5603071001063313
100
AcDbArc
 50
349.7127771335137
 51
0.0000806271801779
  0
ARC
  5
5DE3
330
1D
100
AcDbEntity
  8
0
100
AcDbCircle
 10
129.9137071001059
 20
96.0633007884695
 30
0.0
 40
0.5603071001064427
100
AcDbArc
 50
169.7127771334994
 51
180.0000806271657
  0
ARC
  5
5DE4
330
1D
100
AcDbEntity
  8
0
100
AcDbCircle
 10
129.5032330779896
 20
96.13780071464196
 30
0.0
 40
0.1431270888095505
100
AcDbArc
 50
141.3399344926231
 51
169.7122690147843
  0
ARC
  5
5DE5
330
1D
100
AcDbEntity
  8
0
100
AcDbCircle
 10
129.4755647230119
 20
96.15993735337395
 30
0.0
 40
0.1076930848156717
100
AcDbArc
 50
107.334833687304
 51
141.3406619390216
  0
ARC
  5
5DE6
330
1D
100
AcDbEntity
  8
0
100
AcDbCircle
 10
129.5225995266564
 20
96.00923984971108
 30
0.0
 40
0.2655601502893436
100
AcDbArc
 50
89.99989787402235
 51
107.3342637289753
  0
ARC
  5
5DE7
330
1D
100
AcDbEntity
  8
0
100
AcDbCircle
 10
129.5226005400885
 20
96.50856480980543
 30
0.0
 40
0.2337648098060456
100
AcDbArc
 50
269.99986762425
 51
291.6978051197343
  0
ARC
  5
5DE8
330
1D
100
AcDbEntity
  8
0
100
AcDbCircle
 10
129.573056503229
 20
96.38175911034323
 30
0.0
 40
0.0972895753056077
100
AcDbArc
 50
291.6980932901637
 51
333.4350215361463
  0
ARC
  5
5DE9
330
1D
100
AcDbEntity
  8
0
100
AcDbCircle
 10
129.4398838448539
 20
96.44834565064615
 30
0.0
 40
0.2461812281546836
100
AcDbArc
 50
333.4349336114776
 51
356.0154176218187
  0
ARC
  5
5DEA
330
1D
100
AcDbEntity
  8
0
100
AcDbCircle
 10
127.0732395340414
 20
96.61320302558788
 30
0.0
 40
2.618560465960341
100
AcDbArc
 50
356.0152992839799
 51
359.9999337982002
  0
ARC
  5
5DEB
330
1D
100
AcDbEntity
  8
0
100
AcDbCircle
 10
132.3103604659584
 20
96.61319697441214
 30
0.0
 40
2.618560465960128
100
AcDbArc
 50
176.0152992839799
 51
179.9999337982002
  0
ARC
  5
5DEC
330
1D
100
AcDbEntity
  8
0
100
AcDbCircle
 10
129.943716155146
 20
96.77805434935386
 30
0.0
 40
0.2461812281546776
100
AcDbArc
 50
153.4349336114806
 51
176.015417621822
  0
ARC
  5
5DED
330
1D
100
AcDbEntity
  8
0
100
AcDbCircle
 10
129.810543496771
 20
96.84464088965677
 30
0.0
 40
0.0972895753056105
100
AcDbArc
 50
111.6980932901636
 51
153.4350215361462
  0
ARC
  5
5DEE
330
1D
100
AcDbEntity
  8
0
100
AcDbCircle
 10
129.8609994599114
 20
96.71783519019459
 30
0.0
 40
0.2337648098060385
100
AcDbArc
 50
89.99986762424997
 51
111.6978051197357
  0
ARC
  5
5DEF
330
1D
100
AcDbEntity
  8
0
100
AcDbCircle
 10
129.8610000372609
 20
97.08517115351432
 30
0.0
 40
0.1335711535143441
100
AcDbArc
 50
269.9999840168206
 51
313.8205672158909
  0
ARC
  5
5DF0
330
1D
100
AcDbEntity
  8
0
100
AcDbCircle
 10
129.8304095431741
 20
97.11704672556038
 30
0.0
 40
0.1777506784255957
100
AcDbArc
 50
313.8207875190112
 51
349.2158919766992
  0
ARC
  5
5DF1
330
1D
100
AcDbEntity
  8
0
100
AcDbCircle
 10
128.8163952148325
 20
97.3101976547683
 30
0.0
 40
1.209996937573559
100
AcDbArc
 50
349.2154814941568
 51
359.1759210140877
  0
ARC
  5
5DF2
330
1D
100
AcDbEntity
  8
0
100
AcDbCircle
 10
91.9824804261958
 20
97.83984883308953
 30
0.0
 40
38.04771957383862
100
AcDbArc
 50
359.1761672918718
 51
0.000077051872052
  0
LINE
  5
5DF3
330
1D
100
AcDbEntity
  8
0
100
AcDbLine
 10
130.0302
 20
97.83990000000001
 30
0.0
 11
130.0302
 21
98.7282
 31
0.0
  0
LINE
  5
5DF4
330
1D
100
AcDbEntity
  8
0
100
AcDbLine
 10
130.0302
 20
98.7282
 30
0.0
 11
130.2417
 21
98.7282
 31
0.0
  0
LINE
  5
5DF5
330
1D
100
AcDbEntity
  8
0
100
AcDbLine
 10
130.2417
 20
98.7282
 30
0.0
 11
130.4532
 21
98.7282
 31
0.0
  0
LINE
  5
5DF6
330
1D
100
AcDbEntity
  8
0
100
AcDbLine
 10
130.4532
 20
98.7282
 30
0.0
 11
130.4532
 21
101.7315
 31
0.0
  0
LINE
  5
5DF7
330
1D
100
AcDbEntity
  8
0
100
AcDbLine
 10
130.4532
 20
101.7315
 30
0.0
 11
130.4532
 21
104.7348
 31
0.0
  0
LINE
  5
5DF8
330
1D
100
AcDbEntity
  8
0
100
AcDbLine
 10
130.4532
 20
104.7348
 30
0.0
 11
130.2417
 21
104.7348
 31
0.0
  0
ARC
  5
5DF9
330
1D
100
AcDbEntity
  8
0
100
AcDbCircle
 10
130.2416992115303
 20
105.2951071001059
 30
0.0
 40
0.5603071001064285
100
AcDbArc
 50
259.7127771335242
 51
270.0000806271904
  0
ARC
  5
5DFA
330
1D
100
AcDbEntity
  8
0
100
AcDbCircle
 10
130.1671992853581
 20
104.8846330779896
 30
0.0
 40
0.1431270888096141
100
AcDbArc
 50
231.3399344926124
 51
259.7122690147716
  0
ARC
  5
5DFB
330
1D
100
AcDbEntity
  8
0
100
AcDbCircle
 10
130.145062646626
 20
104.8569647230119
 30
0.0
 40
0.1076930848156717
100
AcDbArc
 50
197.334833687304
 51
231.3406619390217
  0
ARC
  5
5DFC
330
1D
100
AcDbEntity
  8
0
100
AcDbCircle
 10
130.2957601502888
 20
104.9039995266563
 30
0.0
 40
0.2655601502892724
100
AcDbArc
 50
179.9998978740131
 51
197.3342637289673
  0
ARC
  5
5DFD
330
1D
100
AcDbEntity
  8
0
100
AcDbCircle
 10
129.7964351901946
 20
104.9040005400885
 30
0.0
 40
0.2337648098060456
100
AcDbArc
 50
359.9998676242325
 51
21.6978051197202
  0
ARC
  5
5DFE
330
1D
100
AcDbEntity
  8
0
100
AcDbCircle
 10
129.9232408896567
 20
104.9544565032289
 30
0.0
 40
0.0972895753056315
100
AcDbArc
 50
21.69809329017615
 51
63.43502153616122
  0
ARC
  5
5DFF
330
1D
100
AcDbEntity
  8
0
100
AcDbCircle
 10
129.8566543493538
 20
104.821283844854
 30
0.0
 40
0.2461812281546518
100
AcDbArc
 50
63.43493361148503
 51
86.01541762182483
  0
ARC
  5
5E00
330
1D
100
AcDbEntity
  8
0
100
AcDbCircle
 10
129.6917969744119
 20
102.4546395340414
 30
0.0
 40
2.618560465960356
100
AcDbArc
 50
86.01529928397528
 51
89.99993379819557
  0
ARC
  5
5E01
330
1D
100
AcDbEntity
  8
0
100
AcDbCircle
 10
129.6918030255881
 20
107.6917604659586
 30
0.0
 40
2.618560465960356
100
AcDbArc
 50
266.0152992839753
 51
269.9999337981956
  0
ARC
  5
5E02
330
1D
100
AcDbEntity
  8
0
100
AcDbCircle
 10
129.5269456506461
 20
105.325116155146
 30
0.0
 40
0.2461812281546482
100
AcDbArc
 50
243.4349336114849
 51
266.0154176218248
  0
ARC
  5
5E03
330
1D
100
AcDbEntity
  8
0
100
AcDbCircle
 10
129.4603591103432
 20
105.191943496771
 30
0.0
 40
0.0972895753056295
100
AcDbArc
 50
201.6980932901761
 51
243.4350215361612
  0
ARC
  5
5E04
330
1D
100
AcDbEntity
  8
0
100
AcDbCircle
 10
129.5871648098054
 20
105.2423994599114
 30
0.0
 40
0.2337648098060439
100
AcDbArc
 50
179.9998676242324
 51
201.6978051197202
  0
ARC
  5
5E05
330
1D
100
AcDbEntity
  8
0
100
AcDbCircle
 10
129.0937809067535
 20
105.242398907138
 30
0.0
 40
0.2596190932487426
100
AcDbArc
 50
0.0002411855824733
 51
16.53091124133543
  0
ARC
  5
5E06
330
1D
100
AcDbEntity
  8
0
100
AcDbCircle
 10
129.222362394553
 20
105.2805631889394
 30
0.0
 40
0.1254933634009349
100
AcDbArc
 50
16.53036804093118
 51
44.99974354056521
  0
ARC
  5
5E07
330
1D
100
AcDbEntity
  8
0
100
AcDbCircle
 10
129.2223631889393
 20
105.280562394553
 30
0.0
 40
0.1254933634009622
100
AcDbArc
 50
45.00025645941182
 51
73.46963195904393
  0
ARC
  5
5E08
330
1D
100
AcDbEntity
  8
0
100
AcDbCircle
 10
129.1841989071379
 20
105.1519809067535
 30
0.0
 40
0.2596190932487823
100
AcDbArc
 50
73.4690887586543
 51
89.99975881440812
  0
ARC
  5
5E09
330
1D
100
AcDbEntity
  8
0
100
AcDbCircle
 10
129.1842010928621
 20
105.1519809067535
 30
0.0
 40
0.2596190932487852
100
AcDbArc
 50
90.0002411855919
 51
106.5309112413457
  0
ARC
  5
5E0A
330
1D
100
AcDbEntity
  8
0
100
AcDbCircle
 10
129.1460368110606
 20
105.280562394553
 30
0.0
 40
0.1254933634009511
100
AcDbArc
 50
106.5303680409561
 51
134.9997435405881
  0
ARC
  5
5E0B
330
1D
100
AcDbEntity
  8
0
100
AcDbCircle
 10
129.146037605447
 20
105.2805631889394
 30
0.0
 40
0.125493363400932
100
AcDbArc
 50
135.0002564594348
 51
163.4696319590688
  0
ARC
  5
5E0C
330
1D
100
AcDbEntity
  8
0
100
AcDbCircle
 10
129.2746190932464
 20
105.2423989071378
 30
0.0
 40
0.2596190932487399
100
AcDbArc
 50
163.4690887586416
 51
179.9997588143956
  0
ARC
  5
5E0D
330
1D
100
AcDbEntity
  8
0
100
AcDbCircle
 10
128.8380225965295
 20
105.2424006484619
 30
0.0
 40
0.176977403471676
100
AcDbArc
 50
329.3628240595548
 51
359.9997900628665
  0
ARC
  5
5E0E
330
1D
100
AcDbEntity
  8
0
100
AcDbCircle
 10
128.891263291306
 20
105.2108675252264
 30
0.0
 40
0.1150992211997932
100
AcDbArc
 50
287.1025500793544
 51
329.3628323086309
  0
ARC
  5
5E0F
330
1D
100
AcDbEntity
  8
0
100
AcDbCircle
 10
128.7713789940418
 20
105.600480955525
 30
0.0
 40
0.5227398347251487
100
AcDbArc
 50
271.6992629465382
 51
287.103029189237
  0
ARC
  5
5E10
330
1D
100
AcDbEntity
  8
0
100
AcDbCircle
 10
128.4651207745298
 20
115.9254072086358
 30
0.0
 40
10.85220720865573
100
AcDbArc
 50
269.9998903178998
 51
271.6990228232997
  0
ARC
  5
5E11
330
1D
100
AcDbEntity
  8
0
100
AcDbCircle
 10
128.4650792254702
 20
115.9254072086368
 30
0.0
 40
10.85220720865668
100
AcDbArc
 50
268.3009771767003
 51
270.0001096821002
  0
ARC
  5
5E12
330
1D
100
AcDbEntity
  8
0
100
AcDbCircle
 10
128.1588210059581
 20
105.6004809555249
 30
0.0
 40
0.5227398347250507
100
AcDbArc
 50
252.8969708107597
 51
268.3007370534583
  0
ARC
  5
5E13
330
1D
100
AcDbEntity
  8
0
100
AcDbCircle
 10
128.0389367086939
 20
105.2108675252265
 30
0.0
 40
0.1150992211998168
100
AcDbArc
 50
210.6371676913777
 51
252.8974499206498
  0
ARC
  5
5E14
330
1D
100
AcDbEntity
  8
0
100
AcDbCircle
 10
128.0921774034705
 20
105.2424006484619
 30
0.0
 40
0.176977403471678
100
AcDbArc
 50
180.0002099371426
 51
210.6371759404554
  0
ARC
  5
5E15
330
1D
100
AcDbEntity
  8
0
100
AcDbCircle
 10
127.6555809067535
 20
105.2423989071379
 30
0.0
 40
0.2596190932487426
100
AcDbArc
 50
0.0002411855950181
 51
16.53091124134835
  0
ARC
  5
5E16
330
1D
100
AcDbEntity
  8
0
100
AcDbCircle
 10
127.784162394553
 20
105.2805631889394
 30
0.0
 40
0.1254933634009349
100
AcDbArc
 50
16.53036804093118
 51
44.99974354056521
  0
ARC
  5
5E17
330
1D
100
AcDbEntity
  8
0
100
AcDbCircle
 10
127.7841631889393
 20
105.280562394553
 30
0.0
 40
0.1254933634009421
100
AcDbArc
 50
45.000256459421
 51
73.46963195905637
  0
ARC
  5
5E18
330
1D
100
AcDbEntity
  8
0
100
AcDbCircle
 10
127.7459989071379
 20
105.1519809067535
 30
0.0
 40
0.2596190932487278
100
AcDbArc
 50
73.46908875865077
 51
89.99975881440498
  0
ARC
  5
5E19
330
1D
100
AcDbEntity
  8
0
100
AcDbCircle
 10
127.7460010928621
 20
105.1519809067535
 30
0.0
 40
0.2596190932487852
100
AcDbArc
 50
90.00024118559501
 51
106.5309112413487
  0
ARC
  5
5E1A
330
1D
100
AcDbEntity
  8
0
100
AcDbCircle
 10
127.7078368110606
 20
105.280562394553
 30
0.0
 40
0.125493363400943
100
AcDbArc
 50
106.5303680409436
 51
134.999743540579
  0
ARC
  5
5E1B
330
1D
100
AcDbEntity
  8
0
100
AcDbCircle
 10
127.707837605447
 20
105.2805631889394
 30
0.0
 40
0.125493363400932
100
AcDbArc
 50
135.0002564594348
 51
163.4696319590688
  0
ARC
  5
5E1C
330
1D
100
AcDbEntity
  8
0
100
AcDbCircle
 10
127.8364190932464
 20
105.2423989071379
 30
0.0
 40
0.2596190932487278
100
AcDbArc
 50
163.4690887586507
 51
179.999758814405
  0
ARC
  5
5E1D
330
1D
100
AcDbEntity
  8
0
100
AcDbCircle
 10
127.3907393157198
 20
105.2424007315224
 30
0.0
 40
0.1860606842816309
100
AcDbArc
 50
331.1657977065595
 51
359.9997747339807
  0
ARC
  5
5E1E
330
1D
100
AcDbEntity
  8
0
100
AcDbCircle
 10
127.4574399394741
 20
105.2056785649582
 30
0.0
 40
0.1099194292084927
100
AcDbArc
 50
288.4352152976097
 51
331.1664009776769
  0
ARC
  5
5E1F
330
1D
100
AcDbEntity
  8
0
100
AcDbCircle
 10
127.3474173834858
 20
105.5357516607416
 30
0.0
 40
0.4578464494060705
100
AcDbArc
 50
271.9376432480045
 51
288.4347980010143
  0
ARC
  5
5E20
330
1D
100
AcDbEntity
  8
0
100
AcDbCircle
 10
127.069193739091
 20
113.7592140855629
 30
0.0
 40
8.686014085565172
100
AcDbArc
 50
270.0000412989957
 51
271.937738389608
  0
ARC
  5
5E21
330
1D
100
AcDbEntity
  8
0
100
AcDbCircle
 10
127.0692062609089
 20
113.7592140855625
 30
0.0
 40
8.686014085564746
100
AcDbArc
 50
268.0622616103919
 51
269.9999587010044
  0
ARC
  5
5E22
330
1D
100
AcDbEntity
  8
0
100
AcDbCircle
 10
126.7909826165141
 20
105.5357516607417
 30
0.0
 40
0.4578464494061114
100
AcDbArc
 50
251.5652019989873
 51
268.0623567519975
  0
ARC
  5
5E23
330
1D
100
AcDbEntity
  8
0
100
AcDbCircle
 10
126.6809600605259
 20
105.2056785649582
 30
0.0
 40
0.1099194292084706
100
AcDbArc
 50
208.8335990223201
 51
251.564784702388
  0
ARC
  5
5E24
330
1D
100
AcDbEntity
  8
0
100
AcDbCircle
 10
126.7476606842802
 20
105.2424007315224
 30
0.0
 40
0.1860606842816308
100
AcDbArc
 50
180.0002252660193
 51
208.8342022934404
  0
ARC
  5
5E25
330
1D
100
AcDbEntity
  8
0
100
AcDbCircle
 10
126.3019809067535
 20
105.2423989071379
 30
0.0
 40
0.2596190932487426
100
AcDbArc
 50
0.0002411855950181
 51
16.53091124134835
  0
ARC
  5
5E26
330
1D
100
AcDbEntity
  8
0
100
AcDbCircle
 10
126.430562394553
 20
105.2805631889394
 30
0.0
 40
0.1254933634009349
100
AcDbArc
 50
16.53036804093118
 51
44.99974354056521
  0
ARC
  5
5E27
330
1D
100
AcDbEntity
  8
0
100
AcDbCircle
 10
126.4305631889393
 20
105.280562394553
 30
0.0
 40
0.1254933634009421
100
AcDbArc
 50
45.000256459421
 51
73.46963195905637
  0
ARC
  5
5E28
330
1D
100
AcDbEntity
  8
0
100
AcDbCircle
 10
126.3923989071379
 20
105.1519809067535
 30
0.0
 40
0.2596190932487863
100
AcDbArc
 50
73.46908875865131
 51
89.99975881440498
  0
ARC
  5
5E29
330
1D
100
AcDbEntity
  8
0
100
AcDbCircle
 10
126.3923994599114
 20
105.6453648098054
 30
0.0
 40
0.2337648098060598
100
AcDbArc
 50
248.3021948802888
 51
270.0001323757744
  0
ARC
  5
5E2A
330
1D
100
AcDbEntity
  8
0
100
AcDbCircle
 10
126.341943496771
 20
105.5185591103432
 30
0.0
 40
0.097289575305605
100
AcDbArc
 50
206.564978463835
 51
248.3019067098176
  0
ARC
  5
5E2B
330
1D
100
AcDbEntity
  8
0
100
AcDbCircle
 10
126.475116155146
 20
105.5851456506461
 30
0.0
 40
0.2461812281546454
100
AcDbArc
 50
183.9845823781718
 51
206.565066388512
  0
ARC
  5
5E2C
330
1D
100
AcDbEntity
  8
0
100
AcDbCircle
 10
128.8417604659588
 20
105.7500030255881
 30
0.0
 40
2.618560465960569
100
AcDbArc
 50
180.0000662018041
 51
183.9847007160244
  0
ARC
  5
5E2D
330
1D
100
AcDbEntity
  8
0
100
AcDbCircle
 10
123.1803380452016
 20
105.750001220011
 30
0.0
 40
3.042861954798627
100
AcDbArc
 50
359.9999770277188
 51
3.7007335165061
  0
ARC
  5
5E2E
330
1D
100
AcDbEntity
  8
0
100
AcDbCircle
 10
126.0303151522929
 20
105.9343371733465
 30
0.0
 40
0.186929663123363
100
AcDbArc
 50
3.700867395612258
 51
32.00549285177574
  0
ARC
  5
5E2F
330
1D
100
AcDbEntity
  8
0
100
AcDbCircle
 10
126.1087570626784
 20
105.9833635954861
 30
0.0
 40
0.0944271043871324
100
AcDbArc
 50
32.00548286866143
 51
77.52413109367075
  0
ARC
  5
5E30
330
1D
100
AcDbEntity
  8
0
100
AcDbCircle
 10
126.0116975955521
 20
105.5446926750261
 30
0.0
 40
0.5437073249791538
100
AcDbArc
 50
77.52389635462917
 51
89.99974661971718
  0
ARC
  5
5E31
330
1D
100
AcDbEntity
  8
0
100
AcDbCircle
 10
126.0116994049922
 20
106.4074140582391
 30
0.0
 40
0.3190140582396459
100
AcDbArc
 50
247.3873941955999
 51
270.0001068649882
  0
ARC
  5
5E32
330
1D
100
AcDbEntity
  8
0
100
AcDbCircle
 10
125.930153189956
 20
106.211630609493
 30
0.0
 40
0.1069269440943165
100
AcDbArc
 50
196.3892201490623
 51
247.3868441036006
  0
ARC
  5
5E33
330
1D
100
AcDbEntity
  8
0
100
AcDbCircle
 10
126.3852248648123
 20
106.3454790816489
 30
0.0
 40
0.5812745410604676
100
AcDbArc
 50
180.93064099757
 51
196.3898466319444
  0
ARC
  5
5E34
330
1D
100
AcDbEntity
  8
0
100
AcDbCircle
 10
154.8396986463903
 20
106.8074758827504
 30
0.0
 40
29.03949864640035
100
AcDbArc
 50
179.9999524159616
 51
180.930201583391
  0
ARC
  5
5E35
330
1D
100
AcDbEntity
  8
0
100
AcDbCircle
 10
103.5655519146884
 20
106.8074889010141
 30
0.0
 40
22.23464808531435
100
AcDbArc
 50
0.0000286006347461
 51
1.119350049363956
  0
ARC
  5
5E36
330
1D
100
AcDbEntity
  8
0
100
AcDbCircle
 10
124.9669350570886
 20
107.2256505211192
 30
0.0
 40
0.8291801028574903
100
AcDbArc
 50
1.119098598352682
 51
13.24028002293347
  0
ARC
  5
5E37
330
1D
100
AcDbEntity
  8
0
100
AcDbCircle
 10
125.6360416902172
 20
107.3830838182294
 30
0.0
 40
0.1418018012405939
100
AcDbArc
 50
13.24051646717421
 51
52.43384174412843
  0
ARC
  5
5E38
330
1D
100
AcDbEntity
  8
0
100
AcDbCircle
 10
125.6310006532437
 20
107.3765295694166
 30
0.0
 40
0.1500704305848001
100
AcDbArc
 50
52.43391732601718
 51
90.0002494036318
  0
ARC
  5
5E39
330
1D
100
AcDbEntity
  8
0
100
AcDbCircle
 10
125.6310007315224
 20
107.7126606842802
 30
0.0
 40
0.1860606842816309
100
AcDbArc
 50
241.1657977065595
 51
269.9997747339807
  0
ARC
  5
5E3A
330
1D
100
AcDbEntity
  8
0
100
AcDbCircle
 10
125.5942785649582
 20
107.6459600605259
 30
0.0
 40
0.1099194292084734
100
AcDbArc
 50
198.4352152976119
 51
241.1664009776798
  0
ARC
  5
5E3B
330
1D
100
AcDbEntity
  8
0
100
AcDbCircle
 10
125.9243516607417
 20
107.7559826165141
 30
0.0
 40
0.4578464494061109
100
AcDbArc
 50
181.9376432480025
 51
198.4347980010126
  0
ARC
  5
5E3C
330
1D
100
AcDbEntity
  8
0
100
AcDbCircle
 10
134.1478140855625
 20
108.0342062609089
 30
0.0
 40
8.686014085564746
100
AcDbArc
 50
180.0000412989956
 51
181.9377383896081
  0
ARC
  5
5E3D
330
1D
100
AcDbEntity
  8
0
100
AcDbCircle
 10
116.7757859144371
 20
108.034193739091
 30
0.0
 40
8.686014085565172
100
AcDbArc
 50
0.0000412989956293
 51
1.937738389608131
  0
ARC
  5
5E3E
330
1D
100
AcDbEntity
  8
0
100
AcDbCircle
 10
124.9992483392583
 20
108.3124173834858
 30
0.0
 40
0.4578464494060693
100
AcDbArc
 50
1.937643248004496
 51
18.43479800101435
  0
ARC
  5
5E3F
330
1D
100
AcDbEntity
  8
0
100
AcDbCircle
 10
125.3293214350417
 20
108.4224399394741
 30
0.0
 40
0.1099194292084706
100
AcDbArc
 50
18.43521529761195
 51
61.16640097767986
  0
ARC
  5
5E40
330
1D
100
AcDbEntity
  8
0
100
AcDbCircle
 10
125.2925992684775
 20
108.3557393157198
 30
0.0
 40
0.1860606842816308
100
AcDbArc
 50
61.16579770655954
 51
89.9997747339807
  0
ARC
  5
5E41
330
1D
100
AcDbEntity
  8
0
100
AcDbCircle
 10
125.2925995266564
 20
108.8073601502888
 30
0.0
 40
0.265560150289299
100
AcDbArc
 50
252.6657362710122
 51
270.0001021259654
  0
ARC
  5
5E42
330
1D
100
AcDbEntity
  8
0
100
AcDbCircle
 10
125.2455647230119
 20
108.656662646626
 30
0.0
 40
0.1076930848156475
100
AcDbArc
 50
218.6593380609984
 51
252.6651663127154
  0
ARC
  5
5E43
330
1D
100
AcDbEntity
  8
0
100
AcDbCircle
 10
125.2732330779897
 20
108.678799285358
 30
0.0
 40
0.143127088809612
100
AcDbArc
 50
190.2877309852228
 51
218.6600655073795
  0
ARC
  5
5E44
330
1D
100
AcDbEntity
  8
0
100
AcDbCircle
 10
125.6837071001059
 20
108.7532992115303
 30
0.0
 40
0.5603071001064292
100
AcDbArc
 50
179.9999193728183
 51
190.2872228664846
  0
ARC
  5
5E45
330
1D
100
AcDbEntity
  8
0
100
AcDbCircle
 10
124.5630928998941
 20
108.7533007884695
 30
0.0
 40
0.5603071001064285
100
AcDbArc
 50
359.9999193728257
 51
10.28722286649204
  0
ARC
  5
5E46
330
1D
100
AcDbEntity
  8
0
100
AcDbCircle
 10
124.9735669220103
 20
108.8278007146419
 30
0.0
 40
0.1431270888095975
100
AcDbArc
 50
10.28773098522385
 51
38.66006550738312
  0
ARC
  5
5E47
330
1D
100
AcDbEntity
  8
0
100
AcDbCircle
 10
125.001235276988
 20
108.849937353374
 30
0.0
 40
0.1076930848156606
100
AcDbArc
 50
38.65933806098308
 51
72.66516631270093
  0
ARC
  5
5E48
330
1D
100
AcDbEntity
  8
0
100
AcDbCircle
 10
124.9542004733436
 20
108.6992398497111
 30
0.0
 40
0.2655601502892987
100
AcDbArc
 50
72.66573627102483
 51
90.00010212597764
  0
ARC
  5
5E49
330
1D
100
AcDbEntity
  8
0
100
AcDbCircle
 10
124.9542010928621
 20
109.2244190932464
 30
0.0
 40
0.2596190932487426
100
AcDbArc
 50
253.4690887586486
 51
269.9997588144019
  0
ARC
  5
5E4A
330
1D
100
AcDbEntity
  8
0
100
AcDbCircle
 10
124.9160368110606
 20
109.095837605447
 30
0.0
 40
0.1254933634009581
100
AcDbArc
 50
225.0002564594439
 51
253.4696319590787
  0
ARC
  5
5E4B
330
1D
100
AcDbEntity
  8
0
100
AcDbCircle
 10
124.916037605447
 20
109.0958368110606
 30
0.0
 40
0.1254933634009521
100
AcDbArc
 50
196.5303680409211
 51
224.999743540556
  0
ARC
  5
5E4C
330
1D
100
AcDbEntity
  8
0
100
AcDbCircle
 10
125.0446190932464
 20
109.1340010928621
 30
0.0
 40
0.2596190932487455
100
AcDbArc
 50
180.0002411855981
 51
196.5309112413513
  0
ARC
  5
5E4D
330
1D
100
AcDbEntity
  8
0
100
AcDbCircle
 10
124.5253809067535
 20
109.1339989071379
 30
0.0
 40
0.2596190932487426
100
AcDbArc
 50
0.0002411855981544
 51
16.53091124135135
  0
ARC
  5
5E4E
330
1D
100
AcDbEntity
  8
0
100
AcDbCircle
 10
124.6539623945529
 20
109.1721631889394
 30
0.0
 40
0.1254933634009581
100
AcDbArc
 50
16.53036804092127
 51
44.99974354055606
  0
ARC
  5
5E4F
330
1D
100
AcDbEntity
  8
0
100
AcDbCircle
 10
124.6539631889394
 20
109.172162394553
 30
0.0
 40
0.125493363400932
100
AcDbArc
 50
45.00025645943476
 51
73.46963195906879
  0
ARC
  5
5E50
330
1D
100
AcDbEntity
  8
0
100
AcDbCircle
 10
124.6157989071379
 20
109.0435809067535
 30
0.0
 40
0.2596190932488
100
AcDbArc
 50
73.46908875865222
 51
89.99975881440498
  0
ARC
  5
5E51
330
1D
100
AcDbEntity
  8
0
100
AcDbCircle
 10
124.615801092862
 20
109.5628190932464
 30
0.0
 40
0.2596190932487426
100
AcDbArc
 50
253.4690887586486
 51
269.9997588144019
  0
ARC
  5
5E52
330
1D
100
AcDbEntity
  8
0
100
AcDbCircle
 10
124.5776368110606
 20
109.434237605447
 30
0.0
 40
0.1254933634009349
100
AcDbArc
 50
225.0002564594347
 51
253.4696319590688
  0
ARC
  5
5E53
330
1D
100
AcDbEntity
  8
0
100
AcDbCircle
 10
124.577637605447
 20
109.4342368110606
 30
0.0
 40
0.125493363400932
100
AcDbArc
 50
196.5303680409312
 51
224.9997435405652
  0
ARC
  5
5E54
330
1D
100
AcDbEntity
  8
0
100
AcDbCircle
 10
124.7062190932464
 20
109.4724010928621
 30
0.0
 40
0.2596190932487278
100
AcDbArc
 50
180.000241185595
 51
196.5309112413492
  0
ARC
  5
5E55
330
1D
100
AcDbEntity
  8
0
100
AcDbCircle
 10
124.2262763605096
 20
109.4723990931513
 30
0.0
 40
0.2203236394922119
100
AcDbArc
 50
0.0002358285435996
 51
23.42971003217837
  0
ARC
  5
5E56
330
1D
100
AcDbEntity
  8
0
100
AcDbCircle
 10
124.3376998864436
 20
109.5206858504991
 30
0.0
 40
0.0988871825887069
100
AcDbArc
 50
23.42924232260283
 51
66.03736842196784
  0
ARC
  5
5E57
330
1D
100
AcDbEntity
  8
0
100
AcDbCircle
 10
124.2593695933748
 20
109.3444449059083
 30
0.0
 40
0.2917511381699511
100
AcDbArc
 50
66.03728603771982
 51
86.79952419899144
  0
ARC
  5
5E58
330
1D
100
AcDbEntity
  8
0
100
AcDbCircle
 10
124.0659047244651
 20
105.8840676176556
 30
0.0
 40
3.757532382347319
100
AcDbArc
 50
86.79996696818864
 51
90.00007203980738
  0
ARC
  5
5E59
330
1D
100
AcDbEntity
  8
0
100
AcDbCircle
 10
124.0658952755351
 20
113.3991323823443
 30
0.0
 40
3.757532382347321
100
AcDbArc
 50
266.7999669681847
 51
270.0000720398035
  0
ARC
  5
5E5A
330
1D
100
AcDbEntity
  8
0
100
AcDbCircle
 10
123.8724304066251
 20
109.9387550940917
 30
0.0
 40
0.2917511381699505
100
AcDbArc
 50
246.0372860377198
 51
266.7995241989914
  0
ARC
  5
5E5B
330
1D
100
AcDbEntity
  8
0
100
AcDbCircle
 10
123.7941001135563
 20
109.7625141495009
 30
0.0
 40
0.0988871825887029
100
AcDbArc
 50
203.4292423226137
 51
246.0373684219754
  0
ARC
  5
5E5C
330
1D
100
AcDbEntity
  8
0
100
AcDbCircle
 10
123.9055236394903
 20
109.8108009068487
 30
0.0
 40
0.2203236394922152
100
AcDbArc
 50
180.0002358285435
 51
203.4297100321784
  0
ARC
  5
5E5D
330
1D
100
AcDbEntity
  8
0
100
AcDbCircle
 10
123.4255809067535
 20
109.8107989071379
 30
0.0
 40
0.2596190932487283
100
AcDbArc
 50
0.0002411855950182
 51
16.53091124134924
  0
ARC
  5
5E5E
330
1D
100
AcDbEntity
  8
0
100
AcDbCircle
 10
123.5541623945529
 20
109.8489631889393
 30
0.0
 40
0.1254933634009621
100
AcDbArc
 50
16.53036804092749
 51
44.99974354056063
  0
ARC
  5
5E5F
330
1D
100
AcDbEntity
  8
0
100
AcDbCircle
 10
123.5541631889394
 20
109.848962394553
 30
0.0
 40
0.125493363400932
100
AcDbArc
 50
45.00025645943476
 51
73.46963195906879
  0
ARC
  5
5E60
330
1D
100
AcDbEntity
  8
0
100
AcDbCircle
 10
123.5159989071379
 20
109.7203809067536
 30
0.0
 40
0.2596190932487318
100
AcDbArc
 50
73.46908875864777
 51
89.99975881440184
  0
ARC
  5
5E61
330
1D
100
AcDbEntity
  8
0
100
AcDbCircle
 10
123.5160010928621
 20
110.2396190932465
 30
0.0
 40
0.2596190932487852
100
AcDbArc
 50
253.4690887586513
 51
269.999758814405
  0
ARC
  5
5E62
330
1D
100
AcDbEntity
  8
0
100
AcDbCircle
 10
123.4778368110606
 20
110.111037605447
 30
0.0
 40
0.1254933634009349
100
AcDbArc
 50
225.0002564594347
 51
253.4696319590688
  0
ARC
  5
5E63
330
1D
100
AcDbEntity
  8
0
100
AcDbCircle
 10
123.477837605447
 20
110.1110368110606
 30
0.0
 40
0.125493363400932
100
AcDbArc
 50
196.5303680409312
 51
224.9997435405652
  0
ARC
  5
5E64
330
1D
100
AcDbEntity
  8
0
100
AcDbCircle
 10
123.6064190932464
 20
110.1492010928621
 30
0.0
 40
0.2596190932487455
100
AcDbArc
 50
180.0002411855981
 51
196.5309112413513
  0
ARC
  5
5E65
330
1D
100
AcDbEntity
  8
0
100
AcDbCircle
 10
123.1607393157198
 20
110.1491992684775
 30
0.0
 40
0.1860606842816309
100
AcDbArc
 50
0.0002252660237007
 51
28.83420229344429
  0
ARC
  5
5E66
330
1D
100
AcDbEntity
  8
0
100
AcDbCircle
 10
123.2274399394741
 20
110.1859214350417
 30
0.0
 40
0.1099194292084734
100
AcDbArc
 50
28.83359902232014
 51
71.56478470238806
  0
ARC
  5
5E67
330
1D
100
AcDbEntity
  8
0
100
AcDbCircle
 10
123.1174173834858
 20
109.8558483392582
 30
0.0
 40
0.4578464494061109
100
AcDbArc
 50
71.56520199898733
 51
88.06235675199747
  0
ARC
  5
5E68
330
1D
100
AcDbEntity
  8
0
100
AcDbCircle
 10
122.839193739091
 20
101.6323859144375
 30
0.0
 40
8.686014085564746
100
AcDbArc
 50
88.06226161039189
 51
89.99995870100438
  0
ARC
  5
5E69
330
1D
100
AcDbEntity
  8
0
100
AcDbCircle
 10
122.8392062609089
 20
119.0044140855629
 30
0.0
 40
8.686014085565172
100
AcDbArc
 50
268.0622616103919
 51
269.9999587010044
  0
ARC
  5
5E6A
330
1D
100
AcDbEntity
  8
0
100
AcDbCircle
 10
122.5609826165142
 20
110.7809516607417
 30
0.0
 40
0.4578464494060693
100
AcDbArc
 50
251.5652019989857
 51
268.0623567519955
  0
ARC
  5
5E6B
330
1D
100
AcDbEntity
  8
0
100
AcDbCircle
 10
122.4509600605259
 20
110.4508785649582
 30
0.0
 40
0.1099194292084841
100
AcDbArc
 50
208.833599022323
 51
251.5647847023903
  0
ARC
  5
5E6C
330
1D
100
AcDbEntity
  8
0
100
AcDbCircle
 10
122.5176606842802
 20
110.4876007315225
 30
0.0
 40
0.1860606842816377
100
AcDbArc
 50
180.0002252660237
 51
208.8342022934443
  0
ARC
  5
5E6D
330
1D
100
AcDbEntity
  8
0
100
AcDbCircle
 10
122.2084051605043
 20
110.487600607568
 30
0.0
 40
0.123194839497194
100
AcDbArc
 50
359.9997174306666
 51
49.30510296755738
  0
ARC
  5
5E6E
330
1D
100
AcDbEntity
  8
0
100
AcDbCircle
 10
122.1429357490131
 20
110.4114682006141
 30
0.0
 40
0.2236059306512829
100
AcDbArc
 50
49.305684432688
 51
80.91007652288388
  0
ARC
  5
5E6F
330
1D
100
AcDbEntity
  8
0
100
AcDbCircle
 10
121.9152345149971
 20
108.9883605098714
 30
0.0
 40
1.664814920146316
100
AcDbArc
 50
80.90963449847867
 51
89.35212826750399
  0
ARC
  5
5E70
330
1D
100
AcDbEntity
  8
0
100
AcDbCircle
 10
121.2741387339822
 20
52.29326792283961
 30
0.0
 40
58.36353207717325
100
AcDbArc
 50
89.35213907659933
 51
90.00003802534953
  0
ARC
  5
5E71
330
1D
100
AcDbEntity
  8
0
100
AcDbCircle
 10
121.2740612660178
 20
52.29326792283835
 30
0.0
 40
58.36353207717451
100
AcDbArc
 50
89.99996197465051
 51
90.64786092340066
  0
ARC
  5
5E72
330
1D
100
AcDbEntity
  8
0
100
AcDbCircle
 10
120.6329649850028
 20
108.9883537355609
 30
0.0
 40
1.664821688370175
100
AcDbArc
 50
90.64785188962131
 51
99.09034565864665
  0
ARC
  5
5E73
330
1D
100
AcDbEntity
  8
0
100
AcDbCircle
 10
120.4052637509868
 20
110.4114699673181
 30
0.0
 40
0.2236042651277424
100
AcDbArc
 50
99.09012150571985
 51
130.694513595915
  0
ARC
  5
5E74
330
1D
100
AcDbEntity
  8
0
100
AcDbCircle
 10
120.3397948394957
 20
110.487600607568
 30
0.0
 40
0.1231948394972119
100
AcDbArc
 50
130.6948970324383
 51
180.0002825693267
  0
ARC
  5
5E75
330
1D
100
AcDbEntity
  8
0
100
AcDbCircle
 10
119.9569809067535
 20
110.4876010928621
 30
0.0
 40
0.2596190932487994
100
AcDbArc
 50
343.4690887586522
 51
359.999758814405
  0
ARC
  5
5E76
330
1D
100
AcDbEntity
  8
0
100
AcDbCircle
 10
120.085562394553
 20
110.4494368110606
 30
0.0
 40
0.1254933634009349
100
AcDbArc
 50
315.0002564594348
 51
343.4696319590689
  0
ARC
  5
5E77
330
1D
100
AcDbEntity
  8
0
100
AcDbCircle
 10
120.0855631889394
 20
110.449437605447
 30
0.0
 40
0.125493363400932
100
AcDbArc
 50
286.5303680409312
 51
314.9997435405652
  0
ARC
  5
5E78
330
1D
100
AcDbEntity
  8
0
100
AcDbCircle
 10
120.0473989071379
 20
110.5780190932465
 30
0.0
 40
0.2596190932488
100
AcDbArc
 50
270.000241185595
 51
286.5309112413478
  0
ARC
  5
5E79
330
1D
100
AcDbEntity
  8
0
100
AcDbCircle
 10
120.0474010928621
 20
110.0587809067535
 30
0.0
 40
0.2596190932487426
100
AcDbArc
 50
90.00024118559817
 51
106.5309112413513
  0
ARC
  5
5E7A
330
1D
100
AcDbEntity
  8
0
100
AcDbCircle
 10
120.0092368110606
 20
110.187362394553
 30
0.0
 40
0.1254933634009349
100
AcDbArc
 50
106.5303680409312
 51
134.9997435405652
  0
ARC
  5
5E7B
330
1D
100
AcDbEntity
  8
0
100
AcDbCircle
 10
120.009237605447
 20
110.1873631889393
 30
0.0
 40
0.1254933634009521
100
AcDbArc
 50
135.0002564594256
 51
163.4696319590581
  0
ARC
  5
5E7C
330
1D
100
AcDbEntity
  8
0
100
AcDbCircle
 10
120.1378190932465
 20
110.1491989071379
 30
0.0
 40
0.2596190932487838
100
AcDbArc
 50
163.4690887586642
 51
179.9997588144175
  0
ARC
  5
5E7D
330
1D
100
AcDbEntity
  8
0
100
AcDbCircle
 10
119.6126398497111
 20
110.1491995266564
 30
0.0
 40
0.265560150289299
100
AcDbArc
 50
342.6657362710151
 51
0.0001021259684489
  0
ARC
  5
5E7E
330
1D
100
AcDbEntity
  8
0
100
AcDbCircle
 10
119.7633373533739
 20
110.1021647230119
 30
0.0
 40
0.1076930848156475
100
AcDbArc
 50
308.6593380609985
 51
342.6651663127154
  0
ARC
  5
5E7F
330
1D
100
AcDbEntity
  8
0
100
AcDbCircle
 10
119.7412007146419
 20
110.1298330779896
 30
0.0
 40
0.1431270888096009
100
AcDbArc
 50
280.2877309852238
 51
308.6600655073831
  0
ARC
  5
5E80
330
1D
100
AcDbEntity
  8
0
100
AcDbCircle
 10
119.6667007884696
 20
110.5403071001058
 30
0.0
 40
0.5603071001064292
100
AcDbArc
 50
269.9999193728184
 51
280.2872228664846
  0
ARC
  5
5E81
330
1D
100
AcDbEntity
  8
0
100
AcDbCircle
 10
119.6666992115304
 20
109.419692899894
 30
0.0
 40
0.5603071001065138
100
AcDbArc
 50
89.99991937282564
 51
100.2872228664919
  0
ARC
  5
5E82
330
1D
100
AcDbEntity
  8
0
100
AcDbCircle
 10
119.592199285358
 20
109.8301669220103
 30
0.0
 40
0.1431270888095836
100
AcDbArc
 50
100.2877309852248
 51
128.6600655073822
  0
ARC
  5
5E83
330
1D
100
AcDbEntity
  8
0
100
AcDbCircle
 10
119.570062646626
 20
109.857835276988
 30
0.0
 40
0.1076930848156695
100
AcDbArc
 50
128.6593380609889
 51
162.6651663127032
  0
ARC
  5
5E84
330
1D
100
AcDbEntity
  8
0
100
AcDbCircle
 10
119.7207601502888
 20
109.8108004733435
 30
0.0
 40
0.2655601502892893
100
AcDbArc
 50
162.665736271021
 51
180.0001021259745
  0
ARC
  5
5E85
330
1D
100
AcDbEntity
  8
0
100
AcDbCircle
 10
119.1955809067535
 20
109.8108010928621
 30
0.0
 40
0.2596190932487283
100
AcDbArc
 50
343.4690887586508
 51
359.999758814405
  0
ARC
  5
5E86
330
1D
100
AcDbEntity
  8
0
100
AcDbCircle
 10
119.3241623945529
 20
109.7726368110606
 30
0.0
 40
0.1254933634009703
100
AcDbArc
 50
315.0002564594255
 51
343.4696319590601
  0
ARC
  5
5E87
330
1D
100
AcDbEntity
  8
0
100
AcDbCircle
 10
119.3241631889394
 20
109.772637605447
 30
0.0
 40
0.125493363400932
100
AcDbArc
 50
286.5303680409312
 51
314.9997435405652
  0
ARC
  5
5E88
330
1D
100
AcDbEntity
  8
0
100
AcDbCircle
 10
119.2859989071379
 20
109.9012190932464
 30
0.0
 40
0.2596190932487278
100
AcDbArc
 50
270.000241185595
 51
286.5309112413493
  0
ARC
  5
5E89
330
1D
100
AcDbEntity
  8
0
100
AcDbCircle
 10
119.2859994599114
 20
109.4078351901945
 30
0.0
 40
0.2337648098060598
100
AcDbArc
 50
89.99986762423253
 51
111.6978051197189
  0
ARC
  5
5E8A
330
1D
100
AcDbEntity
  8
0
100
AcDbCircle
 10
119.235543496771
 20
109.5346408896568
 30
0.0
 40
0.0972895753055866
100
AcDbArc
 50
111.6980932901777
 51
153.4350215361687
  0
ARC
  5
5E8B
330
1D
100
AcDbEntity
  8
0
100
AcDbCircle
 10
119.368716155146
 20
109.4680543493538
 30
0.0
 40
0.2461812281546518
100
AcDbArc
 50
153.4349336114776
 51
176.0154176218182
  0
ARC
  5
5E8C
330
1D
100
AcDbEntity
  8
0
100
AcDbCircle
 10
121.7353604659586
 20
109.3031969744119
 30
0.0
 40
2.618560465960356
100
AcDbArc
 50
176.0152992839756
 51
179.9999337981958
  0
ARC
  5
5E8D
330
1D
100
AcDbEntity
  8
0
100
AcDbCircle
 10
121.7353604659588
 20
109.303203025588
 30
0.0
 40
2.618560465960555
100
AcDbArc
 50
180.0000662018041
 51
183.9847007160244
  0
ARC
  5
5E8E
330
1D
100
AcDbEntity
  8
0
100
AcDbCircle
 10
119.368716155146
 20
109.1383456506461
 30
0.0
 40
0.2461812281546502
100
AcDbArc
 50
183.9845823781817
 51
206.5650663885223
  0
ARC
  5
5E8F
330
1D
100
AcDbEntity
  8
0
100
AcDbCircle
 10
119.235543496771
 20
109.0717591103432
 30
0.0
 40
0.0972895753055978
100
AcDbArc
 50
206.5649784638388
 51
248.3019067098254
  0
ARC
  5
5E90
330
1D
100
AcDbEntity
  8
0
100
AcDbCircle
 10
119.2859994599114
 20
109.1985648098054
 30
0.0
 40
0.2337648098060571
100
AcDbArc
 50
248.3021948802811
 51
270.0001323757674
  0
ARC
  5
5E91
330
1D
100
AcDbEntity
  8
0
100
AcDbCircle
 10
119.2860004733436
 20
108.6992398497111
 30
0.0
 40
0.265560150289299
100
AcDbArc
 50
72.66573627102189
 51
90.00010212597457
  0
ARC
  5
5E92
330
1D
100
AcDbEntity
  8
0
100
AcDbCircle
 10
119.333035276988
 20
108.849937353374
 30
0.0
 40
0.107693084815656
100
AcDbArc
 50
38.65933806098308
 51
72.66516631270093
  0
ARC
  5
5E93
330
1D
100
AcDbEntity
  8
0
100
AcDbCircle
 10
119.3053669220103
 20
108.8278007146419
 30
0.0
 40
0.143127088809612
100
AcDbArc
 50
10.28773098522284
 51
38.66006550737957
  0
ARC
  5
5E94
330
1D
100
AcDbEntity
  8
0
100
AcDbCircle
 10
118.8948928998941
 20
108.7533007884695
 30
0.0
 40
0.5603071001064421
100
AcDbArc
 50
359.9999193728257
 51
10.28722286649178
  0
ARC
  5
5E95
330
1D
100
AcDbEntity
  8
0
100
AcDbCircle
 10
120.0481732140561
 20
108.7533008400614
 30
0.0
 40
0.5929732140567392
100
AcDbArc
 50
180.0000811705727
 51
190.4269010468721
  0
ARC
  5
5E96
330
1D
100
AcDbEntity
  8
0
100
AcDbCircle
 10
119.5806711372359
 20
108.6672705624922
 30
0.0
 40
0.11762134387251
100
AcDbArc
 50
190.4265756455312
 51
224.9998020316633
  0
ARC
  5
5E97
330
1D
100
AcDbEntity
  8
0
100
AcDbCircle
 10
119.5806705624921
 20
108.6672711372359
 30
0.0
 40
0.1176213438725133
100
AcDbArc
 50
225.0001979683367
 51
259.5734243544688
  0
ARC
  5
5E98
330
1D
100
AcDbEntity
  8
0
100
AcDbCircle
 10
119.6667008400615
 20
109.1347732140562
 30
0.0
 40
0.5929732140568249
100
AcDbArc
 50
259.5730989531209
 51
269.9999188294204
  0
ARC
  5
5E99
330
1D
100
AcDbEntity
  8
0
100
AcDbCircle
 10
119.6667007884696
 20
107.981492899894
 30
0.0
 40
0.5603071001064285
100
AcDbArc
 50
79.71277713351537
 51
90.00008062718164
  0
ARC
  5
5E9A
330
1D
100
AcDbEntity
  8
0
100
AcDbCircle
 10
119.7412007146419
 20
108.3919669220103
 30
0.0
 40
0.1431270888096115
100
AcDbArc
 50
51.33993449262042
 51
79.71226901477715
  0
ARC
  5
5E9B
330
1D
100
AcDbEntity
  8
0
100
AcDbCircle
 10
119.7633373533739
 20
108.4196352769881
 30
0.0
 40
0.1076930848156473
100
AcDbArc
 50
17.33483368728463
 51
51.34066193900157
  0
ARC
  5
5E9C
330
1D
100
AcDbEntity
  8
0
100
AcDbCircle
 10
119.6126398497111
 20
108.3726004733435
 30
0.0
 40
0.2655601502893021
100
AcDbArc
 50
359.9998978740347
 51
17.33426372898779
  0
ARC
  5
5E9D
330
1D
100
AcDbEntity
  8
0
100
AcDbCircle
 10
119.6126398497111
 20
108.3725995266564
 30
0.0
 40
0.2655601502893417
100
AcDbArc
 50
342.6657362710149
 51
0.0001021259684489
  0
ARC
  5
5E9E
330
1D
100
AcDbEntity
  8
0
100
AcDbCircle
 10
119.7633373533739
 20
108.3255647230119
 30
0.0
 40
0.1076930848156475
100
AcDbArc
 50
308.6593380609985
 51
342.6651663127154
  0
ARC
  5
5E9F
330
1D
100
AcDbEntity
  8
0
100
AcDbCircle
 10
119.7412007146419
 20
108.3532330779897
 30
0.0
 40
0.1431270888095942
100
AcDbArc
 50
280.2877309852127
 51
308.6600655073707
  0
ARC
  5
5EA0
330
1D
100
AcDbEntity
  8
0
100
AcDbCircle
 10
119.6667007884695
 20
108.7637071001059
 30
0.0
 40
0.5603071001064421
100
AcDbArc
 50
269.9999193728257
 51
280.2872228664918
  0
ARC
  5
5EA1
330
1D
100
AcDbEntity
  8
0
100
AcDbCircle
 10
119.6666992115304
 20
107.643092899894
 30
0.0
 40
0.5603071001065138
100
AcDbArc
 50
89.99991937282564
 51
100.2872228664919
  0
ARC
  5
5EA2
330
1D
100
AcDbEntity
  8
0
100
AcDbCircle
 10
119.592199285358
 20
108.0535669220103
 30
0.0
 40
0.1431270888095645
100
AcDbArc
 50
100.2877309852147
 51
128.6600655073733
  0
ARC
  5
5EA3
330
1D
100
AcDbEntity
  8
0
100
AcDbCircle
 10
119.570062646626
 20
108.081235276988
 30
0.0
 40
0.1076930848156873
100
AcDbArc
 50
128.6593380610008
 51
162.6651663127149
  0
ARC
  5
5EA4
330
1D
100
AcDbEntity
  8
0
100
AcDbCircle
 10
119.7207601502888
 20
108.0342004733435
 30
0.0
 40
0.2655601502892893
100
AcDbArc
 50
162.665736271021
 51
180.0001021259745
  0
ARC
  5
5EA5
330
1D
100
AcDbEntity
  8
0
100
AcDbCircle
 10
119.1955809067535
 20
108.0342010928621
 30
0.0
 40
0.2596190932487283
100
AcDbArc
 50
343.4690887586508
 51
359.999758814405
  0
ARC
  5
5EA6
330
1D
100
AcDbEntity
  8
0
100
AcDbCircle
 10
119.324162394553
 20
107.9960368110606
 30
0.0
 40
0.125493363400943
100
AcDbArc
 50
315.000256459421
 51
343.4696319590563
  0
ARC
  5
5EA7
330
1D
100
AcDbEntity
  8
0
100
AcDbCircle
 10
119.3241631889393
 20
107.996037605447
 30
0.0
 40
0.1254933634009421
100
AcDbArc
 50
286.5303680409436
 51
314.999743540579
  0
ARC
  5
5EA8
330
1D
100
AcDbEntity
  8
0
100
AcDbCircle
 10
119.2859989071379
 20
108.1246190932464
 30
0.0
 40
0.2596190932487278
100
AcDbArc
 50
270.000241185595
 51
286.5309112413493
  0
ARC
  5
5EA9
330
1D
100
AcDbEntity
  8
0
100
AcDbCircle
 10
119.2860010928621
 20
107.6053809067535
 30
0.0
 40
0.2596190932487852
100
AcDbArc
 50
90.00024118559501
 51
106.5309112413487
  0
ARC
  5
5EAA
330
1D
100
AcDbEntity
  8
0
100
AcDbCircle
 10
119.2478368110606
 20
107.7339623945529
 30
0.0
 40
0.1254933634009349
100
AcDbArc
 50
106.5303680409312
 51
134.9997435405652
  0
ARC
  5
5EAB
330
1D
100
AcDbEntity
  8
0
100
AcDbCircle
 10
119.247837605447
 20
107.7339631889394
 30
0.0
 40
0.125493363400932
100
AcDbArc
 50
135.0002564594348
 51
163.4696319590688
  0
ARC
  5
5EAC
330
1D
100
AcDbEntity
  8
0
100
AcDbCircle
 10
119.3764190932464
 20
107.6957989071379
 30
0.0
 40
0.2596190932487318
100
AcDbArc
 50
163.4690887586477
 51
179.9997588144018
  0
ARC
  5
5EAD
330
1D
100
AcDbEntity
  8
0
100
AcDbCircle
 10
119.3371236394903
 20
107.6958009068487
 30
0.0
 40
0.2203236394922119
100
AcDbArc
 50
180.0002358285399
 51
203.429710032175
  0
ARC
  5
5EAE
330
1D
100
AcDbEntity
  8
0
100
AcDbCircle
 10
119.2257001135563
 20
107.6475141495009
 30
0.0
 40
0.0988871825887126
100
AcDbArc
 50
203.4292423226104
 51
246.0373684219711
  0
ARC
  5
5EAF
330
1D
100
AcDbEntity
  8
0
100
AcDbCircle
 10
119.3040304066251
 20
107.8237550940917
 30
0.0
 40
0.2917511381699511
100
AcDbArc
 50
246.0372860377198
 51
266.7995241989914
  0
ARC
  5
5EB0
330
1D
100
AcDbEntity
  8
0
100
AcDbCircle
 10
119.4974952755349
 20
111.2841323823443
 30
0.0
 40
3.757532382347306
100
AcDbArc
 50
266.7999669681886
 51
270.0000720398074
  0
LINE
  5
5EB1
330
1D
100
AcDbEntity
  8
0
100
AcDbLine
 10
119.4975
 20
107.5266
 30
0.0
 11
119.8782
 21
107.5266
 31
0.0
  0
LINE
  5
5EB2
330
1D
100
AcDbEntity
  8
0
100
AcDbLine
 10
119.8782
 20
107.5266
 30
0.0
 11
119.8782
 21
106.2999
 31
0.0
  0
LINE
  5
5EB3
330
1D
100
AcDbEntity
  8
0
100
AcDbLine
 10
119.8782
 20
106.2999
 30
0.0
 11
119.8782
 21
105.0732
 31
0.0
  0
LINE
  5
5EB4
330
1D
100
AcDbEntity
  8
0
100
AcDbLine
 10
119.8782
 20
105.0732
 30
0.0
 11
117.2133
 21
105.0732
 31
0.0
  0
ARC
  5
5EB5
330
1D
100
AcDbEntity
  8
0
100
AcDbCircle
 10
117.2134188315398
 20
584.3796850385431
 30
0.0
 40
479.3064850385579
100
AcDbArc
 50
269.792804312724
 51
269.9999857950061
  0
LINE
  5
5F3A
330
1D
100
AcDbEntity
  8
0
100
AcDbLine
 10
115.1139253956578
 20
105.1822537333771
 30
0.0
 11
113.5332
 21
179.6058
 31
0.0
  0
ARC
  5
5F3B
330
1D
100
AcDbEntity
  8
0
100
AcDbCircle
 10
269.3280065010687
 20
179.6059473796431
 30
0.0
 40
155.7948065011384
100
AcDbArc
 50
179.6223607643581
 51
180.0000542009821
  0
ARC
  5
5F3C
330
1D
100
AcDbEntity
  8
0
100
AcDbCircle
 10
117.1893919369509
 20
180.6087199699958
 30
0.0
 40
3.652887246923589
100
AcDbArc
 50
173.9909417483314
 51
179.6224415603487
  0
ARC
  5
5F3D
330
1D
100
AcDbEntity
  8
0
100
AcDbCircle
 10
114.0106335455189
 20
180.9433272312429
 30
0.0
 40
0.4565664040868782
100
AcDbArc
 50
152.4058958002949
 51
173.9907147765641
  0
ARC
  5
5F3E
330
1D
100
AcDbEntity
  8
0
100
AcDbCircle
 10
113.7024004995392
 20
181.1044283235527
 30
0.0
 40
0.1087716764484301
100
AcDbArc
 50
90.00026313365273
 51
152.40642518529
  0
ARC
  5
5F3F
330
1D
100
AcDbEntity
  8
0
100
AcDbCircle
 10
113.7023989071379
 20
181.4728190932465
 30
0.0
 40
0.2596190932487994
100
AcDbArc
 50
270.0002411855825
 51
286.5309112413348
  0
ARC
  5
5F40
330
1D
100
AcDbEntity
  8
0
100
AcDbCircle
 10
113.7405631889393
 20
181.344237605447
 30
0.0
 40
0.1254933634009511
100
AcDbArc
 50
286.530368040956
 51
314.9997435405928
  0
ARC
  5
5F41
330
1D
100
AcDbEntity
  8
0
100
AcDbCircle
 10
113.740562394553
 20
181.3442368110606
 30
0.0
 40
0.125493363400932
100
AcDbArc
 50
315.0002564594348
 51
343.4696319590689
  0
ARC
  5
5F42
330
1D
100
AcDbEntity
  8
0
100
AcDbCircle
 10
113.6119809067536
 20
181.3824010928621
 30
0.0
 40
0.2596190932486925
100
AcDbArc
 50
343.4690887586548
 51
359.9997588144081
  0
ARC
  5
5F43
330
1D
100
AcDbEntity
  8
0
100
AcDbCircle
 10
113.9776937603906
 20
181.3824000165785
 30
0.0
 40
0.106093760390594
100
AcDbArc
 50
101.6665220374348
 51
180.0000089531928
  0
ARC
  5
5F44
330
1D
100
AcDbEntity
  8
0
100
AcDbCircle
 10
114.4084012281167
 20
179.2964273886735
 30
0.0
 40
2.236068109325898
100
AcDbArc
 50
93.05292129234342
 51
101.6663779075036
  0
ARC
  5
5F45
330
1D
100
AcDbEntity
  8
0
100
AcDbCircle
 10
115.0121712536239
 20
167.9758079684356
 30
0.0
 40
13.57277672786084
100
AcDbArc
 50
90.16993276789106
 51
93.05290431650744
  0
ARC
  5
5F46
330
1D
100
AcDbEntity
  8
0
100
AcDbCircle
 10
117.044058642524
 20
-516.6247552662046
 30
0.0
 40
698.1763552662059
100
AcDbArc
 50
89.99999660600247
 51
90.1700504483888
  0
LINE
  5
5F47
330
1D
100
AcDbEntity
  8
0
100
AcDbLine
 10
117.0441
 20
181.5516
 30
0.0
 11
120.2166
 21
181.5516
 31
0.0
  0
LINE
  5
5F48
330
1D
100
AcDbEntity
  8
0
100
AcDbLine
 10
120.2166
 20
181.5516
 30
0.0
 11
120.2166
 21
179.6058
 31
0.0
  0
ARC
  5
5F49
330
1D
100
AcDbEntity
  8
0
100
AcDbCircle
 10
360.061242422092
 20
179.6058593249323
 30
0.0
 40
239.8446424220994
100
AcDbArc
 50
180.000014171958
 51
180.2993271539616
  0
ARC
  5
5F4A
330
1D
100
AcDbEntity
  8
0
100
AcDbCircle
 10
-139.2683476753703
 20
171.6004679671418
 30
0.0
 40
259.5760609925836
100
AcDbArc
 50
0.8864327424375494
 51
1.490611635296535
  0
LINE
  5
5F7B
330
1D
100
AcDbEntity
  8
0
100
AcDbLine
 10
119.8359
 20
175.545
 30
0.0
 11
120.555
 21
175.545
 31
0.0
  0
LINE
  5
5F7C
330
1D
100
AcDbEntity
  8
0
100
AcDbLine
 10
120.555
 20
175.545
 30
0.0
 11
120.555
 21
175.2066
 31
0.0
  0
LINE
  5
5F7D
330
1D
100
AcDbEntity
  8
0
100
AcDbLine
 10
120.555
 20
175.2066
 30
0.0
 11
120.555
 21
174.8682
 31
0.0
  0
LINE
  5
5F7E
330
1D
100
AcDbEntity
  8
0
100
AcDbLine
 10
120.555
 20
174.8682
 30
0.0
 11
127.2384
 21
174.8682
 31
0.0
  0
ARC
  5
5F7F
330
1D
100
AcDbEntity
  8
0
100
AcDbCircle
 10
127.238691907153
 20
3521.270808228398
 30
0.0
 40
3346.402608228411
100
AcDbArc
 50
269.9999950020814
 51
270.0756254282933
  0
ARC
  5
5F80
330
1D
100
AcDbEntity
  8
0
100
AcDbCircle
 10
131.5781215309093
 20
233.6302619674955
 30
0.0
 40
58.75919811409318
100
AcDbArc
 50
270.0755976170953
 51
271.4502214748402
  0
ARC
  5
5F81
330
1D
100
AcDbEntity
  8
0
100
AcDbCircle
 10
132.6045323857601
 20
193.0863770134408
 30
0.0
 40
18.20232290890453
100
AcDbArc
 50
271.4502852993967
 51
273.8165169111439
  0
ARC
  5
5F82
330
1D
100
AcDbEntity
  8
0
100
AcDbCircle
 10
133.8085699377133
 20
175.0373999347512
 30
0.0
 40
0.1132300622866619
100
AcDbArc
 50
273.8166665946748
 51
0.0000330166515163
  0
ARC
  5
5F83
330
1D
100
AcDbEntity
  8
0
100
AcDbCircle
 10
134.1814190932465
 20
175.0373989071378
 30
0.0
 40
0.2596190932487994
100
AcDbArc
 50
163.4690887586423
 51
179.9997588143956
  0
ARC
  5
5F84
330
1D
100
AcDbEntity
  8
0
100
AcDbCircle
 10
134.052837605447
 20
175.0755631889394
 30
0.0
 40
0.1254933634009349
100
AcDbArc
 50
135.0002564594348
 51
163.4696319590688
  0
ARC
  5
5F85
330
1D
100
AcDbEntity
  8
0
100
AcDbCircle
 10
134.0528368110606
 20
175.0755623945529
 30
0.0
 40
0.125493363400932
100
AcDbArc
 50
106.5303680409312
 51
134.9997435405652
  0
ARC
  5
5F86
330
1D
100
AcDbEntity
  8
0
100
AcDbCircle
 10
134.0910010928621
 20
174.9469809067535
 30
0.0
 40
0.2596190932487985
100
AcDbArc
 50
90.00024118560444
 51
106.5309112413577
  0
ARC
  5
5F87
330
1D
100
AcDbEntity
  8
0
100
AcDbCircle
 10
134.0910005400885
 20
175.4403648098054
 30
0.0
 40
0.2337648098060172
100
AcDbArc
 50
269.999867624243
 51
291.6978051197292
  0
ARC
  5
5F88
330
1D
100
AcDbEntity
  8
0
100
AcDbCircle
 10
134.141456503229
 20
175.3135591103431
 30
0.0
 40
0.0972895753055945
100
AcDbArc
 50
291.6980932901667
 51
333.4350215361537
  0
ARC
  5
5F89
330
1D
100
AcDbEntity
  8
0
100
AcDbCircle
 10
134.008283844854
 20
175.3801456506461
 30
0.0
 40
0.2461812281546518
100
AcDbArc
 50
333.4349336114776
 51
356.0154176218182
  0
ARC
  5
5F8A
330
1D
100
AcDbEntity
  8
0
100
AcDbCircle
 10
131.6416395340414
 20
175.5450030255879
 30
0.0
 40
2.618560465960328
100
AcDbArc
 50
356.0152992839797
 51
359.9999337981998
  0
ARC
  5
5F8B
330
1D
100
AcDbEntity
  8
0
100
AcDbCircle
 10
137.3030619547983
 20
175.5450012200107
 30
0.0
 40
3.042861954798627
100
AcDbArc
 50
176.2992664834893
 51
180.0000229722766
  0
ARC
  5
5F8C
330
1D
100
AcDbEntity
  8
0
100
AcDbCircle
 10
134.4530848477071
 20
175.7293371733465
 30
0.0
 40
0.1869296631233895
100
AcDbArc
 50
147.9945071482312
 51
176.299132604397
  0
ARC
  5
5F8D
330
1D
100
AcDbEntity
  8
0
100
AcDbCircle
 10
134.3746429373215
 20
175.7783635954861
 30
0.0
 40
0.0944271043871399
100
AcDbArc
 50
102.4758689063292
 51
147.9945171313312
  0
ARC
  5
5F8E
330
1D
100
AcDbEntity
  8
0
100
AcDbCircle
 10
134.4717024044479
 20
175.3396926750261
 30
0.0
 40
0.5437073249791538
100
AcDbArc
 50
90.00025338028285
 51
102.4761036453708
  0
ARC
  5
5F8F
330
1D
100
AcDbEntity
  8
0
100
AcDbCircle
 10
134.4717007626953
 20
176.3958538835627
 30
0.0
 40
0.5124538835632954
100
AcDbArc
 50
269.999914725547
 51
283.4288648705377
  0
ARC
  5
5F90
330
1D
100
AcDbEntity
  8
0
100
AcDbCircle
 10
134.5691532748062
 20
175.9877012747096
 30
0.0
 40
0.0928284026530416
100
AcDbArc
 50
283.4291489289777
 51
330.9455250080903
  0
ARC
  5
5F91
330
1D
100
AcDbEntity
  8
0
100
AcDbCircle
 10
134.4598145184209
 20
176.0484451379037
 30
0.0
 40
0.217907499881822
100
AcDbArc
 50
330.9454256984023
 51
357.0898489691915
  0
ARC
  5
5F92
330
1D
100
AcDbEntity
  8
0
100
AcDbCircle
 10
130.2177360757895
 20
176.264097785518
 30
0.0
 40
4.465463924211045
100
AcDbArc
 50
357.0897884304161
 51
0.0000284137262865
  0
ARC
  5
5F93
330
1D
100
AcDbEntity
  8
0
100
AcDbCircle
 10
138.440732382344
 20
176.2641047244648
 30
0.0
 40
3.757532382347037
100
AcDbArc
 50
176.7999669681847
 51
180.0000720398035
  0
ARC
  5
5F94
330
1D
100
AcDbEntity
  8
0
100
AcDbCircle
 10
134.9803550940917
 20
176.4575695933749
 30
0.0
 40
0.2917511381699631
100
AcDbArc
 50
156.037286037726
 51
176.7995241989972
  0
ARC
  5
5F95
330
1D
100
AcDbEntity
  8
0
100
AcDbCircle
 10
134.8041141495007
 20
176.5358998864436
 30
0.0
 40
0.0988871825886826
100
AcDbArc
 50
113.4292423225985
 51
156.0373684219611
  0
ARC
  5
5F96
330
1D
100
AcDbEntity
  8
0
100
AcDbCircle
 10
134.8524009068487
 20
176.4244763605097
 30
0.0
 40
0.2203236394921817
100
AcDbArc
 50
90.00023582855098
 51
113.4297100321862
  0
ARC
  5
5F97
330
1D
100
AcDbEntity
  8
0
100
AcDbCircle
 10
134.8524001612753
 20
176.750020847686
 30
0.0
 40
0.1052208476862219
100
AcDbArc
 50
269.9999121809605
 51
341.7720810725787
  0
ARC
  5
5F98
330
1D
100
AcDbEntity
  8
0
100
AcDbCircle
 10
134.0206371835
 20
177.0239361082834
 30
0.0
 40
0.9809258329320662
100
AcDbArc
 50
341.7722849753694
 51
355.7636951854734
  0
ARC
  5
5F99
330
1D
100
AcDbEntity
  8
0
100
AcDbCircle
 10
127.8494320423629
 20
177.4810695104181
 30
0.0
 40
7.169038941247468
100
AcDbArc
 50
355.7635609611706
 51
359.7523195233495
  0
ARC
  5
5F9A
330
1D
100
AcDbEntity
  8
0
100
AcDbCircle
 10
-207.0057315315871
 20
178.9286690710641
 30
0.0
 40
342.0273315317472
100
AcDbArc
 50
359.7523085824848
 51
0.0000554365969916
  0
ARC
  5
5F9B
330
1D
100
AcDbEntity
  8
0
100
AcDbCircle
 10
-207.0057315315871
 20
178.9293309289357
 30
0.0
 40
342.0273315317472
100
AcDbArc
 50
359.999944563403
 51
0.2476914175151693
  0
ARC
  5
5F9C
330
1D
100
AcDbEntity
  8
0
100
AcDbCircle
 10
127.8494320423633
 20
180.3769304895819
 30
0.0
 40
7.16903894124707
100
AcDbArc
 50
0.2476804766504741
 51
4.23643903882936
  0
ARC
  5
5F9D
330
1D
100
AcDbEntity
  8
0
100
AcDbCircle
 10
134.0206371835
 20
180.8340638917165
 30
0.0
 40
0.980925832932059
100
AcDbArc
 50
4.236304814525029
 51
18.22771502462896
  0
ARC
  5
5F9E
330
1D
100
AcDbEntity
  8
0
100
AcDbCircle
 10
134.8524001612752
 20
181.1079791523138
 30
0.0
 40
0.1052208476862458
100
AcDbArc
 50
18.22791892741651
 51
90.00008781902387
  0
ARC
  5
5F9F
330
1D
100
AcDbEntity
  8
0
100
AcDbCircle
 10
134.852401092862
 20
181.4728190932464
 30
0.0
 40
0.2596190932486857
100
AcDbArc
 50
253.469088758655
 51
269.9997588144081
  0
ARC
  5
5FA0
330
1D
100
AcDbEntity
  8
0
100
AcDbCircle
 10
134.8142368110607
 20
181.344237605447
 30
0.0
 40
0.1254933634009592
100
AcDbArc
 50
225.0002564593981
 51
253.4696319590315
  0
ARC
  5
5FA1
330
1D
100
AcDbEntity
  8
0
100
AcDbCircle
 10
134.814237605447
 20
181.3442368110607
 30
0.0
 40
0.1254933634009722
100
AcDbArc
 50
196.5303680409524
 51
224.9997435405836
  0
ARC
  5
5FA2
330
1D
100
AcDbEntity
  8
0
100
AcDbCircle
 10
134.9428190932463
 20
181.382401092862
 30
0.0
 40
0.2596190932486571
100
AcDbArc
 50
180.0002411855856
 51
196.5309112413407
  0
ARC
  5
5FA3
330
1D
100
AcDbEntity
  8
0
100
AcDbCircle
 10
134.4628763605096
 20
181.3823990931513
 30
0.0
 40
0.2203236394922403
100
AcDbArc
 50
0.0002358285362085
 51
23.42971003217057
  0
ARC
  5
5FA4
330
1D
100
AcDbEntity
  8
0
100
AcDbCircle
 10
134.5743003864436
 20
181.4306871326641
 30
0.0
 40
0.0988862140080238
100
AcDbArc
 50
23.42867586431357
 51
66.03680196367341
  0
ARC
  5
5FA5
330
1D
100
AcDbEntity
  8
0
100
AcDbCircle
 10
134.4959700933748
 20
181.2544421765572
 30
0.0
 40
0.2917538353498519
100
AcDbArc
 50
66.03741400137663
 51
86.79965216264816
  0
ARC
  5
5FA6
330
1D
100
AcDbEntity
  8
0
100
AcDbCircle
 10
134.3025047244648
 20
177.7940676176559
 30
0.0
 40
3.757532382347037
100
AcDbArc
 50
86.79996696818426
 51
90.00007203980308
  0
ARC
  5
5FA7
330
1D
100
AcDbEntity
  8
0
100
AcDbCircle
 10
134.3024952755347
 20
185.3091323823446
 30
0.0
 40
3.757532382347548
100
AcDbArc
 50
266.7999669681925
 51
270.0000720398112
  0
ARC
  5
5FA8
330
1D
100
AcDbEntity
  8
0
100
AcDbCircle
 10
134.1090299066252
 20
181.8487578234426
 30
0.0
 40
0.2917538353497993
100
AcDbArc
 50
246.0374140013596
 51
266.7996521626308
  0
ARC
  5
5FA9
330
1D
100
AcDbEntity
  8
0
100
AcDbCircle
 10
134.0306996135564
 20
181.6725128673359
 30
0.0
 40
0.0988862140080084
100
AcDbArc
 50
203.4286758643136
 51
246.0368019636734
  0
ARC
  5
5FAA
330
1D
100
AcDbEntity
  8
0
100
AcDbCircle
 10
134.1421236394903
 20
181.7208009068487
 30
0.0
 40
0.2203236394921817
100
AcDbArc
 50
180.0002358285509
 51
203.4297100321862
  0
ARC
  5
5FAB
330
1D
100
AcDbEntity
  8
0
100
AcDbCircle
 10
133.7357393157198
 20
181.7207992684775
 30
0.0
 40
0.1860606842816309
100
AcDbArc
 50
0.0002252660149485
 51
28.83420229343279
  0
ARC
  5
5FAC
330
1D
100
AcDbEntity
  8
0
100
AcDbCircle
 10
133.8024399394741
 20
181.7575214350417
 30
0.0
 40
0.1099194292084541
100
AcDbArc
 50
28.83359902231723
 51
71.56478470239273
  0
ARC
  5
5FAD
330
1D
100
AcDbEntity
  8
0
100
AcDbCircle
 10
133.6924173834857
 20
181.4274483392583
 30
0.0
 40
0.4578464494060572
100
AcDbArc
 50
71.56520199897383
 51
88.06235675198477
  0
ARC
  5
5FAE
330
1D
100
AcDbEntity
  8
0
100
AcDbCircle
 10
133.4141937390919
 20
173.2039859144371
 30
0.0
 40
8.686014085565156
100
AcDbArc
 50
88.06226161039742
 51
89.9999587010099
  0
ARC
  5
5FAF
330
1D
100
AcDbEntity
  8
0
100
AcDbCircle
 10
133.4142062609081
 20
173.2039859144371
 30
0.0
 40
8.686014085565156
100
AcDbArc
 50
90.00004129899011
 51
91.93773838960265
  0
ARC
  5
5FB0
330
1D
100
AcDbEntity
  8
0
100
AcDbCircle
 10
133.1359826165142
 20
181.4274483392583
 30
0.0
 40
0.457846449406058
100
AcDbArc
 50
91.93764324801524
 51
108.4347980010262
  0
ARC
  5
5FB1
330
1D
100
AcDbEntity
  8
0
100
AcDbCircle
 10
133.0259600605258
 20
181.7575214350417
 30
0.0
 40
0.1099194292084527
100
AcDbArc
 50
108.4352152976073
 51
151.1664009776828
  0
ARC
  5
5FB2
330
1D
100
AcDbEntity
  8
0
100
AcDbCircle
 10
133.0926606842802
 20
181.7207992684775
 30
0.0
 40
0.1860606842816171
100
AcDbArc
 50
151.1657977065672
 51
179.999774733985
  0
ARC
  5
5FB3
330
1D
100
AcDbEntity
  8
0
100
AcDbCircle
 10
132.8013791523139
 20
181.7207998387246
 30
0.0
 40
0.1052208476862219
100
AcDbArc
 50
288.2279189274214
 51
0.0000878190393438
  0
ARC
  5
5FB4
330
1D
100
AcDbEntity
  8
0
100
AcDbCircle
 10
132.5274638917165
 20
182.5525628165
 30
0.0
 40
0.9809258329320662
100
AcDbArc
 50
274.2363048145266
 51
288.2277150246305
  0
ARC
  5
5FB5
330
1D
100
AcDbEntity
  8
0
100
AcDbCircle
 10
132.0703304895823
 20
188.723767957637
 30
0.0
 40
7.16903894124744
100
AcDbArc
 50
270.2476804766472
 51
274.2364390388262
  0
ARC
  5
5FB6
330
1D
100
AcDbEntity
  8
0
100
AcDbCircle
 10
130.6227309289357
 20
523.5789315315871
 30
0.0
 40
342.0273315317473
100
AcDbArc
 50
269.999944563403
 51
270.2476914175152
  0
LINE
  5
5FB7
330
1D
100
AcDbEntity
  8
0
100
AcDbLine
 10
130.6224
 20
181.5516
 30
0.0
 11
128.3382
 21
181.5516
 31
0.0
  0
LINE
  5
5FB8
330
1D
100
AcDbEntity
  8
0
100
AcDbLine
 10
128.3382
 20
181.5516
 30
0.0
 11
128.3382
 21
185.2317
 31
0.0
  0
LINE
  5
5FB9
330
1D
100
AcDbEntity
  8
0
100
AcDbLine
 10
128.3382
 20
185.2317
 30
0.0
 11
128.3382
 21
188.9118
 31
0.0
  0
LINE
  5
5FBA
330
1D
100
AcDbEntity
  8
0
100
AcDbLine
 10
128.3382
 20
188.9118
 30
0.0
 11
143.1432
 21
188.9118
 31
0.0
  0
LINE
  5
5FBB
330
1D
100
AcDbEntity
  8
0
100
AcDbLine
 10
143.1432
 20
188.9118
 30
0.0
 11
157.9482
 21
188.9118
 31
0.0
  0
LINE
  5
5FBC
330
1D
100
AcDbEntity
  8
0
100
AcDbLine
 10
157.9482
 20
188.9118
 30
0.0
 11
157.9482
 21
189.1233
 31
0.0
  0
ARC
  5
5FBD
330
1D
100
AcDbEntity
  8
0
100
AcDbCircle
 10
158.5085071001058
 20
189.1233007884695
 30
0.0
 40
0.5603071001064143
100
AcDbArc
 50
169.7127771335179
 51
180.0000806271844
  0
ARC
  5
5FBE
330
1D
100
AcDbEntity
  8
0
100
AcDbCircle
 10
158.0980350559783
 20
189.1978012146419
 30
0.0
 40
0.1431289457054441
100
AcDbArc
 50
141.3402728391203
 51
169.7126073612779
  0
ARC
  5
5FBF
330
1D
100
AcDbEntity
  8
0
100
AcDbCircle
 10
158.0703630878831
 20
189.2199378533739
 30
0.0
 40
0.1076921203397421
100
AcDbArc
 50
107.3340825185196
 51
141.3399107702368
  0
ARC
  5
5FC0
330
1D
100
AcDbEntity
  8
0
100
AcDbCircle
 10
158.1173995266564
 20
189.069239849711
 30
0.0
 40
0.2655601502893521
100
AcDbArc
 50
89.99989787402849
 51
107.3342637289812
  0
ARC
  5
5FC1
330
1D
100
AcDbEntity
  8
0
100
AcDbCircle
 10
158.1173989071379
 20
189.5944190932465
 30
0.0
 40
0.2596190932487994
100
AcDbArc
 50
270.0002411855856
 51
286.5309112413378
  0
ARC
  5
5FC2
330
1D
100
AcDbEntity
  8
0
100
AcDbCircle
 10
158.1555631889393
 20
189.465837605447
 30
0.0
 40
0.1254933634009592
100
AcDbArc
 50
286.5303680409685
 51
314.999743540602
  0
ARC
  5
5FC3
330
1D
100
AcDbEntity
  8
0
100
AcDbCircle
 10
158.155562394553
 20
189.4658368110606
 30
0.0
 40
0.125493363400932
100
AcDbArc
 50
315.0002564594348
 51
343.4696319590689
  0
ARC
  5
5FC4
330
1D
100
AcDbEntity
  8
0
100
AcDbCircle
 10
158.0269809067535
 20
189.5040010928621
 30
0.0
 40
0.2596190932488014
100
AcDbArc
 50
343.4690887586622
 51
359.9997588144144
  0
ARC
  5
5FC5
330
1D
100
AcDbEntity
  8
0
100
AcDbCircle
 10
158.4726606842802
 20
189.5039992684776
 30
0.0
 40
0.1860606842816309
100
AcDbArc
 50
151.1657977065672
 51
179.999774733985
  0
ARC
  5
5FC6
330
1D
100
AcDbEntity
  8
0
100
AcDbCircle
 10
158.4059600605258
 20
189.5407214350417
 30
0.0
 40
0.1099194292084541
100
AcDbArc
 50
108.4352152976073
 51
151.1664009776828
  0
ARC
  5
5FC7
330
1D
100
AcDbEntity
  8
0
100
AcDbCircle
 10
158.5159826165142
 20
189.2106483392582
 30
0.0
 40
0.457846449406174
100
AcDbArc
 50
91.93764324800408
 51
108.4347980010138
  0
ARC
  5
5FC8
330
1D
100
AcDbEntity
  8
0
100
AcDbCircle
 10
158.7942062609089
 20
180.9871859144379
 30
0.0
 40
8.686014085564307
100
AcDbArc
 50
90.00004129899592
 51
91.93773838960842
  0
LINE
  5
5FC9
330
1D
100
AcDbEntity
  8
0
100
AcDbLine
 10
158.7942
 20
189.6732
 30
0.0
 11
159.3018
 21
189.6732
 31
0.0
  0
LINE
  5
5FCA
330
1D
100
AcDbEntity
  8
0
100
AcDbLine
 10
159.3018
 20
189.6732
 30
0.0
 11
159.3018
 21
189.2925
 31
0.0
  0
ARC
  5
5FCB
330
1D
100
AcDbEntity
  8
0
100
AcDbCircle
 10
155.5442676176559
 20
189.2924952755346
 30
0.0
 40
3.757532382347037
100
AcDbArc
 50
356.7999669681925
 51
0.0000720398112835
  0
ARC
  5
5FCC
330
1D
100
AcDbEntity
  8
0
100
AcDbCircle
 10
159.0046421765572
 20
189.0990299066251
 30
0.0
 40
0.2917538353498497
100
AcDbArc
 50
336.0374140013817
 51
356.7996521626537
  0
ARC
  5
5FCD
330
1D
100
AcDbEntity
  8
0
100
AcDbCircle
 10
159.1808871326641
 20
189.0206996135563
 30
0.0
 40
0.0988862140080343
100
AcDbArc
 50
293.4286758643136
 51
336.0368019636801
  0
ARC
  5
5FCE
330
1D
100
AcDbEntity
  8
0
100
AcDbCircle
 10
159.1325990931513
 20
189.1321236394903
 30
0.0
 40
0.2203236394921852
100
AcDbArc
 50
270.0002358285362
 51
293.4297100321696
  0
ARC
  5
5FCF
330
1D
100
AcDbEntity
  8
0
100
AcDbCircle
 10
159.1325994599114
 20
188.6780351901945
 30
0.0
 40
0.2337648098060172
100
AcDbArc
 50
89.99986762423603
 51
111.6978051197228
  0
ARC
  5
5FD0
330
1D
100
AcDbEntity
  8
0
100
AcDbCircle
 10
159.082143496771
 20
188.8048408896568
 30
0.0
 40
0.097289575305584
100
AcDbArc
 50
111.6980932901512
 51
153.4350215361462
  0
ARC
  5
5FD1
330
1D
100
AcDbEntity
  8
0
100
AcDbCircle
 10
159.215316155146
 20
188.7382543493538
 30
0.0
 40
0.2461812281546518
100
AcDbArc
 50
153.4349336114776
 51
176.0154176218182
  0
ARC
  5
5FD2
330
1D
100
AcDbEntity
  8
0
100
AcDbCircle
 10
161.581960465959
 20
188.5733969744121
 30
0.0
 40
2.618560465960755
100
AcDbArc
 50
176.0152992839796
 51
179.9999337981999
  0
LINE
  5
5FD3
330
1D
100
AcDbEntity
  8
0
100
AcDbLine
 10
158.9634
 20
188.5734
 30
0.0
 11
158.9634
 21
188.235
 31
0.0
  0
ARC
  5
5FD6
330
1D
100
AcDbEntity
  8
0
100
AcDbCircle
 10
159.4666543493538
 20
188.486916155146
 30
0.0
 40
0.2461812281546502
100
AcDbArc
 50
273.9845823781818
 51
296.5650663885224
  0
ARC
  5
5FD7
330
1D
100
AcDbEntity
  8
0
100
AcDbCircle
 10
159.5332408896568
 20
188.353743496771
 30
0.0
 40
0.097289575305566
100
AcDbArc
 50
296.5649784638388
 51
338.301906709827
  0
ARC
  5
5FD8
330
1D
100
AcDbEntity
  8
0
100
AcDbCircle
 10
159.4064351901945
 20
188.4041994599114
 30
0.0
 40
0.2337648098061072
100
AcDbArc
 50
338.3021948802785
 51
0.0001323757639636
  0
ARC
  5
5FD9
330
1D
100
AcDbEntity
  8
0
100
AcDbCircle
 10
159.3805809067535
 20
188.4041989071379
 30
0.0
 40
0.259619093248771
100
AcDbArc
 50
0.0002411855856095
 51
16.53091124133966
  0
ARC
  5
5FDA
330
1D
100
AcDbEntity
  8
0
100
AcDbCircle
 10
159.509162394553
 20
188.4423631889394
 30
0.0
 40
0.1254933634009349
100
AcDbArc
 50
16.53036804093118
 51
44.99974354056521
  0
ARC
  5
5FDB
330
1D
100
AcDbEntity
  8
0
100
AcDbCircle
 10
159.5091631889394
 20
188.442362394553
 30
0.0
 40
0.125493363400932
100
AcDbArc
 50
45.00025645943476
 51
73.46963195906879
  0
ARC
  5
5FDC
330
1D
100
AcDbEntity
  8
0
100
AcDbCircle
 10
159.4709989071379
 20
188.3137809067535
 30
0.0
 40
0.2596190932487742
100
AcDbArc
 50
73.46908875866034
 51
89.99975881441439
  0
ARC
  5
5FDD
330
1D
100
AcDbEntity
  8
0
100
AcDbCircle
 10
159.471001092862
 20
188.8330190932465
 30
0.0
 40
0.2596190932487994
100
AcDbArc
 50
253.4690887586423
 51
269.9997588143956
  0
ARC
  5
5FDE
330
1D
100
AcDbEntity
  8
0
100
AcDbCircle
 10
159.4328368110606
 20
188.704437605447
 30
0.0
 40
0.1254933634009349
100
AcDbArc
 50
225.0002564594347
 51
253.4696319590688
  0
ARC
  5
5FDF
330
1D
100
AcDbEntity
  8
0
100
AcDbCircle
 10
159.432837605447
 20
188.7044368110606
 30
0.0
 40
0.1254933634009521
100
AcDbArc
 50
196.5303680409436
 51
224.9997435405744
  0
ARC
  5
5FE0
330
1D
100
AcDbEntity
  8
0
100
AcDbCircle
 10
159.5614190932464
 20
188.7426010928621
 30
0.0
 40
0.2596190932487985
100
AcDbArc
 50
180.0002411856044
 51
196.5309112413577
  0
ARC
  5
5FE1
330
1D
100
AcDbEntity
  8
0
100
AcDbCircle
 10
159.4215811752751
 20
188.7425997329087
 30
0.0
 40
0.1197811752754057
100
AcDbArc
 50
91.19170746797413
 51
179.9998722403189
  0
ARC
  5
5FE2
330
1D
100
AcDbEntity
  8
0
100
AcDbCircle
 10
163.3201419864542
 20
1.368186280681952
 30
0.0
 40
187.5347474745657
100
AcDbArc
 50
90.6622975321042
 51
91.1919387750358
  0
ARC
  5
5FE3
330
1D
100
AcDbEntity
  8
0
100
AcDbCircle
 10
164.3709939382215
 20
-89.52096113073398
 30
0.0
 40
278.4299696095801
100
AcDbArc
 50
90.03346029181981
 51
90.6623371893748
  0
ARC
  5
5FE4
330
1D
100
AcDbEntity
  8
0
100
AcDbCircle
 10
173.93429776623
 20
-16470.69029178121
 30
0.0
 40
16659.60209178154
100
AcDbArc
 50
89.99998864294253
 51
90.03344937794045
  0
LINE
  5
5FE5
330
1D
100
AcDbEntity
  8
0
100
AcDbLine
 10
173.9376
 20
188.9118
 30
0.0
 11
188.5734
 21
188.9118
 31
0.0
  0
LINE
  5
5FE6
330
1D
100
AcDbEntity
  8
0
100
AcDbLine
 10
188.5734
 20
188.9118
 30
0.0
 11
188.5734
 21
185.4009
 31
0.0
  0
ARC
  5
5FE7
330
1D
100
AcDbEntity
  8
0
100
AcDbCircle
 10
-679.3287995493829
 20
185.4017229673463
 30
0.0
 40
867.9021995497732
100
AcDbArc
 50
359.8482264686705
 51
359.9999456706578
  0
ARC
  5
5FE8
330
1D
100
AcDbEntity
  8
0
100
AcDbCircle
 10
172.0232924454208
 20
183.1465344116084
 30
0.0
 40
16.54712062010005
100
AcDbArc
 50
357.2409087614496
 51
359.8482126063081
  0
ARC
  5
5FE9
330
1D
100
AcDbEntity
  8
0
100
AcDbCircle
 10
185.624172345505
 20
182.4910828804802
 30
0.0
 40
2.9304561692974
100
AcDbArc
 50
349.9189975975206
 51
357.2407397640503
  0
ARC
  5
5FEA
330
1D
100
AcDbEntity
  8
0
100
AcDbCircle
 10
188.4041999377807
 20
181.9968354564599
 30
0.0
 40
0.1068354564599539
100
AcDbArc
 50
270.0000333681511
 51
349.9190260275677
  0
ARC
  5
5FEB
330
1D
100
AcDbEntity
  8
0
100
AcDbCircle
 10
188.404201092862
 20
181.6303809067535
 30
0.0
 40
0.259619093248771
100
AcDbArc
 50
90.00024118558561
 51
106.5309112413396
  0
ARC
  5
5FEC
330
1D
100
AcDbEntity
  8
0
100
AcDbCircle
 10
188.3660368110606
 20
181.7589623945529
 30
0.0
 40
0.1254933634009349
100
AcDbArc
 50
106.5303680409312
 51
134.9997435405652
  0
ARC
  5
5FED
330
1D
100
AcDbEntity
  8
0
100
AcDbCircle
 10
188.366037605447
 20
181.7589631889394
 30
0.0
 40
0.125493363400932
100
AcDbArc
 50
135.0002564594348
 51
163.4696319590688
  0
ARC
  5
5FEE
330
1D
100
AcDbEntity
  8
0
100
AcDbCircle
 10
188.4946190932465
 20
181.7207989071379
 30
0.0
 40
0.2596190932487742
100
AcDbArc
 50
163.4690887586603
 51
179.9997588144144
  0
ARC
  5
5FEF
330
1D
100
AcDbEntity
  8
0
100
AcDbCircle
 10
188.1298500428662
 20
181.7207999599912
 30
0.0
 40
0.1051499571338544
100
AcDbArc
 50
286.6107112037428
 51
0.0000218006228612
  0
ARC
  5
5FF0
330
1D
100
AcDbEntity
  8
0
100
AcDbCircle
 10
187.8270671744336
 20
182.7357738865385
 30
0.0
 40
1.164323945195742
100
AcDbArc
 50
273.9451814354485
 51
286.6106819658444
  0
ARC
  5
5FF1
330
1D
100
AcDbEntity
  8
0
100
AcDbCircle
 10
187.3407674952918
 20
189.7871091589815
 30
0.0
 40
8.232408303940513
100
AcDbArc
 50
270.2279370236599
 51
273.9451903755168
  0
ARC
  5
5FF2
330
1D
100
AcDbEntity
  8
0
100
AcDbCircle
 10
185.7812821207567
 20
581.934578152842
 30
0.0
 40
400.3829781529682
100
AcDbArc
 50
270.000045489294
 51
270.2278534336106
  0
ARC
  5
5FF3
330
1D
100
AcDbEntity
  8
0
100
AcDbCircle
 10
185.7819178792432
 20
581.934578152842
 30
0.0
 40
400.3829781529682
100
AcDbArc
 50
269.7721465663894
 51
269.9999545107059
  0
ARC
  5
5FF4
330
1D
100
AcDbEntity
  8
0
100
AcDbCircle
 10
184.2224325047082
 20
189.7871091589815
 30
0.0
 40
8.232408303940513
100
AcDbArc
 50
266.0548096244832
 51
269.7720629763401
  0
ARC
  5
5FF5
330
1D
100
AcDbEntity
  8
0
100
AcDbCircle
 10
183.7361328255662
 20
182.7357738865385
 30
0.0
 40
1.164323945195745
100
AcDbArc
 50
253.3893180341556
 51
266.0548185645516
  0
ARC
  5
5FF6
330
1D
100
AcDbEntity
  8
0
100
AcDbCircle
 10
183.4333499571338
 20
181.7207999599912
 30
0.0
 40
0.1051499571338252
100
AcDbArc
 50
179.9999781993771
 51
253.3892887962572
  0
ARC
  5
5FF7
330
1D
100
AcDbEntity
  8
0
100
AcDbCircle
 10
183.0626398497111
 20
181.7208004733435
 30
0.0
 40
0.2655601502893559
100
AcDbArc
 50
359.9998978740347
 51
17.33426372898706
  0
ARC
  5
5FF8
330
1D
100
AcDbEntity
  8
0
100
AcDbCircle
 10
183.213337353374
 20
181.767835276988
 30
0.0
 40
0.1076930848156382
100
AcDbArc
 50
17.33483368729411
 51
51.3406619390122
  0
ARC
  5
5FF9
330
1D
100
AcDbEntity
  8
0
100
AcDbCircle
 10
183.191200714642
 20
181.7401669220103
 30
0.0
 40
0.1431270888095742
100
AcDbArc
 50
51.33993449263021
 51
79.71226901479194
  0
ARC
  5
5FFC
330
1D
100
AcDbEntity
  8
0
100
AcDbCircle
 10
183.042198785358
 20
181.7401649440216
 30
0.0
 40
0.1431289457054721
100
AcDbArc
 50
100.28739263872
 51
128.6597271608815
  0
ARC
  5
5FFD
330
1D
100
AcDbEntity
  8
0
100
AcDbCircle
 10
183.020062146626
 20
181.7678369121169
 30
0.0
 40
0.1076921203397421
100
AcDbArc
 50
128.6600892297632
 51
162.6659174814804
  0
ARC
  5
5FFE
330
1D
100
AcDbEntity
  8
0
100
AcDbCircle
 10
183.1707601502889
 20
181.7208004733435
 30
0.0
 40
0.2655601502893352
100
AcDbArc
 50
162.6657362710305
 51
180.0001021259838
  0
ARC
  5
5FFF
330
1D
100
AcDbEntity
  8
0
100
AcDbCircle
 10
182.7191393157198
 20
181.7208007315224
 30
0.0
 40
0.1860606842816309
100
AcDbArc
 50
331.1657977065672
 51
359.9997747339851
  0
ARC
  5
6000
330
1D
100
AcDbEntity
  8
0
100
AcDbCircle
 10
182.7858399394741
 20
181.6840785649582
 30
0.0
 40
0.1099194292084541
100
AcDbArc
 50
288.4352152976073
 51
331.1664009776828
  0
ARC
  5
6001
330
1D
100
AcDbEntity
  8
0
100
AcDbCircle
 10
182.6758173834858
 20
182.0141516607418
 30
0.0
 40
0.457846449406174
100
AcDbArc
 50
271.9376432480041
 51
288.4347980010137
  0
ARC
  5
6002
330
1D
100
AcDbEntity
  8
0
100
AcDbCircle
 10
182.397593739091
 20
190.2376140855619
 30
0.0
 40
8.686014085564307
100
AcDbArc
 50
270.0000412989959
 51
271.9377383896084
  0
LINE
  5
6003
330
1D
100
AcDbEntity
  8
0
100
AcDbLine
 10
182.3976
 20
181.5516
 30
0.0
 11
181.89
 21
181.5516
 31
0.0
  0
LINE
  5
6004
330
1D
100
AcDbEntity
  8
0
100
AcDbLine
 10
181.89
 20
181.5516
 30
0.0
 11
181.89
 21
178.8867
 31
0.0
  0
ARC
  5
6005
330
1D
100
AcDbEntity
  8
0
100
AcDbCircle
 10
661.196485038539
 20
178.8868188315437
 30
0.0
 40
479.3064850385538
100
AcDbArc
 50
180.0000142049944
 51
180.2071956872763
  0
ARC
  5
6006
330
1D
100
AcDbEntity
  8
0
100
AcDbCircle
 10
191.5579902890344
 20
177.1884754031356
 30
0.0
 40
9.664919457973324
100
AcDbArc
 50
180.2071526712742
 51
183.6329559271894
  0
ARC
  5
6007
330
1D
100
AcDbEntity
  8
0
100
AcDbCircle
 10
183.3375873320631
 20
176.6665438922418
 30
0.0
 40
1.427963874928962
100
AcDbArc
 50
183.6329392241144
 51
194.8715419772669
  0
ARC
  5
6008
330
1D
100
AcDbEntity
  8
0
100
AcDbCircle
 10
182.059200053848
 20
176.3270712866698
 30
0.0
 40
0.1052712866698633
100
AcDbArc
 50
194.8716088400713
 51
269.9999706922026
  0
ARC
  5
6009
330
1D
100
AcDbEntity
  8
0
100
AcDbCircle
 10
182.0591989071378
 20
175.9621809067535
 30
0.0
 40
0.2596190932487994
100
AcDbArc
 50
73.4690887586423
 51
89.99975881439558
  0
ARC
  5
600A
330
1D
100
AcDbEntity
  8
0
100
AcDbCircle
 10
182.0973631889393
 20
176.0907623945529
 30
0.0
 40
0.125493363400943
100
AcDbArc
 50
45.00025645942559
 51
73.46963195905637
  0
ARC
  5
600B
330
1D
100
AcDbEntity
  8
0
100
AcDbCircle
 10
182.097362394553
 20
176.0907631889393
 30
0.0
 40
0.125493363400932
100
AcDbArc
 50
16.53036804093118
 51
44.99974354056521
  0
ARC
  5
600C
330
1D
100
AcDbEntity
  8
0
100
AcDbCircle
 10
181.9687809067536
 20
176.0525989071379
 30
0.0
 40
0.2596190932486844
100
AcDbArc
 50
0.0002411855856095
 51
16.530911241339
  0
ARC
  5
600D
330
1D
100
AcDbEntity
  8
0
100
AcDbCircle
 10
182.4880190932465
 20
176.0526010928621
 30
0.0
 40
0.2596190932487994
100
AcDbArc
 50
180.0002411856044
 51
196.5309112413577
  0
ARC
  5
600E
330
1D
100
AcDbEntity
  8
0
100
AcDbCircle
 10
182.359437605447
 20
176.0144368110606
 30
0.0
 40
0.125493363400943
100
AcDbArc
 50
196.5303680409436
 51
224.9997435405744
  0
ARC
  5
600F
330
1D
100
AcDbEntity
  8
0
100
AcDbCircle
 10
182.3594368110606
 20
176.014437605447
 30
0.0
 40
0.125493363400932
100
AcDbArc
 50
225.0002564594347
 51
253.4696319590688
  0
ARC
  5
6010
330
1D
100
AcDbEntity
  8
0
100
AcDbCircle
 10
182.3976010928621
 20
176.1430190932465
 30
0.0
 40
0.2596190932487985
100
AcDbArc
 50
253.4690887586423
 51
269.9997588143956
  0
ARC
  5
6011
330
1D
100
AcDbEntity
  8
0
100
AcDbCircle
 10
182.3975989071379
 20
175.6237809067536
 30
0.0
 40
0.2596190932486573
100
AcDbArc
 50
73.4690887586532
 51
89.99975881440812
  0
ARC
  5
6012
330
1D
100
AcDbEntity
  8
0
100
AcDbCircle
 10
182.4357631889393
 20
175.752362394553
 30
0.0
 40
0.125493363400943
100
AcDbArc
 50
45.00025645942559
 51
73.46963195905637
  0
ARC
  5
6013
330
1D
100
AcDbEntity
  8
0
100
AcDbCircle
 10
182.4357623945529
 20
175.7523631889393
 30
0.0
 40
0.1254933634009722
100
AcDbArc
 50
16.53036804095237
 51
44.99974354058358
  0
ARC
  5
6014
330
1D
100
AcDbEntity
  8
0
100
AcDbCircle
 10
182.3071809067535
 20
175.7141989071379
 30
0.0
 40
0.2596190932487742
100
AcDbArc
 50
0.0002411855856095
 51
16.53091124133966
  0
ARC
  5
6015
330
1D
100
AcDbEntity
  8
0
100
AcDbCircle
 10
182.8264190932465
 20
175.714201092862
 30
0.0
 40
0.259619093248771
100
AcDbArc
 50
180.0002411855856
 51
196.5309112413396
  0
ARC
  5
6016
330
1D
100
AcDbEntity
  8
0
100
AcDbCircle
 10
182.697837605447
 20
175.6760368110606
 30
0.0
 40
0.1254933634009783
100
AcDbArc
 50
196.5303680409524
 51
224.9997435405836
  0
ARC
  5
6017
330
1D
100
AcDbEntity
  8
0
100
AcDbCircle
 10
182.6978368110606
 20
175.676037605447
 30
0.0
 40
0.1254933634009521
100
AcDbArc
 50
225.0002564594256
 51
253.4696319590564
  0
ARC
  5
6018
330
1D
100
AcDbEntity
  8
0
100
AcDbCircle
 10
182.7360010928621
 20
175.8046190932464
 30
0.0
 40
0.2596190932486895
100
AcDbArc
 50
253.4690887586352
 51
269.9997588143893
  0
ARC
  5
6019
330
1D
100
AcDbEntity
  8
0
100
AcDbCircle
 10
182.7359989071379
 20
175.2853809067535
 30
0.0
 40
0.2596190932487994
100
AcDbArc
 50
73.46908875866212
 51
89.99975881441439
  0
ARC
  5
601A
330
1D
100
AcDbEntity
  8
0
100
AcDbCircle
 10
182.7741631889393
 20
175.413962394553
 30
0.0
 40
0.1254933634009349
100
AcDbArc
 50
45.00025645943476
 51
73.46963195906879
  0
ARC
  5
601B
330
1D
100
AcDbEntity
  8
0
100
AcDbCircle
 10
182.7741623945529
 20
175.4139631889393
 30
0.0
 40
0.1254933634009521
100
AcDbArc
 50
16.53036804094362
 51
44.99974354057441
  0
ARC
  5
601C
330
1D
100
AcDbEntity
  8
0
100
AcDbCircle
 10
182.6455809067535
 20
175.3757989071378
 30
0.0
 40
0.2596190932487985
100
AcDbArc
 50
0.0002411856044267
 51
16.53091124135769
  0
ARC
  5
601D
330
1D
100
AcDbEntity
  8
0
100
AcDbCircle
 10
183.1707601502889
 20
175.3757995266563
 30
0.0
 40
0.2655601502893274
100
AcDbArc
 50
179.9998978740101
 51
197.3342637289636
  0
ARC
  5
601E
330
1D
100
AcDbEntity
  8
0
100
AcDbCircle
 10
183.020062146626
 20
175.3287630878831
 30
0.0
 40
0.107692120339743
100
AcDbArc
 50
197.3340825185196
 51
231.3399107702368
  0
ARC
  5
601F
330
1D
100
AcDbEntity
  8
0
100
AcDbCircle
 10
183.042198785358
 20
175.3564350559783
 30
0.0
 40
0.1431289457054923
100
AcDbArc
 50
231.3402728391256
 51
259.712607361282
  0
ARC
  5
6020
330
1D
100
AcDbEntity
  8
0
100
AcDbCircle
 10
183.1166992115303
 20
175.7669071001059
 30
0.0
 40
0.5603071001064102
100
AcDbArc
 50
259.7127771335179
 51
270.0000806271845
  0
ARC
  5
6021
330
1D
100
AcDbEntity
  8
0
100
AcDbCircle
 10
183.1167007884695
 20
174.6462928998941
 30
0.0
 40
0.5603071001064427
100
AcDbArc
 50
79.7127771335008
 51
90.00008062716709
  0
ARC
  5
6022
330
1D
100
AcDbEntity
  8
0
100
AcDbCircle
 10
183.191200714642
 20
175.0567669220103
 30
0.0
 40
0.1431270888095759
100
AcDbArc
 50
51.33993449263021
 51
79.71226901479194
  0
ARC
  5
6023
330
1D
100
AcDbEntity
  8
0
100
AcDbCircle
 10
183.213337353374
 20
175.0844352769879
 30
0.0
 40
0.1076930848156495
100
AcDbArc
 50
17.33483368729411
 51
51.3406619390122
  0
ARC
  5
6024
330
1D
100
AcDbEntity
  8
0
100
AcDbCircle
 10
183.0626398497111
 20
175.0374004733435
 30
0.0
 40
0.2655601502893606
100
AcDbArc
 50
359.9998978740347
 51
17.33426372898706
  0
ARC
  5
6025
330
1D
100
AcDbEntity
  8
0
100
AcDbCircle
 10
183.4409000931012
 20
175.0374001842592
 30
0.0
 40
0.1127000931013327
100
AcDbArc
 50
180.0000936758384
 51
265.8682328340906
  0
ARC
  5
6026
330
1D
100
AcDbEntity
  8
0
100
AcDbCircle
 10
184.5592411457357
 20
190.5182276472121
 30
0.0
 40
15.63386968974309
100
AcDbArc
 50
265.8681089874622
 51
268.4724338369351
  0
ARC
  5
6027
330
1D
100
AcDbEntity
  8
0
100
AcDbCircle
 10
185.5559869528221
 20
227.8989860577976
 30
0.0
 40
53.02791469093947
100
AcDbArc
 50
268.4725429302956
 51
269.9200442562807
  0
ARC
  5
6028
330
1D
100
AcDbEntity
  8
0
100
AcDbCircle
 10
189.6714327865224
 20
3177.170871747901
 30
0.0
 40
3002.302671748422
100
AcDbArc
 50
269.9200488204521
 51
270.0000337254051
  0
ARC
  5
6029
330
1D
100
AcDbEntity
  8
0
100
AcDbCircle
 10
189.6749672134774
 20
-2827.434471747881
 30
0.0
 40
3002.302671748401
100
AcDbArc
 50
89.9200488204522
 51
90.00003372540506
  0
ARC
  5
602A
330
1D
100
AcDbEntity
  8
0
100
AcDbCircle
 10
193.7904130471767
 20
121.8374139422024
 30
0.0
 40
53.02791469093946
100
AcDbArc
 50
88.47254293029436
 51
89.92004425627948
  0
ARC
  5
602B
330
1D
100
AcDbEntity
  8
0
100
AcDbCircle
 10
194.7871588542648
 20
159.2181723527872
 30
0.0
 40
15.6338696897437
100
AcDbArc
 50
85.8681089874646
 51
88.47243383693744
  0
ARC
  5
602C
330
1D
100
AcDbEntity
  8
0
100
AcDbCircle
 10
195.9054999068988
 20
174.6989998157408
 30
0.0
 40
0.1127000931013645
100
AcDbArc
 50
0.0000936758384259
 51
85.86823283409056
  0
ARC
  5
602D
330
1D
100
AcDbEntity
  8
0
100
AcDbCircle
 10
196.2778190932465
 20
174.699001092862
 30
0.0
 40
0.2596190932487994
100
AcDbArc
 50
180.0002411855856
 51
196.5309112413378
  0
ARC
  5
602E
330
1D
100
AcDbEntity
  8
0
100
AcDbCircle
 10
196.149237605447
 20
174.6608368110606
 30
0.0
 40
0.1254933634009349
100
AcDbArc
 50
196.5303680409312
 51
224.9997435405652
  0
ARC
  5
602F
330
1D
100
AcDbEntity
  8
0
100
AcDbCircle
 10
196.1492368110606
 20
174.660837605447
 30
0.0
 40
0.1254933634009521
100
AcDbArc
 50
225.0002564594256
 51
253.4696319590564
  0
ARC
  5
6030
330
1D
100
AcDbEntity
  8
0
100
AcDbCircle
 10
196.1874010928621
 20
174.7894190932465
 30
0.0
 40
0.2596190932487985
100
AcDbArc
 50
253.4690887586423
 51
269.9997588143956
  0
ARC
  5
6031
330
1D
100
AcDbEntity
  8
0
100
AcDbCircle
 10
196.1874005400885
 20
174.7635648098054
 30
0.0
 40
0.233764809806074
100
AcDbArc
 50
269.999867624236
 51
291.6978051197241
  0
ARC
  5
6032
330
1D
100
AcDbEntity
  8
0
100
AcDbCircle
 10
196.237856503229
 20
174.6367591103432
 30
0.0
 40
0.0972895753055786
100
AcDbArc
 50
291.6980932901885
 51
333.4350215361837
  0
ARC
  5
6033
330
1D
100
AcDbEntity
  8
0
100
AcDbCircle
 10
196.104683844854
 20
174.7033456506461
 30
0.0
 40
0.2461812281546518
100
AcDbArc
 50
333.4349336114776
 51
356.0154176218182
  0
ARC
  5
6034
330
1D
100
AcDbEntity
  8
0
100
AcDbCircle
 10
193.7380395340414
 20
174.8682030255879
 30
0.0
 40
2.618560465960328
100
AcDbArc
 50
356.0152992839797
 51
359.9999337981998
  0
ARC
  5
6035
330
1D
100
AcDbEntity
  8
0
100
AcDbCircle
 10
193.7380395340414
 20
174.8681969744121
 30
0.0
 40
2.618560465960328
100
AcDbArc
 50
0.0000662018000801
 51
3.984700716020401
  0
ARC
  5
6036
330
1D
100
AcDbEntity
  8
0
100
AcDbCircle
 10
196.104683844854
 20
175.0330543493538
 30
0.0
 40
0.2461812281546502
100
AcDbArc
 50
3.984582378181743
 51
26.56506638852236
  0
ARC
  5
6037
330
1D
100
AcDbEntity
  8
0
100
AcDbCircle
 10
196.237856503229
 20
175.0996408896568
 30
0.0
 40
0.0972895753055787
100
AcDbArc
 50
26.56497846381633
 51
68.30190670981146
  0
ARC
  5
6038
330
1D
100
AcDbEntity
  8
0
100
AcDbCircle
 10
196.1874005400885
 20
174.9728351901945
 30
0.0
 40
0.2337648098060808
100
AcDbArc
 50
68.30219488027591
 51
90.00013237576395
  0
ARC
  5
6039
330
1D
100
AcDbEntity
  8
0
100
AcDbCircle
 10
196.1873999834214
 20
175.3126937603906
 30
0.0
 40
0.106093760390594
100
AcDbArc
 50
191.6665220374454
 51
270.0000089532082
  0
ARC
  5
603A
330
1D
100
AcDbEntity
  8
0
100
AcDbCircle
 10
198.2733726113264
 20
175.7434012281165
 30
0.0
 40
2.236068109325856
100
AcDbArc
 50
183.0529212923383
 51
191.6663779074987
  0
ARC
  5
603B
330
1D
100
AcDbEntity
  8
0
100
AcDbCircle
 10
209.5939920315646
 20
176.3471712536239
 30
0.0
 40
13.57277672786113
100
AcDbArc
 50
180.1699327678911
 51
183.0529043165075
  0
ARC
  5
603C
330
1D
100
AcDbEntity
  8
0
100
AcDbCircle
 10
894.1945552661998
 20
178.3790586425239
 30
0.0
 40
698.1763552662008
100
AcDbArc
 50
179.9999966060024
 51
180.1700504483888
  0
LINE
  5
603D
330
1D
100
AcDbEntity
  8
0
100
AcDbLine
 10
196.0182
 20
178.3791
 30
0.0
 11
196.0182
 21
181.5516
 31
0.0
  0
LINE
  5
603E
330
1D
100
AcDbEntity
  8
0
100
AcDbLine
 10
196.0182
 20
181.5516
 30
0.0
 11
199.3599
 21
181.5516
 31
0.0
  0
ARC
  5
603F
330
1D
100
AcDbEntity
  8
0
100
AcDbCircle
 10
199.3599965353223
 20
-598.8752613771042
 30
0.0
 40
780.4268613771102
100
AcDbArc
 50
89.83957893079901
 51
90.00000708723243
  0
ARC
  5
6040
330
1D
100
AcDbEntity
  8
0
100
AcDbCircle
 10
201.5030259719125
 20
166.525096742541
 30
0.0
 40
15.02350315032073
100
AcDbArc
 50
87.1014211666367
 51
89.8395707715068
  0
ARC
  5
6041
330
1D
100
AcDbEntity
  8
0
100
AcDbCircle
 10
202.1329562430623
 20
178.9661614938198
 30
0.0
 40
2.566500931007025
100
AcDbArc
 50
79.17101166763456
 51
87.10147688775988
  0
ARC
  5
6042
330
1D
100
AcDbEntity
  8
0
100
AcDbCircle
 10
202.5951453170502
 20
181.3824000587109
 30
0.0
 40
0.1064546829498754
100
AcDbArc
 50
359.9999684007498
 51
79.17092333496015
  0
ARC
  5
6043
330
1D
100
AcDbEntity
  8
0
100
AcDbCircle
 10
202.9612190932464
 20
181.382401092862
 30
0.0
 40
0.2596190932486857
100
AcDbArc
 50
180.0002411855856
 51
196.530911241339
  0
ARC
  5
6044
330
1D
100
AcDbEntity
  8
0
100
AcDbCircle
 10
202.832637605447
 20
181.3442368110606
 30
0.0
 40
0.1254933634009349
100
AcDbArc
 50
196.5303680409312
 51
224.9997435405652
  0
ARC
  5
6045
330
1D
100
AcDbEntity
  8
0
100
AcDbCircle
 10
202.8326368110607
 20
181.344237605447
 30
0.0
 40
0.1254933634009722
100
AcDbArc
 50
225.0002564593981
 51
253.4696319590315
  0
ARC
  5
6046
330
1D
100
AcDbEntity
  8
0
100
AcDbCircle
 10
202.8708010928621
 20
181.4728190932465
 30
0.0
 40
0.2596190932488014
100
AcDbArc
 50
253.4690887586621
 51
269.9997588144143
  0
ARC
  5
6047
330
1D
100
AcDbEntity
  8
0
100
AcDbCircle
 10
202.8708006532438
 20
181.0631295694166
 30
0.0
 40
0.1500704305847769
100
AcDbArc
 50
52.43391732601057
 51
90.00024940362639
  0
ARC
  5
6048
330
1D
100
AcDbEntity
  8
0
100
AcDbCircle
 10
202.8758430946392
 20
181.0696843182294
 30
0.0
 40
0.141800548674059
100
AcDbArc
 50
13.24084309886516
 51
52.43416837581925
  0
ARC
  5
6049
330
1D
100
AcDbEntity
  8
0
100
AcDbCircle
 10
202.2067303478176
 20
180.9122510211191
 30
0.0
 40
0.8291848014651691
100
AcDbArc
 50
1.119057700085482
 51
13.24023912466618
  0
ARC
  5
604A
330
1D
100
AcDbEntity
  8
0
100
AcDbCircle
 10
180.8053519146891
 20
180.4940889010155
 30
0.0
 40
22.23464808531362
100
AcDbArc
 50
0.0000286006310475
 51
1.119350049360257
  0
ARC
  5
604B
330
1D
100
AcDbEntity
  8
0
100
AcDbCircle
 10
180.8053519146877
 20
180.4941110989844
 30
0.0
 40
22.23464808531507
100
AcDbArc
 50
358.8806499506397
 51
359.9999713993689
  0
ARC
  5
604C
330
1D
100
AcDbEntity
  8
0
100
AcDbCircle
 10
202.2067303478177
 20
180.0759489788809
 30
0.0
 40
0.8291848014650284
100
AcDbArc
 50
346.7597608753335
 51
358.8809422999143
  0
ARC
  5
604D
330
1D
100
AcDbEntity
  8
0
100
AcDbCircle
 10
202.8758430946392
 20
179.9185156817705
 30
0.0
 40
0.1418005486740707
100
AcDbArc
 50
307.5658316241808
 51
346.7591569011348
  0
ARC
  5
604E
330
1D
100
AcDbEntity
  8
0
100
AcDbCircle
 10
202.8708006532438
 20
179.9250704305833
 30
0.0
 40
0.1500704305847776
100
AcDbArc
 50
269.9997505963736
 51
307.5660826739895
  0
ARC
  5
604F
330
1D
100
AcDbEntity
  8
0
100
AcDbCircle
 10
202.8708000500827
 20
179.6584820406492
 30
0.0
 40
0.1165179593507553
100
AcDbArc
 50
90.00002462736246
 51
144.047746991461
  0
ARC
  5
6050
330
1D
100
AcDbEntity
  8
0
100
AcDbCircle
 10
203.0035823255299
 20
179.56217927918
 30
0.0
 40
0.2805464768088711
100
AcDbArc
 50
144.047787994285
 51
172.146773193015
  0
ARC
  5
6051
330
1D
100
AcDbEntity
  8
0
100
AcDbCircle
 10
204.8986231097507
 20
179.3007959423395
 30
0.0
 40
2.193528657237553
100
AcDbArc
 50
172.146739133026
 51
179.4680234009486
  0
ARC
  5
6052
330
1D
100
AcDbEntity
  8
0
100
AcDbCircle
 10
285.9137555004655
 20
178.5483205080509
 30
0.0
 40
83.21215550046805
100
AcDbArc
 50
179.4678518771287
 51
180.0000141208307
  0
ARC
  5
6053
330
1D
100
AcDbEntity
  8
0
100
AcDbCircle
 10
285.9137555004687
 20
178.548279491949
 30
0.0
 40
83.21215550047112
100
AcDbArc
 50
179.9999858791692
 51
180.5321481228711
  0
ARC
  5
6054
330
1D
100
AcDbEntity
  8
0
100
AcDbCircle
 10
204.8986309250184
 20
177.7958035576605
 30
0.0
 40
2.193536467526203
100
AcDbArc
 50
180.5319616441446
 51
187.8532459120673
  0
ARC
  5
6055
330
1D
100
AcDbEntity
  8
0
100
AcDbCircle
 10
203.0035803274937
 20
177.5344202208199
 30
0.0
 40
0.2805445658305864
100
AcDbArc
 50
187.8533837202284
 51
215.9523689189572
  0
ARC
  5
6056
330
1D
100
AcDbEntity
  8
0
100
AcDbCircle
 10
202.8708000500827
 20
177.4381179593507
 30
0.0
 40
0.1165179593507522
100
AcDbArc
 50
215.952253008539
 51
269.9999753726376
  0
ARC
  5
6057
330
1D
100
AcDbEntity
  8
0
100
AcDbCircle
 10
202.8708006532438
 20
177.1715295694165
 30
0.0
 40
0.1500704305847769
100
AcDbArc
 50
52.43391732601057
 51
90.00024940362639
  0
ARC
  5
6058
330
1D
100
AcDbEntity
  8
0
100
AcDbCircle
 10
202.8758416902173
 20
177.1780838182294
 30
0.0
 40
0.1418018012405795
100
AcDbArc
 50
13.24051646717553
 51
52.43384174412947
  0
ARC
  5
6059
330
1D
100
AcDbEntity
  8
0
100
AcDbCircle
 10
202.2067350570886
 20
177.0206505211191
 30
0.0
 40
0.8291801028575196
100
AcDbArc
 50
1.119098598361479
 51
13.24028002294207
  0
ARC
  5
605A
330
1D
100
AcDbEntity
  8
0
100
AcDbCircle
 10
180.8053519146877
 20
176.6024889010155
 30
0.0
 40
22.23464808531507
100
AcDbArc
 50
0.0000286006310475
 51
1.119350049360257
  0
ARC
  5
605B
330
1D
100
AcDbEntity
  8
0
100
AcDbCircle
 10
180.8053519146891
 20
176.6025110989845
 30
0.0
 40
22.23464808531362
100
AcDbArc
 50
358.8806499506397
 51
359.9999713993689
  0
ARC
  5
605C
330
1D
100
AcDbEntity
  8
0
100
AcDbCircle
 10
202.2067303478176
 20
176.1843489788809
 30
0.0
 40
0.8291848014651705
100
AcDbArc
 50
346.7597608753338
 51
358.8809422999144
  0
ARC
  5
605D
330
1D
100
AcDbEntity
  8
0
100
AcDbCircle
 10
202.8758430946392
 20
176.0269156817705
 30
0.0
 40
0.1418005486740707
100
AcDbArc
 50
307.5658316241808
 51
346.7591569011348
  0
ARC
  5
605E
330
1D
100
AcDbEntity
  8
0
100
AcDbCircle
 10
202.8708006532438
 20
176.0334704305833
 30
0.0
 40
0.1500704305847776
100
AcDbArc
 50
269.9997505963736
 51
307.5660826739895
  0
ARC
  5
605F
330
1D
100
AcDbEntity
  8
0
100
AcDbCircle
 10
202.8708000955449
 20
175.766401690951
 30
0.0
 40
0.1169983090489772
100
AcDbArc
 50
90.00004678974155
 51
177.931824540718
  0
ARC
  5
6060
330
1D
100
AcDbEntity
  8
0
100
AcDbCircle
 10
263.1695634147708
 20
173.5889164100729
 30
0.0
 40
60.45506506608433
100
AcDbArc
 50
177.9318559052964
 51
179.0330723126194
  0
ARC
  5
6061
330
1D
100
AcDbEntity
  8
0
100
AcDbCircle
 10
333.9521916205937
 20
172.3943547013174
 30
0.0
 40
131.2477725534836
100
AcDbArc
 50
179.0331091605423
 51
179.950524281904
  0
ARC
  5
6062
330
1D
100
AcDbEntity
  8
0
100
AcDbCircle
 10
7898.75475826631
 20
165.8635502104529
 30
0.0
 40
7696.053158268099
100
AcDbArc
 50
179.9505355341758
 51
180.0000390869051
  0
ARC
  5
6063
330
1D
100
AcDbEntity
  8
0
100
AcDbCircle
 10
7898.754758266342
 20
165.8530497895471
 30
0.0
 40
7696.053158268134
100
AcDbArc
 50
179.9999609130948
 51
180.0494644658241
  0
ARC
  5
6064
330
1D
100
AcDbEntity
  8
0
100
AcDbCircle
 10
333.9522540727511
 20
159.3222447986825
 30
0.0
 40
131.2478350051861
100
AcDbArc
 50
180.0494754762805
 51
180.9668905976423
  0
ARC
  5
60B9
330
1D
100
AcDbEntity
  8
0
100
AcDbCircle
 10
-1896.110862888071
 20
119.8068355964638
 30
0.0
 40
2099.207799167996
100
AcDbArc
 50
0.4326898331170483
 51
1.035472258604674
  0
ARC
  5
60BA
330
1D
100
AcDbEntity
  8
0
100
AcDbCircle
 10
-2799.262671747881
 20
131.4701672134978
 30
0.0
 40
3002.302671748401
100
AcDbArc
 50
359.9999662745947
 51
0.0799511795473873
  0
ARC
  5
60BB
330
1D
100
AcDbEntity
  8
0
100
AcDbCircle
 10
3205.342671747891
 20
131.4666327865225
 30
0.0
 40
3002.302671748412
100
AcDbArc
 50
179.9999662745949
 51
180.0799511795477
  0
ARC
  5
60BC
330
1D
100
AcDbEntity
  8
0
100
AcDbCircle
 10
256.0707860577977
 20
127.3511869528233
 30
0.0
 40
53.0279146909395
100
AcDbArc
 50
180.0799557437205
 51
181.5274570697056
  0
ARC
  5
60BD
330
1D
100
AcDbEntity
  8
0
100
AcDbCircle
 10
218.6900276472124
 20
126.3544411457351
 30
0.0
 40
15.63386968974338
100
AcDbArc
 50
181.5275661630626
 51
184.1318910125354
  0
ARC
  5
60BE
330
1D
100
AcDbEntity
  8
0
100
AcDbCircle
 10
203.2092001842592
 20
125.2361000931012
 30
0.0
 40
0.1127000931013655
100
AcDbArc
 50
184.1317671659166
 51
269.999906324176
  0
ARC
  5
60BF
330
1D
100
AcDbEntity
  8
0
100
AcDbCircle
 10
203.2092002548548
 20
125.0068415929261
 30
0.0
 40
0.1165584070741318
100
AcDbArc
 50
2.234919832538891
 51
90.00012527712916
  0
ARC
  5
60C0
330
1D
100
AcDbEntity
  8
0
100
AcDbCircle
 10
151.5797281701951
 20
122.9920705447156
 30
0.0
 40
51.78532740844775
100
AcDbArc
 50
1.018494151999949
 51
2.234757541207771
  0
ARC
  5
60C1
330
1D
100
AcDbEntity
  8
0
100
AcDbCircle
 10
84.9898653570983
 20
121.8083306944176
 30
0.0
 40
118.3857108119732
100
AcDbArc
 50
0.0522196559379458
 51
1.018449956869962
  0
ARC
  5
60C2
330
1D
100
AcDbEntity
  8
0
100
AcDbCircle
 10
-6715.841975056918
 20
115.610844865522
 30
0.0
 40
6919.220375058684
100
AcDbArc
 50
359.9999590532012
 51
0.0522128032116602
  0
ARC
  5
60C3
330
1D
100
AcDbEntity
  8
0
100
AcDbCircle
 10
-6715.841975056932
 20
115.6009551344779
 30
0.0
 40
6919.220375058698
100
AcDbArc
 50
359.9477871967883
 51
0.0000409467988179
  0
ARC
  5
60C4
330
1D
100
AcDbEntity
  8
0
100
AcDbCircle
 10
84.9898653570983
 20
109.4034693055824
 30
0.0
 40
118.3857108119732
100
AcDbArc
 50
358.98155004313
 51
359.947780344062
  0
ARC
  5
60C5
330
1D
100
AcDbEntity
  8
0
100
AcDbCircle
 10
151.5797281701951
 20
108.2197294552843
 30
0.0
 40
51.78532740844775
100
AcDbArc
 50
357.7652424587922
 51
358.9815058480001
  0
ARC
  5
60C6
330
1D
100
AcDbEntity
  8
0
100
AcDbCircle
 10
203.2092002548548
 20
106.2049584070738
 30
0.0
 40
0.1165584070741385
100
AcDbArc
 50
269.9998747228709
 51
357.7650801674611
  0
ARC
  5
60C7
330
1D
100
AcDbEntity
  8
0
100
AcDbCircle
 10
203.2092010928621
 20
105.8287809067535
 30
0.0
 40
0.2596190932487852
100
AcDbArc
 50
90.00024118558561
 51
106.5309112413387
  0
ARC
  5
60C8
330
1D
100
AcDbEntity
  8
0
100
AcDbCircle
 10
203.1710368110606
 20
105.957362394553
 30
0.0
 40
0.1254933634009566
100
AcDbArc
 50
106.5303680409418
 51
134.9997435405744
  0
ARC
  5
60C9
330
1D
100
AcDbEntity
  8
0
100
AcDbCircle
 10
203.171037605447
 20
105.9573631889394
 30
0.0
 40
0.125493363400932
100
AcDbArc
 50
135.0002564594348
 51
163.4696319590688
  0
ARC
  5
60CA
330
1D
100
AcDbEntity
  8
0
100
AcDbCircle
 10
203.2996190932464
 20
105.9191989071378
 30
0.0
 40
0.259619093248744
100
AcDbArc
 50
163.4690887586387
 51
179.9997588143924
  0
ARC
  5
60CB
330
1D
100
AcDbEntity
  8
0
100
AcDbCircle
 10
203.2996190932465
 20
105.9192010928621
 30
0.0
 40
0.2596190932487994
100
AcDbArc
 50
180.0002411856044
 51
196.5309112413577
  0
ARC
  5
60CC
330
1D
100
AcDbEntity
  8
0
100
AcDbCircle
 10
203.171037605447
 20
105.8810368110606
 30
0.0
 40
0.1254933634009349
100
AcDbArc
 50
196.5303680409312
 51
224.9997435405652
  0
ARC
  5
60CD
330
1D
100
AcDbEntity
  8
0
100
AcDbCircle
 10
203.1710368110606
 20
105.881037605447
 30
0.0
 40
0.125493363400932
100
AcDbArc
 50
225.0002564594347
 51
253.4696319590688
  0
ARC
  5
60CE
330
1D
100
AcDbEntity
  8
0
100
AcDbCircle
 10
203.2092010928621
 20
106.0096190932465
 30
0.0
 40
0.259619093248796
100
AcDbArc
 50
253.4690887586553
 51
269.9997588144081
  0
ARC
  5
60CF
330
1D
100
AcDbEntity
  8
0
100
AcDbCircle
 10
203.2091989071379
 20
105.4903809067536
 30
0.0
 40
0.2596190932487
100
AcDbArc
 50
73.46908875864897
 51
89.99975881440184
  0
ARC
  5
60D0
330
1D
100
AcDbEntity
  8
0
100
AcDbCircle
 10
203.2473631889394
 20
105.6189623945529
 30
0.0
 40
0.125493363400943
100
AcDbArc
 50
45.00025645942559
 51
73.46963195905637
  0
ARC
  5
60D1
330
1D
100
AcDbEntity
  8
0
100
AcDbCircle
 10
203.247362394553
 20
105.6189631889393
 30
0.0
 40
0.1254933634009722
100
AcDbArc
 50
16.53036804095237
 51
44.99974354058358
  0
ARC
  5
60D2
330
1D
100
AcDbEntity
  8
0
100
AcDbCircle
 10
203.1187809067535
 20
105.5807989071379
 30
0.0
 40
0.2596190932487701
100
AcDbArc
 50
0.0002411855824732
 51
16.53091124133665
  0
ARC
  5
60D3
330
1D
100
AcDbEntity
  8
0
100
AcDbCircle
 10
203.1187809067536
 20
105.580801092862
 30
0.0
 40
0.2596190932487142
100
AcDbArc
 50
343.4690887586598
 51
359.9997588144144
  0
ARC
  5
60D4
330
1D
100
AcDbEntity
  8
0
100
AcDbCircle
 10
203.247362394553
 20
105.5426368110607
 30
0.0
 40
0.1254933634009783
100
AcDbArc
 50
315.0002564594164
 51
343.4696319590476
  0
ARC
  5
60D5
330
1D
100
AcDbEntity
  8
0
100
AcDbCircle
 10
203.2473631889393
 20
105.542637605447
 30
0.0
 40
0.1254933634009722
100
AcDbArc
 50
286.5303680409541
 51
314.9997435405836
  0
ARC
  5
60D6
330
1D
100
AcDbEntity
  8
0
100
AcDbCircle
 10
203.2091989071379
 20
105.6712190932464
 30
0.0
 40
0.2596190932486925
100
AcDbArc
 50
270.0002411855919
 51
286.530911241345
  0
ARC
  5
60D7
330
1D
100
AcDbEntity
  8
0
100
AcDbCircle
 10
203.2092010928621
 20
105.1519809067535
 30
0.0
 40
0.2596190932487852
100
AcDbArc
 50
90.0002411855919
 51
106.5309112413457
  0
ARC
  5
60D8
330
1D
100
AcDbEntity
  8
0
100
AcDbCircle
 10
203.1710368110606
 20
105.280562394553
 30
0.0
 40
0.125493363400943
100
AcDbArc
 50
106.5303680409436
 51
134.999743540579
  0
ARC
  5
60D9
330
1D
100
AcDbEntity
  8
0
100
AcDbCircle
 10
203.171037605447
 20
105.2805631889394
 30
0.0
 40
0.125493363400932
100
AcDbArc
 50
135.0002564594348
 51
163.4696319590688
  0
ARC
  5
60DA
330
1D
100
AcDbEntity
  8
0
100
AcDbCircle
 10
203.2996190932464
 20
105.2423989071378
 30
0.0
 40
0.2596190932487399
100
AcDbArc
 50
163.4690887586416
 51
179.9997588143956
  0
ARC
  5
60DB
330
1D
100
AcDbEntity
  8
0
100
AcDbCircle
 10
202.9064288464856
 20
105.2423999627391
 30
0.0
 40
0.1335711535143441
100
AcDbArc
 50
316.1794327841221
 51
0.0000159831915849
  0
ARC
  5
60DC
330
1D
100
AcDbEntity
  8
0
100
AcDbCircle
 10
202.8745532744396
 20
105.2729904568258
 30
0.0
 40
0.1777506784255855
100
AcDbArc
 50
280.7841080232971
 51
316.1792124809857
  0
ARC
  5
60DD
330
1D
100
AcDbEntity
  8
0
100
AcDbCircle
 10
202.6814023452316
 20
106.2870047851676
 30
0.0
 40
1.209996937573655
100
AcDbArc
 50
270.8240789859149
 51
280.7845185058458
  0
ARC
  5
60DE
330
1D
100
AcDbEntity
  8
0
100
AcDbCircle
 10
202.1517511669114
 20
143.1209195738032
 30
0.0
 40
38.04771957383761
100
AcDbArc
 50
269.9999229481264
 51
270.8238327081267
  0
ARC
  5
60DF
330
1D
100
AcDbEntity
  8
0
100
AcDbCircle
 10
202.1516488330886
 20
143.1209195738051
 30
0.0
 40
38.04771957383957
100
AcDbArc
 50
269.1761672918733
 51
270.0000770518736
  0
ARC
  5
60E0
330
1D
100
AcDbEntity
  8
0
100
AcDbCircle
 10
201.6219971547684
 20
106.2870105230077
 30
0.0
 40
1.210002667629239
100
AcDbArc
 50
259.2155090752466
 51
269.1759485951775
  0
ARC
  5
60E1
330
1D
100
AcDbEntity
  8
0
100
AcDbCircle
 10
201.4288462255604
 20
105.2729888898877
 30
0.0
 40
0.177749232716969
100
AcDbArc
 50
223.8205346887819
 51
259.2156391464704
  0
ARC
  5
60E2
330
1D
100
AcDbEntity
  8
0
100
AcDbCircle
 10
201.3969711535143
 20
105.2423999627391
 30
0.0
 40
0.1335711535143405
100
AcDbArc
 50
179.9999840168206
 51
223.8205672158951
  0
ARC
  5
60E3
330
1D
100
AcDbEntity
  8
0
100
AcDbCircle
 10
201.0037809067536
 20
105.242398907138
 30
0.0
 40
0.2596190932487142
100
AcDbArc
 50
0.0002411855824733
 51
16.53091124133721
  0
ARC
  5
60E4
330
1D
100
AcDbEntity
  8
0
100
AcDbCircle
 10
201.132362394553
 20
105.2805631889394
 30
0.0
 40
0.1254933634009349
100
AcDbArc
 50
16.53036804093118
 51
44.99974354056521
  0
ARC
  5
60E5
330
1D
100
AcDbEntity
  8
0
100
AcDbCircle
 10
201.1323631889394
 20
105.280562394553
 30
0.0
 40
0.1254933634009421
100
AcDbArc
 50
45.000256459421
 51
73.46963195905637
  0
ARC
  5
60E6
330
1D
100
AcDbEntity
  8
0
100
AcDbCircle
 10
201.0941989071379
 20
105.1519809067535
 30
0.0
 40
0.2596190932487823
100
AcDbArc
 50
73.4690887586543
 51
89.99975881440812
  0
ARC
  5
60E7
330
1D
100
AcDbEntity
  8
0
100
AcDbCircle
 10
201.0942010928621
 20
105.1519809067535
 30
0.0
 40
0.2596190932487852
100
AcDbArc
 50
90.0002411855919
 51
106.5309112413457
  0
ARC
  5
60E8
330
1D
100
AcDbEntity
  8
0
100
AcDbCircle
 10
201.0560368110606
 20
105.280562394553
 30
0.0
 40
0.125493363400943
100
AcDbArc
 50
106.5303680409436
 51
134.999743540579
  0
ARC
  5
60E9
330
1D
100
AcDbEntity
  8
0
100
AcDbCircle
 10
201.056037605447
 20
105.2805631889394
 30
0.0
 40
0.125493363400932
100
AcDbArc
 50
135.0002564594348
 51
163.4696319590688
  0
ARC
  5
60EA
330
1D
100
AcDbEntity
  8
0
100
AcDbCircle
 10
201.1846190932464
 20
105.242398907138
 30
0.0
 40
0.2596190932487116
100
AcDbArc
 50
163.4690887586628
 51
179.9997588144175
  0
ARC
  5
60EB
330
1D
100
AcDbEntity
  8
0
100
AcDbCircle
 10
200.8018051605043
 20
105.242399392432
 30
0.0
 40
0.1231948394972083
100
AcDbArc
 50
310.6948970324383
 51
0.0002825693333059
  0
ARC
  5
60EC
330
1D
100
AcDbEntity
  8
0
100
AcDbCircle
 10
200.7363357490131
 20
105.3185317993858
 30
0.0
 40
0.2236059306512644
100
AcDbArc
 50
279.089923477109
 51
310.6943155673065
  0
ARC
  5
60ED
330
1D
100
AcDbEntity
  8
0
100
AcDbCircle
 10
200.5086345149972
 20
106.7416394901284
 30
0.0
 40
1.664814920146215
100
AcDbArc
 50
270.6478717324961
 51
279.0903655015214
  0
ARC
  5
60EE
330
1D
100
AcDbEntity
  8
0
100
AcDbCircle
 10
199.8675387339835
 20
163.4367320771616
 30
0.0
 40
58.36353207717451
100
AcDbArc
 50
269.9999619746493
 51
270.6478609233994
  0
ARC
  5
60EF
330
1D
100
AcDbEntity
  8
0
100
AcDbCircle
 10
199.8674612660165
 20
163.4367320771616
 30
0.0
 40
58.36353207717451
100
AcDbArc
 50
269.3521390766006
 51
270.0000380253507
  0
ARC
  5
60F0
330
1D
100
AcDbEntity
  8
0
100
AcDbCircle
 10
199.2263649850028
 20
106.7416462644389
 30
0.0
 40
1.664821688370077
100
AcDbArc
 50
260.9096543413538
 51
269.3521481103791
  0
ARC
  5
60F1
330
1D
100
AcDbEntity
  8
0
100
AcDbCircle
 10
198.9986637509868
 20
105.3185300326818
 30
0.0
 40
0.2236042651277519
100
AcDbArc
 50
229.3054864040902
 51
260.9098784942879
  0
ARC
  5
60F2
330
1D
100
AcDbEntity
  8
0
100
AcDbCircle
 10
198.9331948394957
 20
105.242399392432
 30
0.0
 40
0.1231948394972119
100
AcDbArc
 50
179.9997174306667
 51
229.3051029675617
  0
ARC
  5
60F3
330
1D
100
AcDbEntity
  8
0
100
AcDbCircle
 10
198.6764288464856
 20
105.2424000372609
 30
0.0
 40
0.1335711535143441
100
AcDbArc
 50
359.9999840168084
 51
43.82056721587789
  0
ARC
  5
60F4
330
1D
100
AcDbEntity
  8
0
100
AcDbCircle
 10
198.6445532744395
 20
105.2118095431741
 30
0.0
 40
0.1777506784255855
100
AcDbArc
 50
43.82078751901436
 51
79.21589197670285
  0
ARC
  5
60F5
330
1D
100
AcDbEntity
  8
0
100
AcDbCircle
 10
198.4514023452317
 20
104.1977952148324
 30
0.0
 40
1.209996937573651
100
AcDbArc
 50
79.21548149415555
 51
89.17592101408644
  0
ARC
  5
60F6
330
1D
100
AcDbEntity
  8
0
100
AcDbCircle
 10
197.9217511669104
 20
67.36388042619481
 30
0.0
 40
38.0477195738396
100
AcDbArc
 50
89.17616729187178
 51
90.00007705187204
  0
LINE
  5
60F7
330
1D
100
AcDbEntity
  8
0
100
AcDbLine
 10
197.9217
 20
105.4116
 30
0.0
 11
197.0334
 21
105.4116
 31
0.0
  0
LINE
  5
60F8
330
1D
100
AcDbEntity
  8
0
100
AcDbLine
 10
197.0334
 20
105.4116
 30
0.0
 11
197.0334
 21
107.1882
 31
0.0
  0
LINE
  5
60F9
330
1D
100
AcDbEntity
  8
0
100
AcDbLine
 10
197.0334
 20
107.1882
 30
0.0
 11
197.0334
 21
108.9648
 31
0.0
  0
LINE
  5
60FA
330
1D
100
AcDbEntity
  8
0
100
AcDbLine
 10
197.0334
 20
108.9648
 30
0.0
 11
197.3718
 21
108.9648
 31
0.0
  0
LINE
  5
60FB
330
1D
100
AcDbEntity
  8
0
100
AcDbLine
 10
197.3718
 20
108.9648
 30
0.0
 11
197.7102
 21
108.9648
 31
0.0
  0
LINE
  5
60FC
330
1D
100
AcDbEntity
  8
0
100
AcDbLine
 10
197.7102
 20
108.9648
 30
0.0
 11
197.7102
 21
109.4724
 31
0.0
  0
LINE
  5
60FD
330
1D
100
AcDbEntity
  8
0
100
AcDbLine
 10
197.7102
 20
109.4724
 30
0.0
 11
197.7102
 21
109.98
 31
0.0
  0
LINE
  5
60FE
330
1D
100
AcDbEntity
  8
0
100
AcDbLine
 10
197.7102
 20
109.98
 30
0.0
 11
197.3718
 21
109.98
 31
0.0
  0
ARC
  5
60FF
330
1D
100
AcDbEntity
  8
0
100
AcDbCircle
 10
197.3718030255881
 20
112.598560465959
 30
0.0
 40
2.618560465960769
100
AcDbArc
 50
266.0152992839753
 51
269.9999337981956
  0
ARC
  5
6100
330
1D
100
AcDbEntity
  8
0
100
AcDbCircle
 10
197.2069456506461
 20
110.231916155146
 30
0.0
 40
0.2461812281546482
100
AcDbArc
 50
243.4349336114849
 51
266.0154176218248
  0
ARC
  5
6101
330
1D
100
AcDbEntity
  8
0
100
AcDbCircle
 10
197.1403591103431
 20
110.098743496771
 30
0.0
 40
0.0972895753055914
100
AcDbArc
 50
201.698093290159
 51
243.43502153615
  0
ARC
  5
6102
330
1D
100
AcDbEntity
  8
0
100
AcDbCircle
 10
197.2671648098054
 20
110.1491994599114
 30
0.0
 40
0.2337648098060175
100
AcDbArc
 50
179.999867624236
 51
201.6978051197228
  0
ARC
  5
6103
330
1D
100
AcDbEntity
  8
0
100
AcDbCircle
 10
196.7737809067535
 20
110.1491989071379
 30
0.0
 40
0.2596190932487994
100
AcDbArc
 50
0.0002411855824732
 51
16.53091124133486
  0
ARC
  5
6104
330
1D
100
AcDbEntity
  8
0
100
AcDbCircle
 10
196.902362394553
 20
110.1873631889393
 30
0.0
 40
0.1254933634009511
100
AcDbArc
 50
16.53036804095606
 51
44.99974354059275
  0
ARC
  5
6105
330
1D
100
AcDbEntity
  8
0
100
AcDbCircle
 10
196.9023631889394
 20
110.187362394553
 30
0.0
 40
0.125493363400932
100
AcDbArc
 50
45.00025645943476
 51
73.46963195906879
  0
ARC
  5
6106
330
1D
100
AcDbEntity
  8
0
100
AcDbCircle
 10
196.8641989071379
 20
110.0587809067536
 30
0.0
 40
0.2596190932486925
100
AcDbArc
 50
73.46908875865499
 51
89.99975881440812
  0
ARC
  5
6107
330
1D
100
AcDbEntity
  8
0
100
AcDbCircle
 10
196.8642006484619
 20
110.4953774034705
 30
0.0
 40
0.176977403471676
100
AcDbArc
 50
239.3628240595446
 51
269.9997900628572
  0
ARC
  5
6108
330
1D
100
AcDbEntity
  8
0
100
AcDbCircle
 10
196.8326675252265
 20
110.4421367086939
 30
0.0
 40
0.1150992211998055
100
AcDbArc
 50
197.102550079359
 51
239.3628323086344
  0
ARC
  5
6109
330
1D
100
AcDbEntity
  8
0
100
AcDbCircle
 10
197.222280955525
 20
110.562021005958
 30
0.0
 40
0.5227398347251319
100
AcDbArc
 50
181.6992629465319
 51
197.1030291892311
  0
ARC
  5
610A
330
1D
100
AcDbEntity
  8
0
100
AcDbCircle
 10
207.5472072086363
 20
110.8682792254707
 30
0.0
 40
10.85220720865623
100
AcDbArc
 50
179.9998903179024
 51
181.6990228233022
  0
ARC
  5
610B
330
1D
100
AcDbEntity
  8
0
100
AcDbCircle
 10
185.8427927913636
 20
110.8683207745302
 30
0.0
 40
10.85220720865623
100
AcDbArc
 50
359.9998903178973
 51
1.69902282329721
  0
ARC
  5
610C
330
1D
100
AcDbEntity
  8
0
100
AcDbCircle
 10
196.1677153473105
 20
111.1745794940418
 30
0.0
 40
0.5227435154374282
100
AcDbArc
 50
1.699196151216874
 51
17.10296239391592
  0
ARC
  5
610D
330
1D
100
AcDbEntity
  8
0
100
AcDbCircle
 10
196.5573337685269
 20
111.2944637913061
 30
0.0
 40
0.1150981317008707
100
AcDbArc
 50
17.10297737075819
 51
59.36325960002768
  0
ARC
  5
610E
330
1D
100
AcDbEntity
  8
0
100
AcDbCircle
 10
196.5257993515381
 20
111.2412225965295
 30
0.0
 40
0.1769774034716902
100
AcDbArc
 50
59.36282405954694
 51
89.99979006285728
  0
ARC
  5
610F
330
1D
100
AcDbEntity
  8
0
100
AcDbCircle
 10
196.5258009068486
 20
111.1978763605097
 30
0.0
 40
0.2203236394921835
100
AcDbArc
 50
90.00023582854362
 51
113.4297100321779
  0
ARC
  5
6110
330
1D
100
AcDbEntity
  8
0
100
AcDbCircle
 10
196.4775141495008
 20
111.3092998864436
 30
0.0
 40
0.098887182588703
100
AcDbArc
 50
113.4292423225769
 51
156.0373684219461
  0
ARC
  5
6111
330
1D
100
AcDbEntity
  8
0
100
AcDbCircle
 10
196.6537550940917
 20
111.2309695933748
 30
0.0
 40
0.2917511381699699
100
AcDbArc
 50
156.0372860377183
 51
176.7995241989916
  0
ARC
  5
6112
330
1D
100
AcDbEntity
  8
0
100
AcDbCircle
 10
200.1141323823443
 20
111.0375047244648
 30
0.0
 40
3.757532382347319
100
AcDbArc
 50
176.7999669681847
 51
180.0000720398035
  0
LINE
  5
6113
330
1D
100
AcDbEntity
  8
0
100
AcDbLine
 10
196.3566
 20
111.0375
 30
0.0
 11
196.3566
 21
110.6568
 31
0.0
  0
LINE
  5
6114
330
1D
100
AcDbEntity
  8
0
100
AcDbLine
 10
196.3566
 20
110.6568
 30
0.0
 11
195.6375
 21
110.6568
 31
0.0
  0
ARC
  5
6115
330
1D
100
AcDbEntity
  8
0
100
AcDbCircle
 10
195.6375110989859
 20
88.42215191468914
 30
0.0
 40
22.23464808531362
100
AcDbArc
 50
90.00002860063478
 51
91.119350049364
  0
ARC
  5
6116
330
1D
100
AcDbEntity
  8
0
100
AcDbCircle
 10
195.2193489788807
 20
109.8235303478175
 30
0.0
 40
0.8291848014651394
100
AcDbArc
 50
91.11905770007572
 51
103.2402391246566
  0
ARC
  5
6117
330
1D
100
AcDbEntity
  8
0
100
AcDbCircle
 10
195.0619156817705
 20
110.4926430946392
 30
0.0
 40
0.1418005486740568
100
AcDbArc
 50
103.2408430988665
 51
142.4341683758238
  0
ARC
  5
6118
330
1D
100
AcDbEntity
  8
0
100
AcDbCircle
 10
195.0684704305833
 20
110.4876006532437
 30
0.0
 40
0.1500704305848088
100
AcDbArc
 50
142.4339173260128
 51
180.0002494036264
  0
ARC
  5
6119
330
1D
100
AcDbEntity
  8
0
100
AcDbCircle
 10
194.7323393157198
 20
110.4876007315225
 30
0.0
 40
0.1860606842816593
100
AcDbArc
 50
331.1657977065599
 51
359.9997747339763
  0
ARC
  5
611A
330
1D
100
AcDbEntity
  8
0
100
AcDbCircle
 10
194.7990399394741
 20
110.4508785649582
 30
0.0
 40
0.109919429208461
100
AcDbArc
 50
288.4352152976049
 51
331.1664009776763
  0
ARC
  5
611B
330
1D
100
AcDbEntity
  8
0
100
AcDbCircle
 10
194.6890173834858
 20
110.7809516607417
 30
0.0
 40
0.4578464494060705
100
AcDbArc
 50
271.9376432480045
 51
288.4347980010143
  0
ARC
  5
611C
330
1D
100
AcDbEntity
  8
0
100
AcDbCircle
 10
194.410793739091
 20
119.0044140855629
 30
0.0
 40
8.686014085565172
100
AcDbArc
 50
270.0000412989957
 51
271.9377383896082
  0
ARC
  5
611D
330
1D
100
AcDbEntity
  8
0
100
AcDbCircle
 10
194.4108062609089
 20
101.6323859144371
 30
0.0
 40
8.686014085565172
100
AcDbArc
 50
90.00004129899572
 51
91.93773838960821
  0
ARC
  5
611E
330
1D
100
AcDbEntity
  8
0
100
AcDbCircle
 10
194.1325826165141
 20
109.8558483392583
 30
0.0
 40
0.4578464494060693
100
AcDbArc
 50
91.93764324800453
 51
108.4347980010143
  0
ARC
  5
611F
330
1D
100
AcDbEntity
  8
0
100
AcDbCircle
 10
194.0225600605258
 20
110.1859214350417
 30
0.0
 40
0.1099194292084662
100
AcDbArc
 50
108.4352152976049
 51
151.1664009776763
  0
ARC
  5
6120
330
1D
100
AcDbEntity
  8
0
100
AcDbCircle
 10
194.0892606842801
 20
110.1491992684775
 30
0.0
 40
0.1860606842816626
100
AcDbArc
 50
151.1657977065599
 51
179.9997747339763
  0
ARC
  5
6121
330
1D
100
AcDbEntity
  8
0
100
AcDbCircle
 10
193.6828763605097
 20
110.1492009068486
 30
0.0
 40
0.2203236394921835
100
AcDbArc
 50
336.5702899678304
 51
359.9997641714637
  0
ARC
  5
6122
330
1D
100
AcDbEntity
  8
0
100
AcDbCircle
 10
193.7943003864436
 20
110.1009128673358
 30
0.0
 40
0.0988862140080238
100
AcDbArc
 50
293.9631980363233
 51
336.5713241356864
  0
ARC
  5
6123
330
1D
100
AcDbEntity
  8
0
100
AcDbCircle
 10
193.7159700933749
 20
110.2771578234427
 30
0.0
 40
0.2917538353498274
100
AcDbArc
 50
273.2003478373465
 51
293.9625859986194
  0
ARC
  5
6124
330
1D
100
AcDbEntity
  8
0
100
AcDbCircle
 10
193.5225047244651
 20
113.7375323823441
 30
0.0
 40
3.757532382347064
100
AcDbArc
 50
269.9999279601926
 51
273.2000330318113
  0
ARC
  5
6129
330
1D
100
AcDbEntity
  8
0
100
AcDbCircle
 10
192.8821809067535
 20
109.810801092862
 30
0.0
 40
0.2596190932487142
100
AcDbArc
 50
343.4690887586627
 51
359.9997588144175
  0
ARC
  5
612A
330
1D
100
AcDbEntity
  8
0
100
AcDbCircle
 10
193.0107623945529
 20
109.7726368110606
 30
0.0
 40
0.1254933634009621
100
AcDbArc
 50
315.0002564594394
 51
343.4696319590725
  0
ARC
  5
612B
330
1D
100
AcDbEntity
  8
0
100
AcDbCircle
 10
193.0107631889394
 20
109.772637605447
 30
0.0
 40
0.125493363400932
100
AcDbArc
 50
286.5303680409312
 51
314.9997435405652
  0
ARC
  5
612C
330
1D
100
AcDbEntity
  8
0
100
AcDbCircle
 10
192.9725989071379
 20
109.9012190932465
 30
0.0
 40
0.2596190932487823
100
AcDbArc
 50
270.0002411855919
 51
286.5309112413457
  0
ARC
  5
612D
330
1D
100
AcDbEntity
  8
0
100
AcDbCircle
 10
192.972601092862
 20
109.3819809067535
 30
0.0
 40
0.2596190932487852
100
AcDbArc
 50
90.0002411855919
 51
106.5309112413457
  0
ARC
  5
612E
330
1D
100
AcDbEntity
  8
0
100
AcDbCircle
 10
192.9344368110606
 20
109.510562394553
 30
0.0
 40
0.1254933634009349
100
AcDbArc
 50
106.5303680409312
 51
134.9997435405652
  0
ARC
  5
612F
330
1D
100
AcDbEntity
  8
0
100
AcDbCircle
 10
192.934437605447
 20
109.5105631889394
 30
0.0
 40
0.125493363400932
100
AcDbArc
 50
135.0002564594348
 51
163.4696319590688
  0
ARC
  5
6130
330
1D
100
AcDbEntity
  8
0
100
AcDbCircle
 10
193.0630190932465
 20
109.4723989071379
 30
0.0
 40
0.2596190932487701
100
AcDbArc
 50
163.4690887586633
 51
179.9997588144175
  0
ARC
  5
6131
330
1D
100
AcDbEntity
  8
0
100
AcDbCircle
 10
192.5437809067535
 20
109.4724010928621
 30
0.0
 40
0.2596190932487426
100
AcDbArc
 50
343.4690887586417
 51
359.9997588143956
  0
ARC
  5
6132
330
1D
100
AcDbEntity
  8
0
100
AcDbCircle
 10
192.672362394553
 20
109.4342368110606
 30
0.0
 40
0.1254933634009349
100
AcDbArc
 50
315.0002564594348
 51
343.4696319590689
  0
ARC
  5
6133
330
1D
100
AcDbEntity
  8
0
100
AcDbCircle
 10
192.6723631889393
 20
109.434237605447
 30
0.0
 40
0.1254933634009521
100
AcDbArc
 50
286.5303680409436
 51
314.9997435405744
  0
ARC
  5
6134
330
1D
100
AcDbEntity
  8
0
100
AcDbCircle
 10
192.6341989071379
 20
109.5628190932465
 30
0.0
 40
0.259619093248796
100
AcDbArc
 50
270.0002411855919
 51
286.5309112413448
  0
ARC
  5
6135
330
1D
100
AcDbEntity
  8
0
100
AcDbCircle
 10
192.634201092862
 20
109.0435809067536
 30
0.0
 40
0.2596190932487
100
AcDbArc
 50
90.0002411855919
 51
106.530911241345
  0
ARC
  5
6136
330
1D
100
AcDbEntity
  8
0
100
AcDbCircle
 10
192.5960368110606
 20
109.1721623945529
 30
0.0
 40
0.1254933634009894
100
AcDbArc
 50
106.5303680409238
 51
134.999743540556
  0
ARC
  5
6137
330
1D
100
AcDbEntity
  8
0
100
AcDbCircle
 10
192.596037605447
 20
109.1721631889394
 30
0.0
 40
0.1254933634009521
100
AcDbArc
 50
135.0002564594439
 51
163.4696319590787
  0
ARC
  5
6138
330
1D
100
AcDbEntity
  8
0
100
AcDbCircle
 10
192.7246190932464
 20
109.1339989071379
 30
0.0
 40
0.2596190932487429
100
AcDbArc
 50
163.4690887586615
 51
179.9997588144144
  0
ARC
  5
6139
330
1D
100
AcDbEntity
  8
0
100
AcDbCircle
 10
192.2053809067535
 20
109.1340010928621
 30
0.0
 40
0.2596190932487426
100
AcDbArc
 50
343.4690887586388
 51
359.9997588143924
  0
ARC
  5
613A
330
1D
100
AcDbEntity
  8
0
100
AcDbCircle
 10
192.3339623945529
 20
109.0958368110606
 30
0.0
 40
0.1254933634009581
100
AcDbArc
 50
315.000256459444
 51
343.4696319590787
  0
ARC
  5
613B
330
1D
100
AcDbEntity
  8
0
100
AcDbCircle
 10
192.3339631889394
 20
109.095837605447
 30
0.0
 40
0.125493363400932
100
AcDbArc
 50
286.5303680409312
 51
314.9997435405652
  0
ARC
  5
613C
330
1D
100
AcDbEntity
  8
0
100
AcDbCircle
 10
192.2957989071379
 20
109.2244190932464
 30
0.0
 40
0.2596190932486925
100
AcDbArc
 50
270.0002411855919
 51
286.530911241345
  0
ARC
  5
613D
330
1D
100
AcDbEntity
  8
0
100
AcDbCircle
 10
192.2957995266564
 20
108.6992398497111
 30
0.0
 40
0.2655601502893417
100
AcDbArc
 50
89.99989787401622
 51
107.3342637289695
  0
ARC
  5
613E
330
1D
100
AcDbEntity
  8
0
100
AcDbCircle
 10
192.2487647230119
 20
108.849937353374
 30
0.0
 40
0.1076930848156517
100
AcDbArc
 50
107.3348336872918
 51
141.3406619390122
  0
ARC
  5
613F
330
1D
100
AcDbEntity
  8
0
100
AcDbCircle
 10
192.2764330779897
 20
108.8278007146419
 30
0.0
 40
0.1431270888096186
100
AcDbArc
 50
141.339934492608
 51
169.7122690147659
  0
ARC
  5
6140
330
1D
100
AcDbEntity
  8
0
100
AcDbCircle
 10
192.6869071001058
 20
108.7533007884696
 30
0.0
 40
0.5603071001064152
100
AcDbArc
 50
169.7127771335151
 51
180.0000806271816
  0
ARC
  5
6141
330
1D
100
AcDbEntity
  8
0
100
AcDbCircle
 10
191.5662928998941
 20
108.7532992115303
 30
0.0
 40
0.5603071001064143
100
AcDbArc
 50
349.7127771335151
 51
0.0000806271816311
  0
ARC
  5
6142
330
1D
100
AcDbEntity
  8
0
100
AcDbCircle
 10
191.9767669220103
 20
108.6787992853581
 30
0.0
 40
0.1431270888096166
100
AcDbArc
 50
321.339934492608
 51
349.712269014766
  0
ARC
  5
6143
330
1D
100
AcDbEntity
  8
0
100
AcDbCircle
 10
192.004435276988
 20
108.656662646626
 30
0.0
 40
0.1076930848156584
100
AcDbArc
 50
287.3348336872918
 51
321.3406619390063
  0
ARC
  5
6144
330
1D
100
AcDbEntity
  8
0
100
AcDbCircle
 10
191.9574004733435
 20
108.8073601502888
 30
0.0
 40
0.2655601502892572
100
AcDbArc
 50
269.9998978740346
 51
287.3342637289876
  0
ARC
  5
6145
330
1D
100
AcDbEntity
  8
0
100
AcDbCircle
 10
191.957401092862
 20
108.2821809067535
 30
0.0
 40
0.2596190932487994
100
AcDbArc
 50
90.0002411855919
 51
106.5309112413448
  0
ARC
  5
6146
330
1D
100
AcDbEntity
  8
0
100
AcDbCircle
 10
191.9192368110606
 20
108.410762394553
 30
0.0
 40
0.1254933634009349
100
AcDbArc
 50
106.5303680409312
 51
134.9997435405652
  0
ARC
  5
6147
330
1D
100
AcDbEntity
  8
0
100
AcDbCircle
 10
191.919237605447
 20
108.4107631889394
 30
0.0
 40
0.125493363400932
100
AcDbArc
 50
135.0002564594348
 51
163.4696319590688
  0
ARC
  5
6148
330
1D
100
AcDbEntity
  8
0
100
AcDbCircle
 10
192.0478190932464
 20
108.3725989071378
 30
0.0
 40
0.2596190932487399
100
AcDbArc
 50
163.4690887586416
 51
179.9997588143956
  0
ARC
  5
6149
330
1D
100
AcDbEntity
  8
0
100
AcDbCircle
 10
191.5226398497111
 20
108.3725995266563
 30
0.0
 40
0.2655601502893274
100
AcDbArc
 50
342.6657362710364
 51
0.0001021259899113
  0
ARC
  5
614A
330
1D
100
AcDbEntity
  8
0
100
AcDbCircle
 10
191.6733378533739
 20
108.3255630878831
 30
0.0
 40
0.107692120339743
100
AcDbArc
 50
308.6600892297632
 51
342.6659174814805
  0
ARC
  5
614B
330
1D
100
AcDbEntity
  8
0
100
AcDbCircle
 10
191.6512012146419
 20
108.3532350559783
 30
0.0
 40
0.1431289457054368
100
AcDbArc
 50
280.2873926387341
 51
308.6597271608921
  0
ARC
  5
614C
330
1D
100
AcDbEntity
  8
0
100
AcDbCircle
 10
191.5767007884696
 20
108.763707100106
 30
0.0
 40
0.5603071001065984
100
AcDbArc
 50
269.9999193728242
 51
280.2872228664904
  0
LINE
  5
614D
330
1D
100
AcDbEntity
  8
0
100
AcDbLine
 10
191.5767
 20
108.2034
 30
0.0
 11
191.3652
 21
108.2034
 31
0.0
  0
LINE
  5
614E
330
1D
100
AcDbEntity
  8
0
100
AcDbLine
 10
191.3652
 20
108.2034
 30
0.0
 11
191.3652
 21
107.3151
 31
0.0
  0
LINE
  5
614F
330
1D
100
AcDbEntity
  8
0
100
AcDbLine
 10
191.3652
 20
107.3151
 30
0.0
 11
191.3652
 21
106.4268
 31
0.0
  0
LINE
  5
6150
330
1D
100
AcDbEntity
  8
0
100
AcDbLine
 10
191.3652
 20
106.4268
 30
0.0
 11
189.9693
 21
106.4268
 31
0.0
  0
ARC
  5
6151
330
1D
100
AcDbEntity
  8
0
100
AcDbCircle
 10
189.9693046624699
 20
-6.213875408987148
 30
0.0
 40
112.6406754089872
100
AcDbArc
 50
90.00000237161094
 51
90.45057580119021
  0
ARC
  5
6152
330
1D
100
AcDbEntity
  8
0
100
AcDbCircle
 10
189.1055003056215
 20
103.627302492455
 30
0.0
 40
2.796101028908482
100
AcDbArc
 50
90.45073781793808
 51
96.91130235843576
  0
ARC
  5
6153
330
1D
100
AcDbEntity
  8
0
100
AcDbCircle
 10
188.8111486149807
 20
106.055667664404
 30
0.0
 40
0.3499611461324618
100
AcDbArc
 50
96.91111360350095
 51
121.8785445193004
  0
ARC
  5
6154
330
1D
100
AcDbEntity
  8
0
100
AcDbCircle
 10
188.6855615449013
 20
106.2575996781477
 30
0.0
 40
0.1121615449017903
100
AcDbArc
 50
121.8783921457958
 51
179.999835587366
  0
ARC
  5
6155
330
1D
100
AcDbEntity
  8
0
100
AcDbCircle
 10
188.8071648098054
 20
106.2575994599114
 30
0.0
 40
0.233764809806074
100
AcDbArc
 50
179.9998676242324
 51
201.6978051197176
  0
ARC
  5
6156
330
1D
100
AcDbEntity
  8
0
100
AcDbCircle
 10
188.6803591103431
 20
106.207143496771
 30
0.0
 40
0.097289575305605
100
AcDbArc
 50
201.6980932901823
 51
243.4350215361725
  0
ARC
  5
6157
330
1D
100
AcDbEntity
  8
0
100
AcDbCircle
 10
188.7469456506461
 20
106.340316155146
 30
0.0
 40
0.2461812281546518
100
AcDbArc
 50
243.4349336114776
 51
266.0154176218183
  0
ARC
  5
6158
330
1D
100
AcDbEntity
  8
0
100
AcDbCircle
 10
188.9118030255881
 20
108.7069604659586
 30
0.0
 40
2.618560465960356
100
AcDbArc
 50
266.0152992839753
 51
269.9999337981956
  0
ARC
  5
6159
330
1D
100
AcDbEntity
  8
0
100
AcDbCircle
 10
188.9117969744121
 20
103.4698395340414
 30
0.0
 40
2.618560465960341
100
AcDbArc
 50
86.01529928397964
 51
89.99993379819992
  0
ARC
  5
615A
330
1D
100
AcDbEntity
  8
0
100
AcDbCircle
 10
189.0766543493538
 20
105.836483844854
 30
0.0
 40
0.2461812281546502
100
AcDbArc
 50
63.43493361147764
 51
86.01541762181826
  0
ARC
  5
615B
330
1D
100
AcDbEntity
  8
0
100
AcDbCircle
 10
189.1432408896568
 20
105.9696565032289
 30
0.0
 40
0.0972895753056168
100
AcDbArc
 50
21.69809329019011
 51
63.43502153617617
  0
ARC
  5
615C
330
1D
100
AcDbEntity
  8
0
100
AcDbCircle
 10
189.0164351901945
 20
105.9192005400885
 30
0.0
 40
0.2337648098060755
100
AcDbArc
 50
359.999867624236
 51
21.69780511972086
  0
ARC
  5
615D
330
1D
100
AcDbEntity
  8
0
100
AcDbCircle
 10
189.3837711535143
 20
105.9191999627391
 30
0.0
 40
0.1335711535143441
100
AcDbArc
 50
179.9999840168084
 51
223.8205672158779
  0
ARC
  5
615E
330
1D
100
AcDbEntity
  8
0
100
AcDbCircle
 10
189.4156462255604
 20
105.9497888898878
 30
0.0
 40
0.1777492327170482
100
AcDbArc
 50
223.8205346887921
 51
259.2156391464747
  0
ARC
  5
615F
330
1D
100
AcDbEntity
  8
0
100
AcDbCircle
 10
189.6087971547684
 20
106.9638105230077
 30
0.0
 40
1.210002667629222
100
AcDbArc
 50
259.2155090752465
 51
269.1759485951775
  0
ARC
  5
6160
330
1D
100
AcDbEntity
  8
0
100
AcDbCircle
 10
190.1384488330885
 20
143.7977195738032
 30
0.0
 40
38.04771957383763
100
AcDbArc
 50
269.1761672918733
 51
270.0000770518736
  0
LINE
  5
6161
330
1D
100
AcDbEntity
  8
0
100
AcDbLine
 10
190.1385
 20
105.75
 30
0.0
 11
191.0268
 21
105.75
 31
0.0
  0
LINE
  5
6162
330
1D
100
AcDbEntity
  8
0
100
AcDbLine
 10
191.0268
 20
105.75
 30
0.0
 11
191.0268
 21
105.4116
 31
0.0
  0
LINE
  5
6163
330
1D
100
AcDbEntity
  8
0
100
AcDbLine
 10
191.0268
 20
105.4116
 30
0.0
 11
191.0268
 21
105.0732
 31
0.0
  0
LINE
  5
6164
330
1D
100
AcDbEntity
  8
0
100
AcDbLine
 10
191.0268
 20
105.0732
 30
0.0
 11
189.8001
 21
105.0732
 31
0.0
  0
ARC
  5
6165
330
1D
100
AcDbEntity
  8
0
100
AcDbCircle
 10
189.8000794919505
 20
188.2853555004655
 30
0.0
 40
83.21215550046805
100
AcDbArc
 50
269.4678518771277
 51
270.0000141208298
  0
ARC
  5
6166
330
1D
100
AcDbEntity
  8
0
100
AcDbCircle
 10
189.0476035576605
 20
107.2702309250184
 30
0.0
 40
2.193536467526203
100
AcDbArc
 50
262.1467540879327
 51
269.4680383558552
  0
ARC
  5
6167
330
1D
100
AcDbEntity
  8
0
100
AcDbCircle
 10
188.78622022082
 20
105.3751803274937
 30
0.0
 40
0.2805445658305864
100
AcDbArc
 50
234.0476310810429
 51
262.1466162797715
  0
ARC
  5
6168
330
1D
100
AcDbEntity
  8
0
100
AcDbCircle
 10
188.6899179593507
 20
105.2424000500827
 30
0.0
 40
0.1165179593507522
100
AcDbArc
 50
180.0000246273625
 51
234.047746991461
  0
ARC
  5
6169
330
1D
100
AcDbEntity
  8
0
100
AcDbCircle
 10
188.3873393157198
 20
105.2423992684775
 30
0.0
 40
0.1860606842816025
100
AcDbArc
 50
0.0002252660237007
 51
28.83420229344468
  0
ARC
  5
616A
330
1D
100
AcDbEntity
  8
0
100
AcDbCircle
 10
188.4540399394741
 20
105.2791214350417
 30
0.0
 40
0.109919429208461
100
AcDbArc
 50
28.83359902232372
 51
71.56478470239507
  0
ARC
  5
616B
330
1D
100
AcDbEntity
  8
0
100
AcDbCircle
 10
188.3440173834858
 20
104.9490483392583
 30
0.0
 40
0.4578464494060885
100
AcDbArc
 50
71.5652019989789
 51
88.06235675198847
  0
ARC
  5
616C
330
1D
100
AcDbEntity
  8
0
100
AcDbCircle
 10
188.065793739091
 20
96.7255859144371
 30
0.0
 40
8.686014085565172
100
AcDbArc
 50
88.06226161039177
 51
89.99995870100425
  0
ARC
  5
616D
330
1D
100
AcDbEntity
  8
0
100
AcDbCircle
 10
188.0658062609089
 20
96.7255859144371
 30
0.0
 40
8.686014085565172
100
AcDbArc
 50
90.00004129899572
 51
91.93773838960821
  0
ARC
  5
616E
330
1D
100
AcDbEntity
  8
0
100
AcDbCircle
 10
187.7875826165142
 20
104.9490483392583
 30
0.0
 40
0.4578464494060853
100
AcDbArc
 50
91.93764324801156
 51
108.4347980010211
  0
ARC
  5
616F
330
1D
100
AcDbEntity
  8
0
100
AcDbCircle
 10
187.6775600605258
 20
105.2791214350417
 30
0.0
 40
0.1099194292084662
100
AcDbArc
 50
108.4352152976049
 51
151.1664009776763
  0
ARC
  5
6170
330
1D
100
AcDbEntity
  8
0
100
AcDbCircle
 10
187.74426068428
 20
105.2423992684775
 30
0.0
 40
0.1860606842816059
100
AcDbArc
 50
151.1657977065553
 51
179.9997747339763
  0
ARC
  5
6171
330
1D
100
AcDbEntity
  8
0
100
AcDbCircle
 10
187.292639849711
 20
105.2423995266565
 30
0.0
 40
0.265560150289299
100
AcDbArc
 50
342.6657362710122
 51
0.0001021259653829
  0
ARC
  5
6172
330
1D
100
AcDbEntity
  8
0
100
AcDbCircle
 10
187.4433378533739
 20
105.1953630878831
 30
0.0
 40
0.1076921203397659
100
AcDbArc
 50
308.660089229775
 51
342.6659174814921
  0
ARC
  5
6173
330
1D
100
AcDbEntity
  8
0
100
AcDbCircle
 10
187.4212012146419
 20
105.2230350559783
 30
0.0
 40
0.1431289457054368
100
AcDbArc
 50
280.2873926387341
 51
308.6597271608921
  0
ARC
  5
6174
330
1D
100
AcDbEntity
  8
0
100
AcDbCircle
 10
187.3467007884695
 20
105.6335071001059
 30
0.0
 40
0.5603071001064444
100
AcDbArc
 50
269.9999193728271
 51
280.2872228664932
  0
ARC
  5
6175
330
1D
100
AcDbEntity
  8
0
100
AcDbCircle
 10
187.3466992115304
 20
104.5128928998941
 30
0.0
 40
0.5603071001064427
100
AcDbArc
 50
89.99991937282706
 51
100.2872228664932
  0
ARC
  5
6176
330
1D
100
AcDbEntity
  8
0
100
AcDbCircle
 10
187.272198785358
 20
104.9233649440217
 30
0.0
 40
0.1431289457054352
100
AcDbArc
 50
100.2873926387342
 51
128.6597271608921
  0
ARC
  5
6177
330
1D
100
AcDbEntity
  8
0
100
AcDbCircle
 10
187.250062146626
 20
104.9510369121169
 30
0.0
 40
0.1076921203397599
100
AcDbArc
 50
128.660089229775
 51
162.6659174814921
  0
ARC
  5
6178
330
1D
100
AcDbEntity
  8
0
100
AcDbCircle
 10
187.4007601502889
 20
104.9040004733435
 30
0.0
 40
0.2655601502893021
100
AcDbArc
 50
162.6657362710122
 51
180.0001021259653
  0
ARC
  5
6179
330
1D
100
AcDbEntity
  8
0
100
AcDbCircle
 10
186.8755809067535
 20
104.904001092862
 30
0.0
 40
0.2596190932487142
100
AcDbArc
 50
343.4690887586627
 51
359.9997588144175
  0
ARC
  5
617A
330
1D
100
AcDbEntity
  8
0
100
AcDbCircle
 10
187.004162394553
 20
104.8658368110606
 30
0.0
 40
0.1254933634009783
100
AcDbArc
 50
315.0002564594164
 51
343.4696319590476
  0
ARC
  5
617B
330
1D
100
AcDbEntity
  8
0
100
AcDbCircle
 10
187.0041631889393
 20
104.865837605447
 30
0.0
 40
0.1254933634009622
100
AcDbArc
 50
286.530368040956
 51
314.9997435405881
  0
ARC
  5
617C
330
1D
100
AcDbEntity
  8
0
100
AcDbCircle
 10
186.9659989071379
 20
104.9944190932465
 30
0.0
 40
0.2596190932487878
100
AcDbArc
 50
270.0002411855856
 51
286.5309112413387
  0
ARC
  5
617D
330
1D
100
AcDbEntity
  8
0
100
AcDbCircle
 10
186.9659995266564
 20
104.4692398497111
 30
0.0
 40
0.2655601502892564
100
AcDbArc
 50
89.99989787402235
 51
107.334263728975
  0
ARC
  5
617E
330
1D
100
AcDbEntity
  8
0
100
AcDbCircle
 10
186.9189647230119
 20
104.619937353374
 30
0.0
 40
0.1076930848156738
100
AcDbArc
 50
107.334833687304
 51
141.3406619390216
  0
ARC
  5
617F
330
1D
100
AcDbEntity
  8
0
100
AcDbCircle
 10
186.9466330779897
 20
104.5978007146419
 30
0.0
 40
0.1431270888095831
100
AcDbArc
 50
141.3399344926257
 51
169.7122690147863
  0
ARC
  5
6180
330
1D
100
AcDbEntity
  8
0
100
AcDbCircle
 10
187.3571071001058
 20
104.5233007884694
 30
0.0
 40
0.5603071001063592
100
AcDbArc
 50
169.7127771334978
 51
180.0000806271642
  0
ARC
  5
6181
330
1D
100
AcDbEntity
  8
0
100
AcDbCircle
 10
186.2364928998941
 20
104.5232992115303
 30
0.0
 40
0.5603071001064143
100
AcDbArc
 50
349.7127771335151
 51
0.0000806271816311
  0
ARC
  5
6182
330
1D
100
AcDbEntity
  8
0
100
AcDbCircle
 10
186.6469669220103
 20
104.448799285358
 30
0.0
 40
0.1431270888096064
100
AcDbArc
 50
321.3399344926328
 51
349.7122690147884
  0
ARC
  5
6183
330
1D
100
AcDbEntity
  8
0
100
AcDbCircle
 10
186.674635276988
 20
104.426662646626
 30
0.0
 40
0.1076930848156717
100
AcDbArc
 50
287.334833687304
 51
321.3406619390217
  0
ARC
  5
6184
330
1D
100
AcDbEntity
  8
0
100
AcDbCircle
 10
186.6276004733436
 20
104.5773601502889
 30
0.0
 40
0.2655601502893267
100
AcDbArc
 50
269.9998978740101
 51
287.3342637289637
  0
ARC
  5
6185
330
1D
100
AcDbEntity
  8
0
100
AcDbCircle
 10
186.627601092862
 20
104.0521809067535
 30
0.0
 40
0.2596190932487994
100
AcDbArc
 50
90.0002411855919
 51
106.5309112413448
  0
ARC
  5
6186
330
1D
100
AcDbEntity
  8
0
100
AcDbCircle
 10
186.5894368110606
 20
104.180762394553
 30
0.0
 40
0.1254933634009647
100
AcDbArc
 50
106.5303680409542
 51
134.9997435405835
  0
ARC
  5
6187
330
1D
100
AcDbEntity
  8
0
100
AcDbCircle
 10
186.589437605447
 20
104.1807631889394
 30
0.0
 40
0.125493363400932
100
AcDbArc
 50
135.0002564594348
 51
163.4696319590688
  0
ARC
  5
6188
330
1D
100
AcDbEntity
  8
0
100
AcDbCircle
 10
186.7180190932464
 20
104.1425989071379
 30
0.0
 40
0.2596190932487429
100
AcDbArc
 50
163.4690887586615
 51
179.9997588144144
  0
ARC
  5
6189
330
1D
100
AcDbEntity
  8
0
100
AcDbCircle
 10
186.7180190932465
 20
104.142601092862
 30
0.0
 40
0.2596190932487994
100
AcDbArc
 50
180.0002411855824
 51
196.5309112413349
  0
ARC
  5
618A
330
1D
100
AcDbEntity
  8
0
100
AcDbCircle
 10
186.589437605447
 20
104.1044368110606
 30
0.0
 40
0.1254933634009349
100
AcDbArc
 50
196.5303680409312
 51
224.9997435405652
  0
ARC
  5
618B
330
1D
100
AcDbEntity
  8
0
100
AcDbCircle
 10
186.5894368110606
 20
104.104437605447
 30
0.0
 40
0.1254933634009521
100
AcDbArc
 50
225.0002564594256
 51
253.4696319590564
  0
ARC
  5
618C
330
1D
100
AcDbEntity
  8
0
100
AcDbCircle
 10
186.627601092862
 20
104.2330190932465
 30
0.0
 40
0.259619093248796
100
AcDbArc
 50
253.4690887586553
 51
269.9997588144081
  0
ARC
  5
618D
330
1D
100
AcDbEntity
  8
0
100
AcDbCircle
 10
186.6276000165784
 20
103.8673062396094
 30
0.0
 40
0.1060937603906082
100
AcDbArc
 50
11.66652203743476
 51
90.00000895319285
  0
ARC
  5
618E
330
1D
100
AcDbEntity
  8
0
100
AcDbCircle
 10
184.5416207493146
 20
103.4365982718835
 30
0.0
 40
2.236074712632976
100
AcDbArc
 50
3.052899438381126
 51
11.66635605354136
  0
ARC
  5
618F
330
1D
100
AcDbEntity
  8
0
100
AcDbCircle
 10
173.221027838104
 20
102.832828246376
 30
0.0
 40
13.57275685976282
100
AcDbArc
 50
0.1699351273428776
 51
3.052906675959277
  0
ARC
  5
6190
330
1D
100
AcDbEntity
  8
0
100
AcDbCircle
 10
-511.3795552661998
 20
100.800941357476
 30
0.0
 40
698.1763552662008
100
AcDbArc
 50
359.9999966060025
 51
0.1700504483887932
  0
ARC
  5
6191
330
1D
100
AcDbEntity
  8
0
100
AcDbCircle
 10
884.9731552661998
 20
100.800858642524
 30
0.0
 40
698.1763552662012
100
AcDbArc
 50
179.9999966060024
 51
180.1700504483888
  0
ARC
  5
6192
330
1D
100
AcDbEntity
  8
0
100
AcDbCircle
 10
200.3725920315649
 20
98.76897125362393
 30
0.0
 40
13.57277672786141
100
AcDbArc
 50
180.169932767891
 51
183.0529043165074
  0
ARC
  5
6193
330
1D
100
AcDbEntity
  8
0
100
AcDbCircle
 10
189.0519726113263
 20
98.16520122811674
 30
0.0
 40
2.236068109325699
100
AcDbArc
 50
183.052921292344
 51
191.6663779075043
  0
ARC
  5
6194
330
1D
100
AcDbEntity
  8
0
100
AcDbCircle
 10
186.9659999834215
 20
97.7344937603906
 30
0.0
 40
0.1060937603905815
100
AcDbArc
 50
191.6665220374303
 51
270.0000089531928
  0
ARC
  5
6195
330
1D
100
AcDbEntity
  8
0
100
AcDbCircle
 10
186.9660005400885
 20
97.39463519019452
 30
0.0
 40
0.2337648098061166
100
AcDbArc
 50
68.302194880272
 51
90.00013237575698
  0
ARC
  5
6196
330
1D
100
AcDbEntity
  8
0
100
AcDbCircle
 10
187.016456503229
 20
97.52144088965678
 30
0.0
 40
0.0972895753056077
100
AcDbArc
 50
26.56497846385376
 51
68.30190670983632
  0
ARC
  5
6197
330
1D
100
AcDbEntity
  8
0
100
AcDbCircle
 10
186.883283844854
 20
97.45485434935385
 30
0.0
 40
0.2461812281546836
100
AcDbArc
 50
3.984582378181285
 51
26.56506638852236
  0
ARC
  5
6198
330
1D
100
AcDbEntity
  8
0
100
AcDbCircle
 10
184.5166395340416
 20
97.28999697441212
 30
0.0
 40
2.618560465960129
100
AcDbArc
 50
0.0000662018000801
 51
3.984700716020394
  0
ARC
  5
6199
330
1D
100
AcDbEntity
  8
0
100
AcDbCircle
 10
190.1780619547984
 20
97.28999877998925
 30
0.0
 40
3.042861954798627
100
AcDbArc
 50
179.9999770277231
 51
183.7007335165104
  0
ARC
  5
619A
330
1D
100
AcDbEntity
  8
0
100
AcDbCircle
 10
187.328084847707
 20
97.1056628266535
 30
0.0
 40
0.1869296631233328
100
AcDbArc
 50
183.7008673956041
 51
212.0054928517706
  0
ARC
  5
619B
330
1D
100
AcDbEntity
  8
0
100
AcDbCircle
 10
187.2496429373216
 20
97.05663640451383
 30
0.0
 40
0.094427104387149
100
AcDbArc
 50
212.005482868645
 51
257.5241310936521
  0
ARC
  5
619C
330
1D
100
AcDbEntity
  8
0
100
AcDbCircle
 10
187.3467024044479
 20
97.49530732497385
 30
0.0
 40
0.543707324979166
100
AcDbArc
 50
257.5238963546233
 51
269.999746619711
  0
ARC
  5
619D
330
1D
100
AcDbEntity
  8
0
100
AcDbCircle
 10
187.3466975955521
 20
96.40789267502615
 30
0.0
 40
0.5437073249791684
100
AcDbArc
 50
77.52389635462333
 51
89.99974661971119
  0
ARC
  5
619E
330
1D
100
AcDbEntity
  8
0
100
AcDbCircle
 10
187.4437570626784
 20
96.84656359548617
 30
0.0
 40
0.0944271043871308
100
AcDbArc
 50
32.00548286864498
 51
77.52413109365204
  0
ARC
  5
619F
330
1D
100
AcDbEntity
  8
0
100
AcDbCircle
 10
187.365315152293
 20
96.79753717334644
 30
0.0
 40
0.1869296631233406
100
AcDbArc
 50
3.700867395625861
 51
32.00549285179004
  0
ARC
  5
61A0
330
1D
100
AcDbEntity
  8
0
100
AcDbCircle
 10
184.5153380452016
 20
96.61320122001122
 30
0.0
 40
3.042861954798627
100
AcDbArc
 50
359.9999770277149
 51
3.700733516502078
  0
ARC
  5
61A1
330
1D
100
AcDbEntity
  8
0
100
AcDbCircle
 10
190.1767604659586
 20
96.61320302558788
 30
0.0
 40
2.618560465960328
100
AcDbArc
 50
180.0000662017998
 51
183.9847007160201
  0
ARC
  5
61A2
330
1D
100
AcDbEntity
  8
0
100
AcDbCircle
 10
187.810116155146
 20
96.44834565064615
 30
0.0
 40
0.2461812281546786
100
AcDbArc
 50
183.9845823781813
 51
206.5650663885223
  0
ARC
  5
61A3
330
1D
100
AcDbEntity
  8
0
100
AcDbCircle
 10
187.676943496771
 20
96.38175911034323
 30
0.0
 40
0.0972895753056105
100
AcDbArc
 50
206.5649784638537
 51
248.3019067098363
  0
ARC
  5
61A4
330
1D
100
AcDbEntity
  8
0
100
AcDbCircle
 10
187.7273994599114
 20
96.50856480980543
 30
0.0
 40
0.2337648098060517
100
AcDbArc
 50
248.3021948802656
 51
270.00013237575
  0
ARC
  5
61A5
330
1D
100
AcDbEntity
  8
0
100
AcDbCircle
 10
187.7274004733435
 20
96.00923984971108
 30
0.0
 40
0.2655601502893417
100
AcDbArc
 50
72.66573627102466
 51
90.00010212597764
  0
ARC
  5
61A6
330
1D
100
AcDbEntity
  8
0
100
AcDbCircle
 10
187.774435276988
 20
96.15993735337395
 30
0.0
 40
0.1076930848156738
100
AcDbArc
 50
38.65933806097835
 51
72.66516631269597
  0
ARC
  5
61A7
330
1D
100
AcDbEntity
  8
0
100
AcDbCircle
 10
187.7467669220103
 20
96.13780071464196
 30
0.0
 40
0.143127088809552
100
AcDbArc
 50
10.28773098521571
 51
38.6600655073769
  0
ARC
  5
61A8
330
1D
100
AcDbEntity
  8
0
100
AcDbCircle
 10
187.3362928998941
 20
96.0633007884695
 30
0.0
 40
0.5603071001064432
100
AcDbArc
 50
359.9999193728344
 51
10.28722286650062
  0
ARC
  5
61A9
330
1D
100
AcDbEntity
  8
0
100
AcDbCircle
 10
188.4569071001058
 20
96.06329921153038
 30
0.0
 40
0.560307100106329
100
AcDbArc
 50
179.9999193728198
 51
190.2872228664864
  0
ARC
  5
61AA
330
1D
100
AcDbEntity
  8
0
100
AcDbCircle
 10
188.0464350559783
 20
95.98879878535807
 30
0.0
 40
0.1431289457055026
100
AcDbArc
 50
190.2873926387234
 51
218.6597271608788
  0
ARC
  5
61AB
330
1D
100
AcDbEntity
  8
0
100
AcDbCircle
 10
188.0187630878831
 20
95.9666621466261
 30
0.0
 40
0.1076921203397776
100
AcDbArc
 50
218.6600892297868
 51
252.6659174815038
  0
ARC
  5
61AC
330
1D
100
AcDbEntity
  8
0
100
AcDbCircle
 10
188.0657995266564
 20
96.11736015028885
 30
0.0
 40
0.2655601502892538
100
AcDbArc
 50
252.6657362710249
 51
270.0001021259776
  0
ARC
  5
61AD
330
1D
100
AcDbEntity
  8
0
100
AcDbCircle
 10
188.0657989071379
 20
95.59218090675349
 30
0.0
 40
0.2596190932487994
100
AcDbArc
 50
73.46908875865522
 51
89.99975881440812
  0
ARC
  5
61AE
330
1D
100
AcDbEntity
  8
0
100
AcDbCircle
 10
188.1039631889393
 20
95.72076239455295
 30
0.0
 40
0.125493363400943
100
AcDbArc
 50
45.00025645942559
 51
73.46963195905637
  0
ARC
  5
61AF
330
1D
100
AcDbEntity
  8
0
100
AcDbCircle
 10
188.103962394553
 20
95.72076318893939
 30
0.0
 40
0.125493363400932
100
AcDbArc
 50
16.53036804093118
 51
44.99974354056521
  0
ARC
  5
61B0
330
1D
100
AcDbEntity
  8
0
100
AcDbCircle
 10
187.9753809067535
 20
95.68259890713786
 30
0.0
 40
0.2596190932487985
100
AcDbArc
 50
0.0002411856044267
 51
16.53091124135769
  0
ARC
  5
61B1
330
1D
100
AcDbEntity
  8
0
100
AcDbCircle
 10
188.4946190932464
 20
95.68260109286205
 30
0.0
 40
0.2596190932487142
100
AcDbArc
 50
180.0002411855856
 51
196.5309112413402
  0
ARC
  5
61B2
330
1D
100
AcDbEntity
  8
0
100
AcDbCircle
 10
188.366037605447
 20
95.64443681106061
 30
0.0
 40
0.1254933634009349
100
AcDbArc
 50
196.5303680409312
 51
224.9997435405652
  0
ARC
  5
61B3
330
1D
100
AcDbEntity
  8
0
100
AcDbCircle
 10
188.3660368110606
 20
95.64443760544703
 30
0.0
 40
0.125493363400932
100
AcDbArc
 50
225.0002564594347
 51
253.4696319590688
  0
ARC
  5
61B4
330
1D
100
AcDbEntity
  8
0
100
AcDbCircle
 10
188.4042010928621
 20
95.77301909324647
 30
0.0
 40
0.2596190932487823
100
AcDbArc
 50
253.4690887586543
 51
269.9997588144081
  0
ARC
  5
61B5
330
1D
100
AcDbEntity
  8
0
100
AcDbCircle
 10
188.4041989071379
 20
95.25378090675351
 30
0.0
 40
0.2596190932487852
100
AcDbArc
 50
73.4690887586543
 51
89.99975881440812
  0
ARC
  5
61B6
330
1D
100
AcDbEntity
  8
0
100
AcDbCircle
 10
188.4423631889394
 20
95.38236239455299
 30
0.0
 40
0.1254933634009349
100
AcDbArc
 50
45.00025645943476
 51
73.46963195906879
  0
ARC
  5
61B7
330
1D
100
AcDbEntity
  8
0
100
AcDbCircle
 10
188.4423623945529
 20
95.38236318893938
 30
0.0
 40
0.1254933634009622
100
AcDbArc
 50
16.53036804092749
 51
44.99974354056063
  0
ARC
  5
61B8
330
1D
100
AcDbEntity
  8
0
100
AcDbCircle
 10
188.3137809067536
 20
95.34419890713795
 30
0.0
 40
0.2596190932487116
100
AcDbArc
 50
0.0002411855824733
 51
16.53091124133721
  0
ARC
  5
61B9
330
1D
100
AcDbEntity
  8
0
100
AcDbCircle
 10
188.8330190932465
 20
95.34420109286214
 30
0.0
 40
0.2596190932487994
100
AcDbArc
 50
180.0002411856044
 51
196.5309112413577
  0
ARC
  5
61BA
330
1D
100
AcDbEntity
  8
0
100
AcDbCircle
 10
188.704437605447
 20
95.30603681106059
 30
0.0
 40
0.1254933634009349
100
AcDbArc
 50
196.5303680409312
 51
224.9997435405652
  0
ARC
  5
61BB
330
1D
100
AcDbEntity
  8
0
100
AcDbCircle
 10
188.7044368110606
 20
95.306037605447
 30
0.0
 40
0.1254933634009521
100
AcDbArc
 50
225.0002564594256
 51
253.4696319590564
  0
ARC
  5
61BC
330
1D
100
AcDbEntity
  8
0
100
AcDbCircle
 10
188.7426010928621
 20
95.43461909324648
 30
0.0
 40
0.2596190932487823
100
AcDbArc
 50
253.4690887586543
 51
269.9997588144081
  0
ARC
  5
61BD
330
1D
100
AcDbEntity
  8
0
100
AcDbCircle
 10
188.7425989071379
 20
94.9153809067536
 30
0.0
 40
0.2596190932486857
100
AcDbArc
 50
73.46908875865409
 51
89.99975881440812
  0
ARC
  5
61BE
330
1D
100
AcDbEntity
  8
0
100
AcDbCircle
 10
188.7807631889393
 20
95.04396239455299
 30
0.0
 40
0.1254933634009349
100
AcDbArc
 50
45.00025645943476
 51
73.46963195906879
  0
ARC
  5
61BF
330
1D
100
AcDbEntity
  8
0
100
AcDbCircle
 10
188.780762394553
 20
95.04396318893929
 30
0.0
 40
0.1254933634009521
100
AcDbArc
 50
16.53036804095606
 51
44.99974354059275
  0
ARC
  5
61C0
330
1D
100
AcDbEntity
  8
0
100
AcDbCircle
 10
188.6521809067535
 20
95.00579890713794
 30
0.0
 40
0.2596190932487974
100
AcDbArc
 50
0.0002411855824732
 51
16.53091124133486
  0
ARC
  5
61C1
330
1D
100
AcDbEntity
  8
0
100
AcDbCircle
 10
189.0618704305834
 20
95.00579934675624
 30
0.0
 40
0.1500704305848053
100
AcDbArc
 50
179.9997505963682
 51
217.5660826739828
  0
ARC
  5
61C2
330
1D
100
AcDbEntity
  8
0
100
AcDbCircle
 10
189.0553156817705
 20
95.00075690536077
 30
0.0
 40
0.1418005486740504
100
AcDbArc
 50
217.5658316241762
 51
256.7591569011335
  0
ARC
  5
61C3
330
1D
100
AcDbEntity
  8
0
100
AcDbCircle
 10
189.2127489788807
 20
95.66986965218244
 30
0.0
 40
0.8291848014651373
100
AcDbArc
 50
256.7597608753474
 51
268.8809422999282
  0
ARC
  5
61C4
330
1D
100
AcDbEntity
  8
0
100
AcDbCircle
 10
189.6309110989859
 20
117.0712480853108
 30
0.0
 40
22.23464808531362
100
AcDbArc
 50
268.880649950636
 51
269.9999713993652
  0
ARC
  5
61C5
330
1D
100
AcDbEntity
  8
0
100
AcDbCircle
 10
189.6308889010141
 20
72.60195191468771
 30
0.0
 40
22.23464808531507
100
AcDbArc
 50
88.88064995063599
 51
89.99997139936523
  0
ARC
  5
61C6
330
1D
100
AcDbEntity
  8
0
100
AcDbCircle
 10
190.0490510211192
 20
94.00333034781771
 30
0.0
 40
0.8291848014650115
100
AcDbArc
 50
76.75976087534326
 51
88.88094229992409
  0
ARC
  5
61C7
330
1D
100
AcDbEntity
  8
0
100
AcDbCircle
 10
190.2064843182294
 20
94.67244309463922
 30
0.0
 40
0.1418005486740568
100
AcDbArc
 50
37.56583162417621
 51
76.75915690113352
  0
ARC
  5
61C8
330
1D
100
AcDbEntity
  8
0
100
AcDbCircle
 10
190.1999295694166
 20
94.66740065324373
 30
0.0
 40
0.1500704305848088
100
AcDbArc
 50
359.9997505963736
 51
37.56608267398713
  0
ARC
  5
61C9
330
1D
100
AcDbEntity
  8
0
100
AcDbCircle
 10
190.5000704305834
 20
94.66739934675628
 30
0.0
 40
0.1500704305848053
100
AcDbArc
 50
179.9997505963736
 51
217.5660826739871
  0
ARC
  5
61CA
330
1D
100
AcDbEntity
  8
0
100
AcDbCircle
 10
190.4935156817705
 20
94.66235690536079
 30
0.0
 40
0.1418005486740504
100
AcDbArc
 50
217.5658316241762
 51
256.7591569011335
  0
ARC
  5
61CB
330
1D
100
AcDbEntity
  8
0
100
AcDbCircle
 10
190.6509489788808
 20
95.33146965218241
 30
0.0
 40
0.8291848014651366
100
AcDbArc
 50
256.7597608753434
 51
268.8809422999243
  0
ARC
  5
61CC
330
1D
100
AcDbEntity
  8
0
100
AcDbCircle
 10
191.0691110989859
 20
116.7328480853108
 30
0.0
 40
22.23464808531362
100
AcDbArc
 50
268.880649950636
 51
269.9999713993652
  0
ARC
  5
61CD
330
1D
100
AcDbEntity
  8
0
100
AcDbCircle
 10
191.0690889010141
 20
72.26355191468769
 30
0.0
 40
22.23464808531507
100
AcDbArc
 50
88.88064995063599
 51
89.99997139936523
  0
ARC
  5
61CE
330
1D
100
AcDbEntity
  8
0
100
AcDbCircle
 10
191.4872510211192
 20
93.6649303478177
 30
0.0
 40
0.8291848014650115
100
AcDbArc
 50
76.75976087534326
 51
88.88094229992409
  0
ARC
  5
61CF
330
1D
100
AcDbEntity
  8
0
100
AcDbCircle
 10
191.6446843182294
 20
94.33404309463922
 30
0.0
 40
0.1418005486740568
100
AcDbArc
 50
37.56583162417621
 51
76.75915690113352
  0
ARC
  5
61D0
330
1D
100
AcDbEntity
  8
0
100
AcDbCircle
 10
191.6381295694165
 20
94.32900065324371
 30
0.0
 40
0.1500704305848088
100
AcDbArc
 50
359.9997505963736
 51
37.56608267398713
  0
ARC
  5
61D1
330
1D
100
AcDbEntity
  8
0
100
AcDbCircle
 10
192.0478190932464
 20
94.32900109286213
 30
0.0
 40
0.2596190932487426
100
AcDbArc
 50
180.0002411856075
 51
196.5309112413612
  0
ARC
  5
61D2
330
1D
100
AcDbEntity
  8
0
100
AcDbCircle
 10
191.919237605447
 20
94.29083681106062
 30
0.0
 40
0.1254933634009349
100
AcDbArc
 50
196.5303680409312
 51
224.9997435405652
  0
ARC
  5
61D3
330
1D
100
AcDbEntity
  8
0
100
AcDbCircle
 10
191.9192368110606
 20
94.29083760544704
 30
0.0
 40
0.125493363400932
100
AcDbArc
 50
225.0002564594347
 51
253.4696319590688
  0
ARC
  5
61D4
330
1D
100
AcDbEntity
  8
0
100
AcDbCircle
 10
191.957401092862
 20
94.41941909324647
 30
0.0
 40
0.2596190932487823
100
AcDbArc
 50
253.4690887586543
 51
269.9997588144081
  0
ARC
  5
61D5
330
1D
100
AcDbEntity
  8
0
100
AcDbCircle
 10
191.9573989071379
 20
94.41941909324638
 30
0.0
 40
0.2596190932486857
100
AcDbArc
 50
270.0002411855982
 51
286.5309112413519
  0
ARC
  5
61D6
330
1D
100
AcDbEntity
  8
0
100
AcDbCircle
 10
191.9955631889393
 20
94.29083760544708
 30
0.0
 40
0.1254933634009894
100
AcDbArc
 50
286.5303680409238
 51
314.999743540556
  0
ARC
  5
61D7
330
1D
100
AcDbEntity
  8
0
100
AcDbCircle
 10
191.995562394553
 20
94.29083681106062
 30
0.0
 40
0.125493363400932
100
AcDbArc
 50
315.0002564594348
 51
343.4696319590689
  0
ARC
  5
61D8
330
1D
100
AcDbEntity
  8
0
100
AcDbCircle
 10
191.8669809067536
 20
94.32900109286206
 30
0.0
 40
0.2596190932487157
100
AcDbArc
 50
343.4690887586598
 51
359.9997588144144
  0
ARC
  5
61D9
330
1D
100
AcDbEntity
  8
0
100
AcDbCircle
 10
192.3862190932465
 20
94.32899890713786
 30
0.0
 40
0.2596190932487994
100
AcDbArc
 50
163.4690887586423
 51
179.9997588143956
  0
ARC
  5
61DA
330
1D
100
AcDbEntity
  8
0
100
AcDbCircle
 10
192.257637605447
 20
94.36716318893941
 30
0.0
 40
0.1254933634009349
100
AcDbArc
 50
135.0002564594348
 51
163.4696319590688
  0
ARC
  5
61DB
330
1D
100
AcDbEntity
  8
0
100
AcDbCircle
 10
192.2576368110606
 20
94.36716239455298
 30
0.0
 40
0.1254933634009521
100
AcDbArc
 50
106.5303680409436
 51
134.9997435405744
  0
ARC
  5
61DC
330
1D
100
AcDbEntity
  8
0
100
AcDbCircle
 10
192.2958010928621
 20
94.2385809067535
 30
0.0
 40
0.259619093248796
100
AcDbArc
 50
90.0002411855919
 51
106.5309112413448
  0
ARC
  5
61DD
330
1D
100
AcDbEntity
  8
0
100
AcDbCircle
 10
192.2957989071379
 20
94.7578190932464
 30
0.0
 40
0.2596190932487
100
AcDbArc
 50
270.0002411855919
 51
286.530911241345
  0
ARC
  5
61DE
330
1D
100
AcDbEntity
  8
0
100
AcDbCircle
 10
192.3339631889394
 20
94.629237605447
 30
0.0
 40
0.1254933634009349
100
AcDbArc
 50
286.5303680409312
 51
314.9997435405652
  0
ARC
  5
61DF
330
1D
100
AcDbEntity
  8
0
100
AcDbCircle
 10
192.333962394553
 20
94.6292368110606
 30
0.0
 40
0.125493363400932
100
AcDbArc
 50
315.0002564594348
 51
343.4696319590689
  0
ARC
  5
61E0
330
1D
100
AcDbEntity
  8
0
100
AcDbCircle
 10
192.2053809067535
 20
94.66740109286213
 30
0.0
 40
0.2596190932487985
100
AcDbArc
 50
343.4690887586423
 51
359.9997588143956
  0
ARC
  5
61E1
330
1D
100
AcDbEntity
  8
0
100
AcDbCircle
 10
192.6987648098054
 20
94.66740054008857
 30
0.0
 40
0.2337648098060456
100
AcDbArc
 50
158.3021948802765
 51
180.0001323757639
  0
ARC
  5
61E2
330
1D
100
AcDbEntity
  8
0
100
AcDbCircle
 10
192.5719591103431
 20
94.717856503229
 30
0.0
 40
0.0972895753055681
100
AcDbArc
 50
116.564978463835
 51
158.301906709827
  0
ARC
  5
61E3
330
1D
100
AcDbEntity
  8
0
100
AcDbCircle
 10
192.6385456506461
 20
94.58468384485399
 30
0.0
 40
0.2461812281546518
100
AcDbArc
 50
93.98458237818175
 51
116.5650663885223
  0
ARC
  5
61E4
330
1D
100
AcDbEntity
  8
0
100
AcDbCircle
 10
192.8034030255881
 20
92.218039534041
 30
0.0
 40
2.618560465960755
100
AcDbArc
 50
90.00006620180442
 51
93.98470071602474
  0
LINE
  5
61E5
330
1D
100
AcDbEntity
  8
0
100
AcDbLine
 10
192.8034
 20
94.8366
 30
0.0
 11
193.1418
 21
94.8366
 31
0.0
  0
LINE
  5
61E6
330
1D
100
AcDbEntity
  8
0
100
AcDbLine
 10
193.1418
 20
94.8366
 30
0.0
 11
193.1418
 21
95.3442
 31
0.0
  0
ARC
  5
61E7
330
1D
100
AcDbEntity
  8
0
100
AcDbCircle
 10
184.4557859144375
 20
95.34419373909107
 30
0.0
 40
8.686014085564732
100
AcDbArc
 50
0.0000412989956293
 51
1.937738389608137
  0
ARC
  5
61E8
330
1D
100
AcDbEntity
  8
0
100
AcDbCircle
 10
192.6792483392581
 20
95.62241738348586
 30
0.0
 40
0.4578464494061114
100
AcDbArc
 50
1.937643248002537
 51
18.43479800101266
  0
ARC
  5
61E9
330
1D
100
AcDbEntity
  8
0
100
AcDbCircle
 10
193.0093214350417
 20
95.73243993947412
 30
0.0
 40
0.1099194292084571
100
AcDbArc
 50
18.4352152976143
 51
61.16640097768279
  0
ARC
  5
61EA
330
1D
100
AcDbEntity
  8
0
100
AcDbCircle
 10
192.9725992684775
 20
95.66573931571982
 30
0.0
 40
0.1860606842816059
100
AcDbArc
 50
61.16579770655532
 51
89.99977473397631
  0
ARC
  5
61EB
330
1D
100
AcDbEntity
  8
0
100
AcDbCircle
 10
192.9725998571147
 20
95.95789856563872
 30
0.0
 40
0.1060985656388137
100
AcDbArc
 50
202.2281160582654
 51
270.0000771615084
  0
ARC
  5
61EC
330
1D
100
AcDbEntity
  8
0
100
AcDbCircle
 10
193.5041032992983
 20
96.17510530161554
 30
0.0
 40
0.680271601584235
100
AcDbArc
 50
184.9696252213672
 51
202.2281069586533
  0
ARC
  5
61ED
330
1D
100
AcDbEntity
  8
0
100
AcDbCircle
 10
198.0702601413578
 20
96.57215893494127
 30
0.0
 40
5.263658983643468
100
AcDbArc
 50
180.2993534874597
 51
184.9696880255444
  0
ARC
  5
61EE
330
1D
100
AcDbEntity
  8
0
100
AcDbCircle
 10
432.6480424220948
 20
97.79765932492958
 30
0.0
 40
239.8446424221021
100
AcDbArc
 50
180.0000141719575
 51
180.2993271539609
  0
LINE
  5
61EF
330
1D
100
AcDbEntity
  8
0
100
AcDbLine
 10
192.8034
 20
97.79760000000001
 30
0.0
 11
192.8034
 21
99.74339999999999
 31
0.0
  0
LINE
  5
61F0
330
1D
100
AcDbEntity
  8
0
100
AcDbLine
 10
192.8034
 20
99.74339999999999
 30
0.0
 11
194.4108
 21
99.74339999999999
 31
0.0
  0
LINE
  5
61F1
330
1D
100
AcDbEntity
  8
0
100
AcDbLine
 10
194.4108
 20
99.74339999999999
 30
0.0
 11
196.0182
 21
99.74339999999999
 31
0.0
  0
LINE
  5
61F2
330
1D
100
AcDbEntity
  8
0
100
AcDbLine
 10
196.0182
 20
99.74339999999999
 30
0.0
 11
196.0182
 21
97.45919999999999
 31
0.0
  0
LINE
  5
61F3
330
1D
100
AcDbEntity
  8
0
100
AcDbLine
 10
196.0182
 20
97.45919999999999
 30
0.0
 11
196.0182
 21
95.175
 31
0.0
  0
LINE
  5
61F4
330
1D
100
AcDbEntity
  8
0
100
AcDbLine
 10
196.0182
 20
95.175
 30
0.0
 11
195.8067
 21
95.175
 31
0.0
  0
ARC
  5
61F5
330
1D
100
AcDbEntity
  8
0
100
AcDbCircle
 10
195.8067024044479
 20
94.63129267502614
 30
0.0
 40
0.5437073249791684
100
AcDbArc
 50
90.00025338028882
 51
102.4761036453767
  0
ARC
  5
61F6
330
1D
100
AcDbEntity
  8
0
100
AcDbCircle
 10
195.7096429373215
 20
95.06996359548615
 30
0.0
 40
0.0944271043871247
100
AcDbArc
 50
102.4758689063311
 51
147.9945171313459
  0
ARC
  5
61F7
330
1D
100
AcDbEntity
  8
0
100
AcDbCircle
 10
195.788084847707
 20
95.02093717334643
 30
0.0
 40
0.1869296631233406
100
AcDbArc
 50
147.9945071482099
 51
176.2991326043741
  0
ARC
  5
61F8
330
1D
100
AcDbEntity
  8
0
100
AcDbCircle
 10
198.6380619547983
 20
94.83660122001118
 30
0.0
 40
3.042861954798598
100
AcDbArc
 50
176.2992664834979
 51
180.0000229722852
  0
ARC
  5
61F9
330
1D
100
AcDbEntity
  8
0
100
AcDbCircle
 10
198.6380619547983
 20
94.8365987799888
 30
0.0
 40
3.042861954798598
100
AcDbArc
 50
179.9999770277147
 51
183.7007335165021
  0
ARC
  5
61FA
330
1D
100
AcDbEntity
  8
0
100
AcDbCircle
 10
195.788084847707
 20
94.65226282665355
 30
0.0
 40
0.1869296631233649
100
AcDbArc
 50
183.7008673956209
 51
212.0054928517854
  0
ARC
  5
61FB
330
1D
100
AcDbEntity
  8
0
100
AcDbCircle
 10
195.7096429373215
 20
94.60323640451383
 30
0.0
 40
0.0944271043871324
100
AcDbArc
 50
212.0054828686614
 51
257.5241310936708
  0
ARC
  5
61FC
330
1D
100
AcDbEntity
  8
0
100
AcDbCircle
 10
195.8067024044479
 20
95.04190732497384
 30
0.0
 40
0.5437073249791521
100
AcDbArc
 50
257.523896354623
 51
269.999746619711
  0
ARC
  5
61FD
330
1D
100
AcDbEntity
  8
0
100
AcDbCircle
 10
195.8067007884696
 20
93.93789289989411
 30
0.0
 40
0.5603071001064285
100
AcDbArc
 50
79.71277713351824
 51
90.00008062718455
  0
ARC
  5
61FE
330
1D
100
AcDbEntity
  8
0
100
AcDbCircle
 10
195.8812007146419
 20
94.34836692201031
 30
0.0
 40
0.143127088809609
100
AcDbArc
 50
51.33993449262487
 51
79.71226901478273
  0
ARC
  5
61FF
330
1D
100
AcDbEntity
  8
0
100
AcDbCircle
 10
195.903337353374
 20
94.3760352769881
 30
0.0
 40
0.1076930848156384
100
AcDbArc
 50
17.33483368728689
 51
51.34066193900747
  0
ARC
  5
6200
330
1D
100
AcDbEntity
  8
0
100
AcDbCircle
 10
195.752639849711
 20
94.32900047334356
 30
0.0
 40
0.2655601502893564
100
AcDbArc
 50
359.9998978740316
 51
17.33426372898413
  0
ARC
  5
6201
330
1D
100
AcDbEntity
  8
0
100
AcDbCircle
 10
196.2778190932464
 20
94.32900109286206
 30
0.0
 40
0.2596190932487426
100
AcDbArc
 50
180.0002411855856
 51
196.5309112413384
  0
ARC
  5
6202
330
1D
100
AcDbEntity
  8
0
100
AcDbCircle
 10
196.149237605447
 20
94.29083681106062
 30
0.0
 40
0.1254933634009349
100
AcDbArc
 50
196.5303680409312
 51
224.9997435405652
  0
ARC
  5
6203
330
1D
100
AcDbEntity
  8
0
100
AcDbCircle
 10
196.1492368110606
 20
94.29083760544704
 30
0.0
 40
0.1254933634009521
100
AcDbArc
 50
225.0002564594256
 51
253.4696319590564
  0
ARC
  5
6204
330
1D
100
AcDbEntity
  8
0
100
AcDbCircle
 10
196.1874010928621
 20
94.41941909324647
 30
0.0
 40
0.2596190932487823
100
AcDbArc
 50
253.4690887586543
 51
269.9997588144081
  0
ARC
  5
6205
330
1D
100
AcDbEntity
  8
0
100
AcDbCircle
 10
196.1873990931513
 20
93.93947636050969
 30
0.0
 40
0.2203236394921977
100
AcDbArc
 50
66.5702899678153
 51
89.99976417144901
  0
ARC
  5
6206
330
1D
100
AcDbEntity
  8
0
100
AcDbCircle
 10
196.235685850499
 20
94.05089988644361
 30
0.0
 40
0.0988871825887387
100
AcDbArc
 50
23.96263157804051
 51
66.57075767739616
  0
ARC
  5
6207
330
1D
100
AcDbEntity
  8
0
100
AcDbCircle
 10
196.0594449059083
 20
93.97256959337486
 30
0.0
 40
0.2917511381699641
100
AcDbArc
 50
3.200475801008386
 51
23.96271396227906
  0
ARC
  5
6208
330
1D
100
AcDbEntity
  8
0
100
AcDbCircle
 10
192.5990676176559
 20
93.77910472446531
 30
0.0
 40
3.757532382347037
100
AcDbArc
 50
359.9999279601889
 51
3.200033031807689
  0
ARC
  5
6209
330
1D
100
AcDbEntity
  8
0
100
AcDbCircle
 10
200.1141323823441
 20
93.77909527553519
 30
0.0
 40
3.757532382347064
100
AcDbArc
 50
179.9999279601967
 51
183.2000330318154
  0
ARC
  5
620A
330
1D
100
AcDbEntity
  8
0
100
AcDbCircle
 10
196.6537550940917
 20
93.58563040662515
 30
0.0
 40
0.2917511381699363
100
AcDbArc
 50
183.2004758010087
 51
203.9627139622813
  0
ARC
  5
620B
330
1D
100
AcDbEntity
  8
0
100
AcDbCircle
 10
196.4775141495008
 20
93.5073001135564
 30
0.0
 40
0.0988871825887202
100
AcDbArc
 50
203.9626315780472
 51
246.5707576774112
  0
ARC
  5
620C
330
1D
100
AcDbEntity
  8
0
100
AcDbCircle
 10
196.5258009068486
 20
93.6187236394903
 30
0.0
 40
0.2203236394921948
100
AcDbArc
 50
246.5702899678153
 51
269.9997641714491
  0
ARC
  5
620D
330
1D
100
AcDbEntity
  8
0
100
AcDbCircle
 10
196.5257989071379
 20
93.65801909324648
 30
0.0
 40
0.2596190932487852
100
AcDbArc
 50
270.0002411855919
 51
286.5309112413457
  0
ARC
  5
620E
330
1D
100
AcDbEntity
  8
0
100
AcDbCircle
 10
196.5639631889393
 20
93.529437605447
 30
0.0
 40
0.125493363400943
100
AcDbArc
 50
286.5303680409436
 51
314.999743540579
  0
ARC
  5
620F
330
1D
100
AcDbEntity
  8
0
100
AcDbCircle
 10
196.563962394553
 20
93.52943681106062
 30
0.0
 40
0.125493363400932
100
AcDbArc
 50
315.0002564594348
 51
343.4696319590689
  0
ARC
  5
6210
330
1D
100
AcDbEntity
  8
0
100
AcDbCircle
 10
196.4353809067536
 20
93.56760109286204
 30
0.0
 40
0.2596190932487116
100
AcDbArc
 50
343.4690887586627
 51
359.9997588144175
  0
ARC
  5
6211
330
1D
100
AcDbEntity
  8
0
100
AcDbCircle
 10
196.9546190932465
 20
93.56759890713787
 30
0.0
 40
0.2596190932487994
100
AcDbArc
 50
163.4690887586423
 51
179.9997588143956
  0
ARC
  5
6212
330
1D
100
AcDbEntity
  8
0
100
AcDbCircle
 10
196.826037605447
 20
93.60576318893938
 30
0.0
 40
0.1254933634009349
100
AcDbArc
 50
135.0002564594348
 51
163.4696319590688
  0
ARC
  5
6213
330
1D
100
AcDbEntity
  8
0
100
AcDbCircle
 10
196.8260368110606
 20
93.605762394553
 30
0.0
 40
0.1254933634009521
100
AcDbArc
 50
106.5303680409436
 51
134.9997435405744
  0
ARC
  5
6214
330
1D
100
AcDbEntity
  8
0
100
AcDbCircle
 10
196.8642010928621
 20
93.47718090675352
 30
0.0
 40
0.2596190932487823
100
AcDbArc
 50
90.0002411855919
 51
106.5309112413457
  0
ARC
  5
6215
330
1D
100
AcDbEntity
  8
0
100
AcDbCircle
 10
196.8642004733436
 20
94.0023601502888
 30
0.0
 40
0.2655601502892422
100
AcDbArc
 50
269.9998978740223
 51
287.3342637289759
  0
ARC
  5
6216
330
1D
100
AcDbEntity
  8
0
100
AcDbCircle
 10
196.9112369121169
 20
93.85166214662605
 30
0.0
 40
0.1076921203397346
100
AcDbArc
 50
287.3340825185051
 51
321.3399107702215
  0
ARC
  5
6217
330
1D
100
AcDbEntity
  8
0
100
AcDbCircle
 10
196.8835649440216
 20
93.87379878535808
 30
0.0
 40
0.1431289457055145
100
AcDbArc
 50
321.3402728390963
 51
349.7126073612542
  0
ARC
  5
6218
330
1D
100
AcDbEntity
  8
0
100
AcDbCircle
 10
196.4730928998941
 20
93.94829921153036
 30
0.0
 40
0.5603071001064152
100
AcDbArc
 50
349.7127771335151
 51
0.0000806271816311
  0
ARC
  5
6219
330
1D
100
AcDbEntity
  8
0
100
AcDbCircle
 10
197.5771073249738
 20
93.94829759555213
 30
0.0
 40
0.5437073249791542
100
AcDbArc
 50
167.5238963546292
 51
179.9997466197172
  0
ARC
  5
621A
330
1D
100
AcDbEntity
  8
0
100
AcDbCircle
 10
197.1384364045139
 20
94.04535706267843
 30
0.0
 40
0.0944271043871724
100
AcDbArc
 50
122.0054828686596
 51
167.5241310936575
  0
ARC
  5
621B
330
1D
100
AcDbEntity
  8
0
100
AcDbCircle
 10
197.1874628266535
 20
93.9669151522929
 30
0.0
 40
0.1869296631233616
100
AcDbArc
 50
93.70086739561228
 51
122.0054928517757
  0
ARC
  5
621C
330
1D
100
AcDbEntity
  8
0
100
AcDbCircle
 10
197.371798779989
 20
91.11693804520164
 30
0.0
 40
3.042861954798626
100
AcDbArc
 50
89.99997702771853
 51
93.70073351650585
  0
ARC
  5
621D
330
1D
100
AcDbEntity
  8
0
100
AcDbCircle
 10
197.371801220011
 20
91.11693804520164
 30
0.0
 40
3.042861954798627
100
AcDbArc
 50
86.29926648349416
 51
90.00002297228148
  0
ARC
  5
621E
330
1D
100
AcDbEntity
  8
0
100
AcDbCircle
 10
197.5561371733465
 20
93.9669151522929
 30
0.0
 40
0.186929663123363
100
AcDbArc
 50
57.99450714822429
 51
86.29913260438774
  0
ARC
  5
621F
330
1D
100
AcDbEntity
  8
0
100
AcDbCircle
 10
197.6051635954861
 20
94.04535706267848
 30
0.0
 40
0.0944271043871279
100
AcDbArc
 50
12.47586890632083
 51
57.99451713132667
  0
ARC
  5
6220
330
1D
100
AcDbEntity
  8
0
100
AcDbCircle
 10
197.1664926750261
 20
93.94829759555213
 30
0.0
 40
0.5437073249791538
100
AcDbArc
 50
0.0002533802828339
 51
12.47610364537082
  0
LINE
  5
6221
330
1D
100
AcDbEntity
  8
0
100
AcDbLine
 10
197.7102
 20
93.9483
 30
0.0
 11
197.7102
 21
93.7368
 31
0.0
  0
LINE
  5
6222
330
1D
100
AcDbEntity
  8
0
100
AcDbLine
 10
197.7102
 20
93.7368
 30
0.0
 11
199.3176
 21
93.7368
 31
0.0
  0
LINE
  5
6223
330
1D
100
AcDbEntity
  8
0
100
AcDbLine
 10
199.3176
 20
93.7368
 30
0.0
 11
200.925
 21
93.7368
 31
0.0
  0
LINE
  5
6224
330
1D
100
AcDbEntity
  8
0
100
AcDbLine
 10
200.925
 20
93.7368
 30
0.0
 11
200.925
 21
93.9483
 31
0.0
  0
ARC
  5
6225
330
1D
100
AcDbEntity
  8
0
100
AcDbCircle
 10
201.4853071001058
 20
93.94830078846963
 30
0.0
 40
0.560307100106329
100
AcDbArc
 50
169.712777133515
 51
180.0000806271816
  0
ARC
  5
6226
330
1D
100
AcDbEntity
  8
0
100
AcDbCircle
 10
201.0748330779897
 20
94.02280071464195
 30
0.0
 40
0.1431270888095785
100
AcDbArc
 50
141.3399344926257
 51
169.7122690147863
  0
ARC
  5
6227
330
1D
100
AcDbEntity
  8
0
100
AcDbCircle
 10
201.047164723012
 20
94.04493735337394
 30
0.0
 40
0.1076930848156717
100
AcDbArc
 50
107.334833687304
 51
141.3406619390216
  0
ARC
  5
6228
330
1D
100
AcDbEntity
  8
0
100
AcDbCircle
 10
201.0941995266564
 20
93.89423984971108
 30
0.0
 40
0.2655601502893301
100
AcDbArc
 50
89.99989787402235
 51
107.3342637289762
  0
ARC
  5
6229
330
1D
100
AcDbEntity
  8
0
100
AcDbCircle
 10
201.0941989071379
 20
94.41941909324647
 30
0.0
 40
0.2596190932487852
100
AcDbArc
 50
270.0002411855919
 51
286.5309112413457
  0
ARC
  5
622A
330
1D
100
AcDbEntity
  8
0
100
AcDbCircle
 10
201.1323631889394
 20
94.29083760544704
 30
0.0
 40
0.1254933634009349
100
AcDbArc
 50
286.5303680409312
 51
314.9997435405652
  0
ARC
  5
622B
330
1D
100
AcDbEntity
  8
0
100
AcDbCircle
 10
201.132362394553
 20
94.29083681106062
 30
0.0
 40
0.125493363400932
100
AcDbArc
 50
315.0002564594348
 51
343.4696319590689
  0
ARC
  5
622C
330
1D
100
AcDbEntity
  8
0
100
AcDbCircle
 10
201.0037809067536
 20
94.32900109286206
 30
0.0
 40
0.2596190932487157
100
AcDbArc
 50
343.4690887586598
 51
359.9997588144144
  0
ARC
  5
622D
330
1D
100
AcDbEntity
  8
0
100
AcDbCircle
 10
201.5230190932465
 20
94.32899890713786
 30
0.0
 40
0.2596190932487994
100
AcDbArc
 50
163.4690887586423
 51
179.9997588143956
  0
ARC
  5
622E
330
1D
100
AcDbEntity
  8
0
100
AcDbCircle
 10
201.394437605447
 20
94.36716318893941
 30
0.0
 40
0.1254933634009349
100
AcDbArc
 50
135.0002564594348
 51
163.4696319590688
  0
ARC
  5
622F
330
1D
100
AcDbEntity
  8
0
100
AcDbCircle
 10
201.3944368110606
 20
94.36716239455298
 30
0.0
 40
0.1254933634009521
100
AcDbArc
 50
106.5303680409436
 51
134.9997435405744
  0
ARC
  5
6230
330
1D
100
AcDbEntity
  8
0
100
AcDbCircle
 10
201.4326010928621
 20
94.2385809067535
 30
0.0
 40
0.259619093248796
100
AcDbArc
 50
90.0002411855919
 51
106.5309112413448
  0
ARC
  5
6231
330
1D
100
AcDbEntity
  8
0
100
AcDbCircle
 10
201.432599740974
 20
94.60343212694771
 30
0.0
 40
0.1052321269480449
100
AcDbArc
 50
270.0001410319904
 51
344.8031584056086
  0
ARC
  5
6232
330
1D
100
AcDbEntity
  8
0
100
AcDbCircle
 10
200.2101018407427
 20
94.93550870640056
 30
0.0
 40
1.372029652478512
100
AcDbArc
 50
344.8030127502824
 51
356.3086428085377
  0
ARC
  5
6233
330
1D
100
AcDbEntity
  8
0
100
AcDbCircle
 10
192.2293914340946
 20
95.45039547922106
 30
0.0
 40
9.369332134165695
100
AcDbArc
 50
356.308604618748
 51
359.7889410750326
  0
ARC
  5
6234
330
1D
100
AcDbEntity
  8
0
100
AcDbCircle
 10
-261.1892797227625
 20
97.12067469612518
 30
0.0
 40
462.7910797227793
100
AcDbArc
 50
359.7889379211827
 51
0.0000155132272393
  0
LINE
  5
6235
330
1D
100
AcDbEntity
  8
0
100
AcDbLine
 10
201.6018
 20
97.1208
 30
0.0
 11
201.6018
 21
99.74339999999999
 31
0.0
  0
LINE
  5
6236
330
1D
100
AcDbEntity
  8
0
100
AcDbLine
 10
201.6018
 20
99.74339999999999
 30
0.0
 11
203.04
 21
99.74339999999999
 31
0.0
  0
LINE
  5
6237
330
1D
100
AcDbEntity
  8
0
100
AcDbLine
 10
203.04
 20
99.74339999999999
 30
0.0
 11
204.4782
 21
99.74339999999999
 31
0.0
  0
LINE
  5
6238
330
1D
100
AcDbEntity
  8
0
100
AcDbLine
 10
204.4782
 20
99.74339999999999
 30
0.0
 11
204.4782
 21
99.23580000000001
 31
0.0
  0
ARC
  5
6239
330
1D
100
AcDbEntity
  8
0
100
AcDbCircle
 10
176.4330102595487
 20
99.36213228663977
 30
0.0
 40
28.04547427704796
100
AcDbArc
 50
357.7765333707294
 51
359.7419073306393
  0
LINE
  5
6256
330
1D
100
AcDbEntity
  8
0
100
AcDbLine
 10
204.4782
 20
98.38979999999999
 30
0.0
 11
204.4782
 21
90.77580000000001
 31
0.0
  0
LINE
  5
6257
330
1D
100
AcDbEntity
  8
0
100
AcDbLine
 10
204.4782
 20
90.77580000000001
 30
0.0
 11
204.4782
 21
83.16180000000001
 31
0.0
  0
LINE
  5
6258
330
1D
100
AcDbEntity
  8
0
100
AcDbLine
 10
204.4782
 20
83.16180000000001
 30
0.0
 11
204.2667
 21
83.16180000000001
 31
0.0
  0
ARC
  5
6259
330
1D
100
AcDbEntity
  8
0
100
AcDbCircle
 10
204.2667008400615
 20
83.75477321405606
 30
0.0
 40
0.5929732140566683
100
AcDbArc
 50
259.5730989531209
 51
269.9999188294204
  0
ARC
  5
625A
330
1D
100
AcDbEntity
  8
0
100
AcDbCircle
 10
204.1806705624921
 20
83.28727113723592
 30
0.0
 40
0.1176213438725302
100
AcDbArc
 50
225.0001979683612
 51
259.5734243544917
  0
ARC
  5
625B
330
1D
100
AcDbEntity
  8
0
100
AcDbCircle
 10
204.1806711372359
 20
83.28727056249217
 30
0.0
 40
0.1176213438725032
100
AcDbArc
 50
190.4265756455244
 51
224.9998020316584
  0
ARC
  5
625C
330
1D
100
AcDbEntity
  8
0
100
AcDbCircle
 10
204.6481732140562
 20
83.37330084006136
 30
0.0
 40
0.5929732140567966
100
AcDbArc
 50
180.0000811705644
 51
190.4269010468641
  0
ARC
  5
625D
330
1D
100
AcDbEntity
  8
0
100
AcDbCircle
 10
203.4948928998943
 20
83.37330078846946
 30
0.0
 40
0.560307100106329
100
AcDbArc
 50
359.9999193728359
 51
10.28722286650269
  0
ARC
  5
625E
330
1D
100
AcDbEntity
  8
0
100
AcDbCircle
 10
203.9053649440216
 20
83.44780121464195
 30
0.0
 40
0.1431289457055026
100
AcDbArc
 50
10.28739263872357
 51
38.65972716087883
  0
ARC
  5
625F
330
1D
100
AcDbEntity
  8
0
100
AcDbCircle
 10
203.9330369121169
 20
83.46993785337396
 30
0.0
 40
0.1076921203397421
100
AcDbArc
 50
38.6600892297632
 51
72.66591748148042
  0
ARC
  5
6260
330
1D
100
AcDbEntity
  8
0
100
AcDbCircle
 10
203.8860004733436
 20
83.31923984971108
 30
0.0
 40
0.2655601502893352
100
AcDbArc
 50
72.66573627103048
 51
90.00010212598375
  0
ARC
  5
6261
330
1D
100
AcDbEntity
  8
0
100
AcDbCircle
 10
203.8860004995393
 20
83.47602832355269
 30
0.0
 40
0.1087716764484514
100
AcDbArc
 50
90.00026313367518
 51
152.4064251853004
  0
ARC
  5
6262
330
1D
100
AcDbEntity
  8
0
100
AcDbCircle
 10
204.1942335455189
 20
83.3149272312429
 30
0.0
 40
0.4565664040868375
100
AcDbArc
 50
152.40589580029
 51
173.99071477656
  0
ARC
  5
6263
330
1D
100
AcDbEntity
  8
0
100
AcDbCircle
 10
207.3729919369508
 20
82.98031996999609
 30
0.0
 40
3.652887246923431
100
AcDbArc
 50
173.9909417483359
 51
179.622441560353
  0
ARC
  5
6264
330
1D
100
AcDbEntity
  8
0
100
AcDbCircle
 10
359.5116065010665
 20
81.9775473796432
 30
0.0
 40
155.7948065011362
100
AcDbArc
 50
179.6223607643581
 51
180.0000542009821
  0
ARC
  5
6265
330
1D
100
AcDbEntity
  8
0
100
AcDbCircle
 10
47.92199349893133
 20
81.9772526203568
 30
0.0
 40
155.7948065011384
100
AcDbArc
 50
359.6223607643581
 51
0.0000542009822515
  0
ARC
  5
6266
330
1D
100
AcDbEntity
  8
0
100
AcDbCircle
 10
200.0606080630492
 20
80.97448003000421
 30
0.0
 40
3.652887246923433
100
AcDbArc
 50
353.9909417483313
 51
359.6224415603483
  0
ARC
  5
6267
330
1D
100
AcDbEntity
  8
0
100
AcDbCircle
 10
203.2393664544811
 20
80.63987276875705
 30
0.0
 40
0.4565664040868329
100
AcDbArc
 50
332.405895800298
 51
353.9907147765671
  0
ARC
  5
6268
330
1D
100
AcDbEntity
  8
0
100
AcDbCircle
 10
203.5475995004608
 20
80.47877167644731
 30
0.0
 40
0.1087716764484493
100
AcDbArc
 50
270.0002631336452
 51
332.4064251852868
  0
ARC
  5
6269
330
1D
100
AcDbEntity
  8
0
100
AcDbCircle
 10
203.5475994599115
 20
80.13623519019459
 30
0.0
 40
0.2337648098060456
100
AcDbArc
 50
89.99986762424997
 51
111.6978051197344
  0
ARC
  5
626A
330
1D
100
AcDbEntity
  8
0
100
AcDbCircle
 10
203.497143496771
 20
80.26304088965677
 30
0.0
 40
0.0972895753056077
100
AcDbArc
 50
111.6980932901636
 51
153.4350215361462
  0
ARC
  5
626B
330
1D
100
AcDbEntity
  8
0
100
AcDbCircle
 10
203.630316155146
 20
80.19645434935384
 30
0.0
 40
0.2461812281546836
100
AcDbArc
 50
153.4349336114776
 51
176.0154176218187
  0
ARC
  5
626C
330
1D
100
AcDbEntity
  8
0
100
AcDbCircle
 10
205.9969604659586
 20
80.03159697441212
 30
0.0
 40
2.618560465960328
100
AcDbArc
 50
176.0152992839799
 51
179.9999337982002
  0
ARC
  5
626D
330
1D
100
AcDbEntity
  8
0
100
AcDbCircle
 10
200.7598395340414
 20
80.03160302558788
 30
0.0
 40
2.618560465960328
100
AcDbArc
 50
356.0152992839799
 51
359.9999337982002
  0
ARC
  5
626E
330
1D
100
AcDbEntity
  8
0
100
AcDbCircle
 10
203.126483844854
 20
79.86674565064615
 30
0.0
 40
0.2461812281546786
100
AcDbArc
 50
333.4349336114776
 51
356.0154176218187
  0
ARC
  5
626F
330
1D
100
AcDbEntity
  8
0
100
AcDbCircle
 10
203.259656503229
 20
79.80015911034323
 30
0.0
 40
0.0972895753056105
100
AcDbArc
 50
291.6980932901637
 51
333.4350215361463
  0
ARC
  5
6270
330
1D
100
AcDbEntity
  8
0
100
AcDbCircle
 10
203.2092005400885
 20
79.9269648098054
 30
0.0
 40
0.2337648098060411
100
AcDbArc
 50
269.999867624243
 51
291.6978051197278
  0
ARC
  5
6271
330
1D
100
AcDbEntity
  8
0
100
AcDbCircle
 10
203.2092010928621
 20
79.4335809067535
 30
0.0
 40
0.2596190932487852
100
AcDbArc
 50
90.0002411855919
 51
106.5309112413457
  0
ARC
  5
6272
330
1D
100
AcDbEntity
  8
0
100
AcDbCircle
 10
203.1710368110606
 20
79.56216239455298
 30
0.0
 40
0.125493363400943
100
AcDbArc
 50
106.5303680409436
 51
134.999743540579
  0
ARC
  5
6273
330
1D
100
AcDbEntity
  8
0
100
AcDbCircle
 10
203.171037605447
 20
79.56216318893936
 30
0.0
 40
0.125493363400932
100
AcDbArc
 50
135.0002564594348
 51
163.4696319590688
  0
ARC
  5
6274
330
1D
100
AcDbEntity
  8
0
100
AcDbCircle
 10
203.2996190932464
 20
79.52399890713786
 30
0.0
 40
0.2596190932487399
100
AcDbArc
 50
163.4690887586416
 51
179.9997588143956
  0
ARC
  5
6275
330
1D
100
AcDbEntity
  8
0
100
AcDbCircle
 10
202.7803809067535
 20
79.52400109286203
 30
0.0
 40
0.2596190932487994
100
AcDbArc
 50
343.4690887586652
 51
359.9997588144175
  0
ARC
  5
6276
330
1D
100
AcDbEntity
  8
0
100
AcDbCircle
 10
202.908962394553
 20
79.48583681106061
 30
0.0
 40
0.1254933634009349
100
AcDbArc
 50
315.0002564594348
 51
343.4696319590689
  0
ARC
  5
6277
330
1D
100
AcDbEntity
  8
0
100
AcDbCircle
 10
202.9089631889394
 20
79.48583760544702
 30
0.0
 40
0.1254933634009521
100
AcDbArc
 50
286.5303680409436
 51
314.9997435405744
  0
ARC
  5
6278
330
1D
100
AcDbEntity
  8
0
100
AcDbCircle
 10
202.8707989071379
 20
79.61441909324648
 30
0.0
 40
0.2596190932487823
100
AcDbArc
 50
270.0002411855919
 51
286.5309112413457
  0
ARC
  5
6279
330
1D
100
AcDbEntity
  8
0
100
AcDbCircle
 10
202.8707995266564
 20
79.08923984971109
 30
0.0
 40
0.2655601502893274
100
AcDbArc
 50
89.99989787401622
 51
107.3342637289704
  0
ARC
  5
627A
330
1D
100
AcDbEntity
  8
0
100
AcDbCircle
 10
202.823764723012
 20
79.23993735337396
 30
0.0
 40
0.1076930848156738
100
AcDbArc
 50
107.334833687304
 51
141.3406619390216
  0
ARC
  5
627B
330
1D
100
AcDbEntity
  8
0
100
AcDbCircle
 10
202.8514330779897
 20
79.21780071464194
 30
0.0
 40
0.1431270888095831
100
AcDbArc
 50
141.3399344926257
 51
169.7122690147807
  0
ARC
  5
627C
330
1D
100
AcDbEntity
  8
0
100
AcDbCircle
 10
203.2619071001059
 20
79.14330078846963
 30
0.0
 40
0.5603071001064152
100
AcDbArc
 50
169.7127771335151
 51
180.0000806271816
  0
ARC
  5
627D
330
1D
100
AcDbEntity
  8
0
100
AcDbCircle
 10
202.1412928998942
 20
79.14329921153052
 30
0.0
 40
0.5603071001063574
100
AcDbArc
 50
349.7127771334993
 51
0.0000806271656462
  0
ARC
  5
627E
330
1D
100
AcDbEntity
  8
0
100
AcDbCircle
 10
202.5517669220103
 20
79.06879928535805
 30
0.0
 40
0.1431270888095785
100
AcDbArc
 50
321.3399344926257
 51
349.7122690147863
  0
ARC
  5
627F
330
1D
100
AcDbEntity
  8
0
100
AcDbCircle
 10
202.5794352769881
 20
79.04666264662603
 30
0.0
 40
0.1076930848156717
100
AcDbArc
 50
287.334833687304
 51
321.3406619390217
  0
ARC
  5
6280
330
1D
100
AcDbEntity
  8
0
100
AcDbCircle
 10
202.5324004733436
 20
79.1973601502889
 30
0.0
 40
0.2655601502893301
100
AcDbArc
 50
269.9998978740223
 51
287.3342637289763
  0
ARC
  5
6281
330
1D
100
AcDbEntity
  8
0
100
AcDbCircle
 10
202.5323994599115
 20
78.6980351901946
 30
0.0
 40
0.2337648098060314
100
AcDbArc
 50
89.99986762424301
 51
111.6978051197279
  0
ARC
  5
6282
330
1D
100
AcDbEntity
  8
0
100
AcDbCircle
 10
202.481943496771
 20
78.82484088965677
 30
0.0
 40
0.0972895753056077
100
AcDbArc
 50
111.6980932901636
 51
153.4350215361462
  0
ARC
  5
6283
330
1D
100
AcDbEntity
  8
0
100
AcDbCircle
 10
202.615116155146
 20
78.75825434935385
 30
0.0
 40
0.2461812281546836
100
AcDbArc
 50
153.4349336114776
 51
176.0154176218187
  0
ARC
  5
6284
330
1D
100
AcDbEntity
  8
0
100
AcDbCircle
 10
204.9817604659586
 20
78.59339697441213
 30
0.0
 40
2.618560465960328
100
AcDbArc
 50
176.0152992839799
 51
179.9999337982002
  0
ARC
  5
6285
330
1D
100
AcDbEntity
  8
0
100
AcDbCircle
 10
199.3203380452016
 20
78.59339877998923
 30
0.0
 40
3.042861954798627
100
AcDbArc
 50
356.2992664834896
 51
0.0000229722769204
  0
ARC
  5
6286
330
1D
100
AcDbEntity
  8
0
100
AcDbCircle
 10
202.1703151522929
 20
78.4090628266535
 30
0.0
 40
0.1869296631233328
100
AcDbArc
 50
327.9945071482293
 51
356.2991326043959
  0
ARC
  5
6287
330
1D
100
AcDbEntity
  8
0
100
AcDbCircle
 10
202.2487570626784
 20
78.36003640451385
 30
0.0
 40
0.0944271043871565
100
AcDbArc
 50
282.4758689063461
 51
327.9945171313477
  0
ARC
  5
6288
330
1D
100
AcDbEntity
  8
0
100
AcDbCircle
 10
202.151697595552
 20
78.79870732497384
 30
0.0
 40
0.5437073249791521
100
AcDbArc
 50
270.0002533802888
 51
282.476103645377
  0
ARC
  5
6289
330
1D
100
AcDbEntity
  8
0
100
AcDbCircle
 10
202.1516992115304
 20
77.69469289989412
 30
0.0
 40
0.5603071001064285
100
AcDbArc
 50
89.99991937281837
 51
100.2872228664846
  0
ARC
  5
628A
330
1D
100
AcDbEntity
  8
0
100
AcDbCircle
 10
202.0771987853581
 20
78.10516494402162
 30
0.0
 40
0.1431289457055051
100
AcDbArc
 50
100.2873926387291
 51
128.6597271608868
  0
ARC
  5
628B
330
1D
100
AcDbEntity
  8
0
100
AcDbCircle
 10
202.0550621466261
 20
78.13283691211694
 30
0.0
 40
0.1076921203397265
100
AcDbArc
 50
128.6600892297891
 51
162.665917481502
  0
ARC
  5
628C
330
1D
100
AcDbEntity
  8
0
100
AcDbCircle
 10
202.2057601502889
 20
78.08580047334354
 30
0.0
 40
0.2655601502893021
100
AcDbArc
 50
162.6657362710122
 51
180.0001021259653
  0
ARC
  5
628D
330
1D
100
AcDbEntity
  8
0
100
AcDbCircle
 10
201.6805809067535
 20
78.08580109286214
 30
0.0
 40
0.2596190932487994
100
AcDbArc
 50
343.4690887586423
 51
359.9997588143956
  0
ARC
  5
628E
330
1D
100
AcDbEntity
  8
0
100
AcDbCircle
 10
201.8091623945529
 20
78.04763681106061
 30
0.0
 40
0.1254933634009349
100
AcDbArc
 50
315.0002564594348
 51
343.4696319590689
  0
ARC
  5
628F
330
1D
100
AcDbEntity
  8
0
100
AcDbCircle
 10
201.8091631889393
 20
78.04763760544702
 30
0.0
 40
0.1254933634009521
100
AcDbArc
 50
286.5303680409436
 51
314.9997435405744
  0
ARC
  5
6290
330
1D
100
AcDbEntity
  8
0
100
AcDbCircle
 10
201.7709989071379
 20
78.17621909324649
 30
0.0
 40
0.2596190932487823
100
AcDbArc
 50
270.0002411855919
 51
286.5309112413457
  0
ARC
  5
6291
330
1D
100
AcDbEntity
  8
0
100
AcDbCircle
 10
201.770999392432
 20
78.03979483949571
 30
0.0
 40
0.123194839497194
100
AcDbArc
 50
220.6948970324376
 51
270.0002825693267
  0
ARC
  5
6292
330
1D
100
AcDbEntity
  8
0
100
AcDbCircle
 10
201.8471300326818
 20
78.10526375098683
 30
0.0
 40
0.2236042651277147
100
AcDbArc
 50
189.0901215057209
 51
220.694513595917
  0
ARC
  5
6293
330
1D
100
AcDbEntity
  8
0
100
AcDbCircle
 10
203.2702462644393
 20
78.33296498500281
 30
0.0
 40
1.66482168837036
100
AcDbArc
 50
180.6478518896201
 51
189.0903456586456
  0
ARC
  5
6294
330
1D
100
AcDbEntity
  8
0
100
AcDbCircle
 10
259.9653320771604
 20
78.97406126601779
 30
0.0
 40
58.36353207717324
100
AcDbArc
 50
179.9999619746505
 51
180.6478609234006
  0
ARC
  5
6295
330
1D
100
AcDbEntity
  8
0
100
AcDbCircle
 10
259.9653320771591
 20
78.9741387339822
 30
0.0
 40
58.36353207717198
100
AcDbArc
 50
179.3521390765993
 51
180.0000380253495
  0
ARC
  5
6296
330
1D
100
AcDbEntity
  8
0
100
AcDbCircle
 10
203.2702462644393
 20
79.61523501499716
 30
0.0
 40
1.66482168837036
100
AcDbArc
 50
170.9096543413539
 51
179.3521481103792
  0
ARC
  5
6297
330
1D
100
AcDbEntity
  8
0
100
AcDbCircle
 10
201.8471300326818
 20
79.84293624901316
 30
0.0
 40
0.2236042651277144
100
AcDbArc
 50
139.305486404083
 51
170.909878494279
  0
ARC
  5
6298
330
1D
100
AcDbEntity
  8
0
100
AcDbCircle
 10
201.770999392432
 20
79.90840516050429
 30
0.0
 40
0.1231948394971919
100
AcDbArc
 50
89.99971743067332
 51
139.3051029675624
  0
ARC
  5
6299
330
1D
100
AcDbEntity
  8
0
100
AcDbCircle
 10
201.7710005400886
 20
79.7978351901945
 30
0.0
 40
0.2337648098061024
100
AcDbArc
 50
68.30219488027847
 51
90.00013237576395
  0
ARC
  5
629A
330
1D
100
AcDbEntity
  8
0
100
AcDbCircle
 10
201.821456503229
 20
79.92464088965675
 30
0.0
 40
0.0972895753056315
100
AcDbArc
 50
26.56497846384628
 51
68.30190670982386
  0
ARC
  5
629B
330
1D
100
AcDbEntity
  8
0
100
AcDbCircle
 10
201.688283844854
 20
79.85805434935392
 30
0.0
 40
0.24618122815462
100
AcDbArc
 50
3.984582378165706
 51
26.56506638850757
  0
ARC
  5
629C
330
1D
100
AcDbEntity
  8
0
100
AcDbCircle
 10
199.3216395340414
 20
79.69319697441171
 30
0.0
 40
2.618560465960356
100
AcDbArc
 50
0.0000662018087865
 51
3.984700716029088
  0
ARC
  5
629D
330
1D
100
AcDbEntity
  8
0
100
AcDbCircle
 10
204.9830619547984
 20
79.69319877998882
 30
0.0
 40
3.042861954798627
100
AcDbArc
 50
179.9999770277147
 51
183.7007335165021
  0
ARC
  5
629E
330
1D
100
AcDbEntity
  8
0
100
AcDbCircle
 10
202.1330848477071
 20
79.50886282665354
 30
0.0
 40
0.1869296631233649
100
AcDbArc
 50
183.7008673956209
 51
212.0054928517854
  0
ARC
  5
629F
330
1D
100
AcDbEntity
  8
0
100
AcDbCircle
 10
202.0546429373216
 20
79.45983640451385
 30
0.0
 40
0.094427104387149
100
AcDbArc
 50
212.005482868645
 51
257.5241310936521
  0
ARC
  5
62A0
330
1D
100
AcDbEntity
  8
0
100
AcDbCircle
 10
202.1517024044479
 20
79.89850732497384
 30
0.0
 40
0.543707324979166
100
AcDbArc
 50
257.5238963546233
 51
269.999746619711
  0
ARC
  5
62A1
330
1D
100
AcDbEntity
  8
0
100
AcDbCircle
 10
202.151697595552
 20
79.89850732497384
 30
0.0
 40
0.5437073249791684
100
AcDbArc
 50
270.0002533802888
 51
282.4761036453767
  0
ARC
  5
62A2
330
1D
100
AcDbEntity
  8
0
100
AcDbCircle
 10
202.2487570626784
 20
79.45983640451385
 30
0.0
 40
0.0944271043871308
100
AcDbArc
 50
282.475868906348
 51
327.994517131355
  0
ARC
  5
62A3
330
1D
100
AcDbEntity
  8
0
100
AcDbCircle
 10
202.1703151522929
 20
79.5088628266535
 30
0.0
 40
0.1869296631233345
100
AcDbArc
 50
327.9945071482293
 51
356.2991326043959
  0
ARC
  5
62A4
330
1D
100
AcDbEntity
  8
0
100
AcDbCircle
 10
199.3203380452016
 20
79.69319877998923
 30
0.0
 40
3.042861954798627
100
AcDbArc
 50
356.2992664834896
 51
0.0000229722769204
  0
ARC
  5
62A5
330
1D
100
AcDbEntity
  8
0
100
AcDbCircle
 10
199.3203380452016
 20
79.69320122001076
 30
0.0
 40
3.042861954798627
100
AcDbArc
 50
359.999977027723
 51
3.700733516510389
  0
ARC
  5
62A6
330
1D
100
AcDbEntity
  8
0
100
AcDbCircle
 10
202.170315152293
 20
79.87753717334652
 30
0.0
 40
0.1869296631233044
100
AcDbArc
 50
3.700867395604689
 51
32.00549285177159
  0
ARC
  5
62A7
330
1D
100
AcDbEntity
  8
0
100
AcDbCircle
 10
202.2487570626784
 20
79.92656359548615
 30
0.0
 40
0.0944271043871565
100
AcDbArc
 50
32.0054828686523
 51
77.52413109365391
  0
ARC
  5
62A8
330
1D
100
AcDbEntity
  8
0
100
AcDbCircle
 10
202.151697595552
 20
79.48789267502616
 30
0.0
 40
0.5437073249791521
100
AcDbArc
 50
77.523896354623
 51
89.99974661971119
  0
ARC
  5
62A9
330
1D
100
AcDbEntity
  8
0
100
AcDbCircle
 10
202.1516992115304
 20
80.59190710010588
 30
0.0
 40
0.5603071001064285
100
AcDbArc
 50
259.7127771335154
 51
270.0000806271816
  0
ARC
  5
62AA
330
1D
100
AcDbEntity
  8
0
100
AcDbCircle
 10
202.0771987853581
 20
80.18143505597837
 30
0.0
 40
0.1431289457055102
100
AcDbArc
 50
231.3402728391008
 51
259.7126073612596
  0
ARC
  5
62AB
330
1D
100
AcDbEntity
  8
0
100
AcDbCircle
 10
202.0550621466261
 20
80.15376308788306
 30
0.0
 40
0.1076921203397265
100
AcDbArc
 50
197.3340825184979
 51
231.3399107702108
  0
ARC
  5
62AC
330
1D
100
AcDbEntity
  8
0
100
AcDbCircle
 10
202.2057601502889
 20
80.20079952665644
 30
0.0
 40
0.2655601502892979
100
AcDbArc
 50
179.9998978740316
 51
197.3342637289848
  0
ARC
  5
62AD
330
1D
100
AcDbEntity
  8
0
100
AcDbCircle
 10
201.6805809067536
 20
80.20079890713786
 30
0.0
 40
0.2596190932487426
100
AcDbArc
 50
0.000241185607563
 51
16.53091124136127
  0
ARC
  5
62AE
330
1D
100
AcDbEntity
  8
0
100
AcDbCircle
 10
201.8091623945529
 20
80.23896318893937
 30
0.0
 40
0.1254933634009349
100
AcDbArc
 50
16.53036804093118
 51
44.99974354056521
  0
ARC
  5
62AF
330
1D
100
AcDbEntity
  8
0
100
AcDbCircle
 10
201.8091631889393
 20
80.23896239455297
 30
0.0
 40
0.1254933634009722
100
AcDbArc
 50
45.0002564594164
 51
73.46963195904578
  0
ARC
  5
62B0
330
1D
100
AcDbEntity
  8
0
100
AcDbCircle
 10
201.7709989071379
 20
80.1103809067535
 30
0.0
 40
0.259619093248796
100
AcDbArc
 50
73.46908875865522
 51
89.99975881440812
  0
ARC
  5
62B1
330
1D
100
AcDbEntity
  8
0
100
AcDbCircle
 10
201.7710010928621
 20
80.6296190932464
 30
0.0
 40
0.2596190932487
100
AcDbArc
 50
253.469088758655
 51
269.9997588144081
  0
ARC
  5
62B2
330
1D
100
AcDbEntity
  8
0
100
AcDbCircle
 10
201.7328368110606
 20
80.50103760544701
 30
0.0
 40
0.1254933634009349
100
AcDbArc
 50
225.0002564594347
 51
253.4696319590688
  0
ARC
  5
62B3
330
1D
100
AcDbEntity
  8
0
100
AcDbCircle
 10
201.732837605447
 20
80.50103681106064
 30
0.0
 40
0.125493363400932
100
AcDbArc
 50
196.5303680409312
 51
224.9997435405652
  0
ARC
  5
62B4
330
1D
100
AcDbEntity
  8
0
100
AcDbCircle
 10
201.8614190932464
 20
80.53920109286213
 30
0.0
 40
0.2596190932487399
100
AcDbArc
 50
180.0002411856044
 51
196.5309112413582
  0
ARC
  5
62B5
330
1D
100
AcDbEntity
  8
0
100
AcDbCircle
 10
201.3421809067535
 20
80.53919890713796
 30
0.0
 40
0.2596190932487994
100
AcDbArc
 50
0.0002411855824732
 51
16.53091124133486
  0
ARC
  5
62B6
330
1D
100
AcDbEntity
  8
0
100
AcDbCircle
 10
201.470762394553
 20
80.57736318893939
 30
0.0
 40
0.1254933634009349
100
AcDbArc
 50
16.53036804093118
 51
44.99974354056521
  0
ARC
  5
62B7
330
1D
100
AcDbEntity
  8
0
100
AcDbCircle
 10
201.4707631889394
 20
80.57736239455293
 30
0.0
 40
0.1254933634009923
100
AcDbArc
 50
45.00025645944393
 51
73.46963195907618
  0
ARC
  5
62B8
330
1D
100
AcDbEntity
  8
0
100
AcDbCircle
 10
201.4325989071379
 20
80.44878090675361
 30
0.0
 40
0.2596190932486788
100
AcDbArc
 50
73.46908875865409
 51
89.99975881440812
  0
ARC
  5
62B9
330
1D
100
AcDbEntity
  8
0
100
AcDbCircle
 10
201.4326009068487
 20
80.92872363949039
 30
0.0
 40
0.2203236394922687
100
AcDbArc
 50
246.5702899678158
 51
269.9997641714491
  0
ARC
  5
62BA
330
1D
100
AcDbEntity
  8
0
100
AcDbCircle
 10
201.3843128673358
 20
80.81729961355636
 30
0.0
 40
0.0988862140079865
100
AcDbArc
 50
203.9631980363333
 51
246.571324135695
  0
ARC
  5
62BB
330
1D
100
AcDbEntity
  8
0
100
AcDbCircle
 10
201.5605578234428
 20
80.89562990662512
 30
0.0
 40
0.2917538353499038
100
AcDbArc
 50
183.2003478373484
 51
203.9625859986188
  0
ARC
  5
62BC
330
1D
100
AcDbEntity
  8
0
100
AcDbCircle
 10
205.0209323823441
 20
81.08909527553519
 30
0.0
 40
3.757532382347037
100
AcDbArc
 50
179.9999279601967
 51
183.2000330318155
  0
LINE
  5
62C4
330
1D
100
AcDbEntity
  8
0
100
AcDbLine
 10
201.2718717315222
 20
81.033301790206
 30
0.0
 11
198.6408
 21
81.0468
 31
0.0
  0
LINE
  5
62C5
330
1D
100
AcDbEntity
  8
0
100
AcDbLine
 10
198.6408
 20
81.0468
 30
0.0
 11
196.3193045068767
 21
81.09595688946626
 31
0.0
  0
ARC
  5
62DC
330
1D
100
AcDbEntity
  8
0
100
AcDbCircle
 10
195.9074043949404
 20
80.93363006908424
 30
0.0
 40
0.4427320847064009
100
AcDbArc
 50
342.1997350314722
 51
21.50903687430153
  0
ARC
  5
62DD
330
1D
100
AcDbEntity
  8
0
100
AcDbCircle
 10
196.218933768527
 20
80.83213620869392
 30
0.0
 40
0.1150981317008435
100
AcDbArc
 50
300.6367403999602
 51
342.8970226292376
  0
ARC
  5
62DE
330
1D
100
AcDbEntity
  8
0
100
AcDbCircle
 10
196.1873993515381
 20
80.88537740347048
 30
0.0
 40
0.1769774034716902
100
AcDbArc
 50
270.0002099371427
 51
300.637175940453
  0
ARC
  5
62DF
330
1D
100
AcDbEntity
  8
0
100
AcDbCircle
 10
196.1874010928621
 20
80.44878090675352
 30
0.0
 40
0.2596190932487852
100
AcDbArc
 50
90.0002411855919
 51
106.5309112413457
  0
ARC
  5
62E0
330
1D
100
AcDbEntity
  8
0
100
AcDbCircle
 10
196.1492368110606
 20
80.57736239455298
 30
0.0
 40
0.125493363400943
100
AcDbArc
 50
106.5303680409436
 51
134.9997435405744
  0
ARC
  5
62E1
330
1D
100
AcDbEntity
  8
0
100
AcDbCircle
 10
196.149237605447
 20
80.57736318893939
 30
0.0
 40
0.125493363400932
100
AcDbArc
 50
135.0002564594348
 51
163.4696319590688
  0
ARC
  5
62E2
330
1D
100
AcDbEntity
  8
0
100
AcDbCircle
 10
196.2778190932465
 20
80.53919890713796
 30
0.0
 40
0.2596190932487974
100
AcDbArc
 50
163.4690887586651
 51
179.9997588144175
  0
ARC
  5
62E3
330
1D
100
AcDbEntity
  8
0
100
AcDbCircle
 10
195.752639849711
 20
80.53919952665646
 30
0.0
 40
0.265560150289299
100
AcDbArc
 50
342.6657362710122
 51
0.0001021259653829
  0
ARC
  5
62E4
330
1D
100
AcDbEntity
  8
0
100
AcDbCircle
 10
195.903337353374
 20
80.49216472301191
 30
0.0
 40
0.1076930848156339
100
AcDbArc
 50
308.6593380609925
 51
342.6651663127131
  0
ARC
  5
62E5
330
1D
100
AcDbEntity
  8
0
100
AcDbCircle
 10
195.8812007146419
 20
80.51983307798968
 30
0.0
 40
0.143127088809603
100
AcDbArc
 50
280.2877309852172
 51
308.6600655073751
  0
ARC
  5
62E6
330
1D
100
AcDbEntity
  8
0
100
AcDbCircle
 10
195.8067007884696
 20
80.93030710010587
 30
0.0
 40
0.5603071001064242
100
AcDbArc
 50
269.9999193728154
 51
280.2872228664818
  0
ARC
  5
62E7
330
1D
100
AcDbEntity
  8
0
100
AcDbCircle
 10
195.8066992115303
 20
79.80969289989412
 30
0.0
 40
0.5603071001064285
100
AcDbArc
 50
89.99991937281548
 51
100.2872228664817
  0
ARC
  5
62E8
330
1D
100
AcDbEntity
  8
0
100
AcDbCircle
 10
195.7321987853581
 20
80.22016494402164
 30
0.0
 40
0.1431289457055102
100
AcDbArc
 50
100.2873926387404
 51
128.6597271608992
  0
ARC
  5
62E9
330
1D
100
AcDbEntity
  8
0
100
AcDbCircle
 10
195.710062146626
 20
80.24783691211693
 30
0.0
 40
0.1076921203397088
100
AcDbArc
 50
128.6600892297774
 51
162.6659174814975
  0
ARC
  5
62EA
330
1D
100
AcDbEntity
  8
0
100
AcDbCircle
 10
195.8607601502889
 20
80.20080047334355
 30
0.0
 40
0.2655601502892979
100
AcDbArc
 50
162.6657362710151
 51
180.0001021259684
  0
ARC
  5
62EB
330
1D
100
AcDbEntity
  8
0
100
AcDbCircle
 10
195.8607601502889
 20
80.20079952665644
 30
0.0
 40
0.265560150289299
100
AcDbArc
 50
179.9998978740316
 51
197.3342637289848
  0
ARC
  5
62EC
330
1D
100
AcDbEntity
  8
0
100
AcDbCircle
 10
195.710062146626
 20
80.15376308788306
 30
0.0
 40
0.1076921203397032
100
AcDbArc
 50
197.3340825185024
 51
231.3399107702226
  0
ARC
  5
62ED
330
1D
100
AcDbEntity
  8
0
100
AcDbCircle
 10
195.7321987853581
 20
80.18143505597837
 30
0.0
 40
0.1431289457055056
100
AcDbArc
 50
231.3402728391008
 51
259.7126073612596
  0
ARC
  5
62EE
330
1D
100
AcDbEntity
  8
0
100
AcDbCircle
 10
195.8066992115303
 20
80.59190710010588
 30
0.0
 40
0.5603071001064242
100
AcDbArc
 50
259.7127771335181
 51
270.0000806271845
  0
LINE
  5
62EF
330
1D
100
AcDbEntity
  8
0
100
AcDbLine
 10
195.8067
 20
80.03159999999999
 30
0.0
 11
196.0182
 21
80.03159999999999
 31
0.0
  0
LINE
  5
62F0
330
1D
100
AcDbEntity
  8
0
100
AcDbLine
 10
196.0182
 20
80.03159999999999
 30
0.0
 11
196.0182
 21
77.57819999999998
 31
0.0
  0
LINE
  5
62F1
330
1D
100
AcDbEntity
  8
0
100
AcDbLine
 10
196.0182
 20
77.57819999999998
 30
0.0
 11
196.0182
 21
75.1248
 31
0.0
  0
LINE
  5
62F2
330
1D
100
AcDbEntity
  8
0
100
AcDbLine
 10
196.0182
 20
75.1248
 30
0.0
 11
194.4108
 21
75.1248
 31
0.0
  0
LINE
  5
62F3
330
1D
100
AcDbEntity
  8
0
100
AcDbLine
 10
194.4108
 20
75.1248
 30
0.0
 11
192.8034
 21
75.1248
 31
0.0
  0
LINE
  5
62F4
330
1D
100
AcDbEntity
  8
0
100
AcDbLine
 10
192.8034
 20
75.1248
 30
0.0
 11
192.8034
 21
76.52070000000001
 31
0.0
  0
ARC
  5
62F5
330
1D
100
AcDbEntity
  8
0
100
AcDbCircle
 10
305.4440754089853
 20
76.52069533753175
 30
0.0
 40
112.6406754089854
100
AcDbArc
 50
179.5494241988107
 51
179.99999762839
  0
ARC
  5
62F6
330
1D
100
AcDbEntity
  8
0
100
AcDbCircle
 10
195.602897507545
 20
77.3844996943783
 30
0.0
 40
2.796101028908526
100
AcDbArc
 50
173.0886976415614
 51
179.5492621820589
  0
ARC
  5
62F7
330
1D
100
AcDbEntity
  8
0
100
AcDbCircle
 10
193.174532335596
 20
77.67885138501928
 30
0.0
 40
0.349961146132455
100
AcDbArc
 50
148.12145548071
 51
173.0888863965081
  0
ARC
  5
62F8
330
1D
100
AcDbEntity
  8
0
100
AcDbCircle
 10
192.9726003218522
 20
77.80443845509866
 30
0.0
 40
0.1121615449018174
100
AcDbArc
 50
90.00016441263397
 51
148.1216078541956
  0
ARC
  5
62F9
330
1D
100
AcDbEntity
  8
0
100
AcDbCircle
 10
192.9726005400885
 20
78.15036480980539
 30
0.0
 40
0.2337648098060314
100
AcDbArc
 50
269.99986762425
 51
291.6978051197357
  0
ARC
  5
62FA
330
1D
100
AcDbEntity
  8
0
100
AcDbCircle
 10
193.023056503229
 20
78.02355911034324
 30
0.0
 40
0.0972895753056077
100
AcDbArc
 50
291.6980932901637
 51
333.4350215361463
  0
ARC
  5
62FB
330
1D
100
AcDbEntity
  8
0
100
AcDbCircle
 10
192.889883844854
 20
78.09014565064614
 30
0.0
 40
0.2461812281546518
100
AcDbArc
 50
333.4349336114776
 51
356.0154176218182
  0
ARC
  5
62FC
330
1D
100
AcDbEntity
  8
0
100
AcDbCircle
 10
190.5232395340414
 20
78.25500302558786
 30
0.0
 40
2.618560465960328
100
AcDbArc
 50
356.0152992839799
 51
359.9999337982002
  0
ARC
  5
62FD
330
1D
100
AcDbEntity
  8
0
100
AcDbCircle
 10
190.5232395340414
 20
78.25499697441212
 30
0.0
 40
2.618560465960328
100
AcDbArc
 50
0.0000662017997691
 51
3.984700716020091
  0
ARC
  5
62FE
330
1D
100
AcDbEntity
  8
0
100
AcDbCircle
 10
192.8898838448539
 20
78.41985434935384
 30
0.0
 40
0.2461812281546786
100
AcDbArc
 50
3.984582378181285
 51
26.56506638852236
  0
ARC
  5
62FF
330
1D
100
AcDbEntity
  8
0
100
AcDbCircle
 10
193.023056503229
 20
78.48644088965676
 30
0.0
 40
0.0972895753056105
100
AcDbArc
 50
26.56497846385376
 51
68.30190670983632
  0
ARC
  5
6300
330
1D
100
AcDbEntity
  8
0
100
AcDbCircle
 10
192.9726005400885
 20
78.35963519019458
 30
0.0
 40
0.2337648098060517
100
AcDbArc
 50
68.30219488026556
 51
90.00013237575002
  0
ARC
  5
6301
330
1D
100
AcDbEntity
  8
0
100
AcDbCircle
 10
192.9725993467561
 20
78.74347043058341
 30
0.0
 40
0.1500704305848195
100
AcDbArc
 50
232.4339173260205
 51
270.0002494036372
  0
ARC
  5
6302
330
1D
100
AcDbEntity
  8
0
100
AcDbCircle
 10
192.9675569053607
 20
78.73691568177054
 30
0.0
 40
0.141800548674053
100
AcDbArc
 50
193.2408430988789
 51
232.4341683758318
  0
ARC
  5
6303
330
1D
100
AcDbEntity
  8
0
100
AcDbCircle
 10
193.6366696521823
 20
78.89434897888077
 30
0.0
 40
0.8291848014651398
100
AcDbArc
 50
181.1190577000766
 51
193.2402391246576
  0
ARC
  5
6304
330
1D
100
AcDbEntity
  8
0
100
AcDbCircle
 10
215.0380480853116
 20
79.31251109898444
 30
0.0
 40
22.23464808531433
100
AcDbArc
 50
180.000028600631
 51
181.1193500493602
  0
LINE
  5
6305
330
1D
100
AcDbEntity
  8
0
100
AcDbLine
 10
192.8034
 20
79.3125
 30
0.0
 11
192.8034
 21
80.03159999999999
 31
0.0
  0
LINE
  5
631A
330
1D
100
AcDbEntity
  8
0
100
AcDbLine
 10
192.8162429153751
 20
80.03322585435411
 30
0.0
 11
190.8576
 21
80.03159999999999
 31
0.0
  0
ARC
  5
631B
330
1D
100
AcDbEntity
  8
0
100
AcDbCircle
 10
190.8574526203545
 20
-75.76320650106433
 30
0.0
 40
155.794806501134
100
AcDbArc
 50
89.99994579901697
 51
90.37763923564105
  0
ARC
  5
631C
330
1D
100
AcDbEntity
  8
0
100
AcDbCircle
 10
189.8546800300042
 20
76.37540806304909
 30
0.0
 40
3.652887246923589
100
AcDbArc
 50
90.37755843965134
 51
96.00905825166856
  0
ARC
  5
631D
330
1D
100
AcDbEntity
  8
0
100
AcDbCircle
 10
189.520072768757
 20
79.55416645448107
 30
0.0
 40
0.4565664040868893
100
AcDbArc
 50
96.00928522343217
 51
117.5941041997011
  0
ARC
  5
631E
330
1D
100
AcDbEntity
  8
0
100
AcDbCircle
 10
189.3589716764473
 20
79.86239950046078
 30
0.0
 40
0.1087716764484559
100
AcDbArc
 50
117.5935748147198
 51
179.9997368663473
  0
ARC
  5
631F
330
1D
100
AcDbEntity
  8
0
100
AcDbCircle
 10
188.9905809067535
 20
79.86240109286214
 30
0.0
 40
0.2596190932487426
100
AcDbArc
 50
343.4690887586388
 51
359.9997588143924
  0
ARC
  5
6320
330
1D
100
AcDbEntity
  8
0
100
AcDbCircle
 10
189.1191623945529
 20
79.82423681106062
 30
0.0
 40
0.1254933634009349
100
AcDbArc
 50
315.0002564594348
 51
343.4696319590689
  0
ARC
  5
6321
330
1D
100
AcDbEntity
  8
0
100
AcDbCircle
 10
189.1191631889393
 20
79.82423760544701
 30
0.0
 40
0.1254933634009521
100
AcDbArc
 50
286.5303680409436
 51
314.9997435405744
  0
ARC
  5
6322
330
1D
100
AcDbEntity
  8
0
100
AcDbCircle
 10
189.0809989071379
 20
79.95281909324649
 30
0.0
 40
0.2596190932487823
100
AcDbArc
 50
270.0002411855919
 51
286.5309112413457
  0
ARC
  5
6323
330
1D
100
AcDbEntity
  8
0
100
AcDbCircle
 10
189.081001092862
 20
79.43358090675362
 30
0.0
 40
0.2596190932486857
100
AcDbArc
 50
90.0002411855919
 51
106.5309112413459
  0
ARC
  5
6324
330
1D
100
AcDbEntity
  8
0
100
AcDbCircle
 10
189.0428368110606
 20
79.56216239455298
 30
0.0
 40
0.125493363400943
100
AcDbArc
 50
106.5303680409436
 51
134.999743540579
  0
ARC
  5
6325
330
1D
100
AcDbEntity
  8
0
100
AcDbCircle
 10
189.042837605447
 20
79.56216318893931
 30
0.0
 40
0.1254933634009521
100
AcDbArc
 50
135.0002564594072
 51
163.4696319590439
  0
ARC
  5
6326
330
1D
100
AcDbEntity
  8
0
100
AcDbCircle
 10
189.1714190932464
 20
79.52399890713795
 30
0.0
 40
0.2596190932487389
100
AcDbArc
 50
163.4690887586646
 51
179.9997588144175
  0
ARC
  5
6327
330
1D
100
AcDbEntity
  8
0
100
AcDbCircle
 10
188.6780351901945
 20
79.52399945991142
 30
0.0
 40
0.2337648098060456
100
AcDbArc
 50
338.3021948802798
 51
0.0001323757674467
  0
ARC
  5
6328
330
1D
100
AcDbEntity
  8
0
100
AcDbCircle
 10
188.8048408896568
 20
79.47354349677098
 30
0.0
 40
0.0972895753055629
100
AcDbArc
 50
296.5649784638388
 51
338.3019067098349
  0
ARC
  5
6329
330
1D
100
AcDbEntity
  8
0
100
AcDbCircle
 10
188.7382543493538
 20
79.60671615514602
 30
0.0
 40
0.2461812281546518
100
AcDbArc
 50
273.9845823781818
 51
296.5650663885224
  0
ARC
  5
632A
330
1D
100
AcDbEntity
  8
0
100
AcDbCircle
 10
188.5733969744119
 20
81.97336046595902
 30
0.0
 40
2.618560465960769
100
AcDbArc
 50
270.0000662018045
 51
273.9847007160247
  0
LINE
  5
632B
330
1D
100
AcDbEntity
  8
0
100
AcDbLine
 10
188.5734
 20
79.3548
 30
0.0
 11
188.235
 21
79.3548
 31
0.0
  0
LINE
  5
632C
330
1D
100
AcDbEntity
  8
0
100
AcDbLine
 10
188.235
 20
79.3548
 30
0.0
 11
188.235
 21
78.9741
 31
0.0
  0
ARC
  5
632D
330
1D
100
AcDbEntity
  8
0
100
AcDbCircle
 10
184.4774676176557
 20
78.9740952755352
 30
0.0
 40
3.757532382347291
100
AcDbArc
 50
356.7999669681845
 51
0.0000720398032659
  0
ARC
  5
632E
330
1D
100
AcDbEntity
  8
0
100
AcDbCircle
 10
187.9378421765572
 20
78.78062990662512
 30
0.0
 40
0.2917538353498514
100
AcDbArc
 50
336.0374140013766
 51
356.7996521626481
  0
ARC
  5
632F
330
1D
100
AcDbEntity
  8
0
100
AcDbCircle
 10
188.1140871326641
 20
78.70229961355639
 30
0.0
 40
0.0988862140080459
100
AcDbArc
 50
293.4286758643103
 51
336.036801963665
  0
ARC
  5
6330
330
1D
100
AcDbEntity
  8
0
100
AcDbCircle
 10
188.0657990931513
 20
78.81372363949033
 30
0.0
 40
0.2203236394921965
100
AcDbArc
 50
270.0002358285435
 51
293.4297100321765
  0
ARC
  5
6331
330
1D
100
AcDbEntity
  8
0
100
AcDbCircle
 10
188.0658010928621
 20
78.3337809067535
 30
0.0
 40
0.2596190932487994
100
AcDbArc
 50
90.0002411855919
 51
106.5309112413448
  0
ARC
  5
6332
330
1D
100
AcDbEntity
  8
0
100
AcDbCircle
 10
188.0276368110606
 20
78.46236239455298
 30
0.0
 40
0.125493363400943
100
AcDbArc
 50
106.5303680409436
 51
134.9997435405744
  0
ARC
  5
6333
330
1D
100
AcDbEntity
  8
0
100
AcDbCircle
 10
188.027637605447
 20
78.46236318893939
 30
0.0
 40
0.125493363400932
100
AcDbArc
 50
135.0002564594348
 51
163.4696319590688
  0
ARC
  5
6334
330
1D
100
AcDbEntity
  8
0
100
AcDbCircle
 10
188.1562190932465
 20
78.42419890713796
 30
0.0
 40
0.2596190932487974
100
AcDbArc
 50
163.4690887586651
 51
179.9997588144175
  0
ARC
  5
6335
330
1D
100
AcDbEntity
  8
0
100
AcDbCircle
 10
187.6369809067535
 20
78.42420109286216
 30
0.0
 40
0.2596190932487426
100
AcDbArc
 50
343.4690887586388
 51
359.9997588143924
  0
ARC
  5
6336
330
1D
100
AcDbEntity
  8
0
100
AcDbCircle
 10
187.7655623945529
 20
78.38603681106063
 30
0.0
 40
0.1254933634009349
100
AcDbArc
 50
315.0002564594348
 51
343.4696319590689
  0
ARC
  5
6337
330
1D
100
AcDbEntity
  8
0
100
AcDbCircle
 10
187.7655631889393
 20
78.38603760544703
 30
0.0
 40
0.1254933634009521
100
AcDbArc
 50
286.5303680409418
 51
314.9997435405744
  0
ARC
  5
6338
330
1D
100
AcDbEntity
  8
0
100
AcDbCircle
 10
187.7273989071379
 20
78.51461909324649
 30
0.0
 40
0.259619093248796
100
AcDbArc
 50
270.0002411855919
 51
286.5309112413448
  0
ARC
  5
6339
330
1D
100
AcDbEntity
  8
0
100
AcDbCircle
 10
187.7274010928621
 20
77.99538090675359
 30
0.0
 40
0.2596190932487
100
AcDbArc
 50
90.00024118559817
 51
106.530911241351
  0
ARC
  5
633A
330
1D
100
AcDbEntity
  8
0
100
AcDbCircle
 10
187.6892368110606
 20
78.12396239455296
 30
0.0
 40
0.125493363400943
100
AcDbArc
 50
106.5303680409436
 51
134.9997435405744
  0
LINE
  5
634C
330
1D
100
AcDbEntity
  8
0
100
AcDbLine
 10
187.1352
 20
77.9166
 30
0.0
 11
187.1352
 21
77.3667
 31
0.0
  0
ARC
  5
634D
330
1D
100
AcDbEntity
  8
0
100
AcDbCircle
 10
176.2829927913636
 20
77.36667922547067
 30
0.0
 40
10.85220720865623
100
AcDbArc
 50
358.3009771766979
 51
0.0001096820976982
  0
ARC
  5
634E
330
1D
100
AcDbEntity
  8
0
100
AcDbCircle
 10
186.6079190444751
 20
77.06042100595808
 30
0.0
 40
0.5227398347250202
100
AcDbArc
 50
342.8969708107667
 51
358.3007370534661
  0
ARC
  5
634F
330
1D
100
AcDbEntity
  8
0
100
AcDbCircle
 10
186.9975324747735
 20
76.94053670869393
 30
0.0
 40
0.1150992211998262
100
AcDbArc
 50
300.6371676913935
 51
342.8974499206586
  0
ARC
  5
6350
330
1D
100
AcDbEntity
  8
0
100
AcDbCircle
 10
186.965999351538
 20
76.99377740347054
 30
0.0
 40
0.1769774034717269
100
AcDbArc
 50
270.0002099371336
 51
300.637175940446
  0
ARC
  5
6351
330
1D
100
AcDbEntity
  8
0
100
AcDbCircle
 10
186.965999941289
 20
76.71034531705015
 30
0.0
 40
0.1064546829498616
100
AcDbArc
 50
89.9999684007651
 51
169.1709233349752
  0
ARC
  5
6352
330
1D
100
AcDbEntity
  8
0
100
AcDbCircle
 10
189.3822312929492
 20
76.24815674306231
 30
0.0
 40
2.566493752288008
100
AcDbArc
 50
169.1709923767096
 51
177.1014575968349
  0
ARC
  5
6353
330
1D
100
AcDbEntity
  8
0
100
AcDbCircle
 10
201.8233241784753
 20
75.61822647191252
 30
0.0
 40
15.02352406985508
100
AcDbArc
 50
177.1014232969036
 51
179.8395729017737
  0
ARC
  5
6354
330
1D
100
AcDbEntity
  8
0
100
AcDbCircle
 10
967.2236613771143
 20
73.47519653532231
 30
0.0
 40
780.4268613771205
100
AcDbArc
 50
179.839578930799
 51
180.0000070872324
  0
ARC
  5
6355
330
1D
100
AcDbEntity
  8
0
100
AcDbCircle
 10
-593.6300613771144
 20
73.47500346467767
 30
0.0
 40
780.4268613771205
100
AcDbArc
 50
359.839578930799
 51
0.0000070872324071
  0
ARC
  5
6356
330
1D
100
AcDbEntity
  8
0
100
AcDbCircle
 10
171.7702758215246
 20
71.33197352808688
 30
0.0
 40
15.02352406985508
100
AcDbArc
 50
357.1014232969058
 51
359.839572901776
  0
ARC
  5
6357
330
1D
100
AcDbEntity
  8
0
100
AcDbCircle
 10
184.2113687070507
 20
70.70204325693786
 30
0.0
 40
2.566493752288018
100
AcDbArc
 50
349.1709923767051
 51
357.1014575968305
  0
ARC
  5
6358
330
1D
100
AcDbEntity
  8
0
100
AcDbCircle
 10
186.6276000587109
 20
70.23985468294985
 30
0.0
 40
0.1064546829498701
100
AcDbArc
 50
269.9999684007651
 51
349.1709233349752
  0
ARC
  5
6359
330
1D
100
AcDbEntity
  8
0
100
AcDbCircle
 10
186.627601092862
 20
69.87378090675349
 30
0.0
 40
0.2596190932487994
100
AcDbArc
 50
90.0002411855919
 51
106.5309112413448
  0
ARC
  5
635A
330
1D
100
AcDbEntity
  8
0
100
AcDbCircle
 10
186.5894368110606
 20
70.00236239455296
 30
0.0
 40
0.125493363400943
100
AcDbArc
 50
106.5303680409436
 51
134.9997435405744
  0
ARC
  5
635B
330
1D
100
AcDbEntity
  8
0
100
AcDbCircle
 10
186.589437605447
 20
70.00236318893938
 30
0.0
 40
0.125493363400932
100
AcDbArc
 50
135.0002564594348
 51
163.4696319590688
  0
ARC
  5
635C
330
1D
100
AcDbEntity
  8
0
100
AcDbCircle
 10
186.7180190932464
 20
69.96419890713797
 30
0.0
 40
0.2596190932487389
100
AcDbArc
 50
163.4690887586646
 51
179.9997588144175
  0
ARC
  5
635D
330
1D
100
AcDbEntity
  8
0
100
AcDbCircle
 10
186.7180190932465
 20
69.96420109286204
 30
0.0
 40
0.2596190932487994
100
AcDbArc
 50
180.0002411855824
 51
196.5309112413349
  0
ARC
  5
635E
330
1D
100
AcDbEntity
  8
0
100
AcDbCircle
 10
186.589437605447
 20
69.92603681106061
 30
0.0
 40
0.1254933634009349
100
AcDbArc
 50
196.5303680409312
 51
224.9997435405652
  0
ARC
  5
635F
330
1D
100
AcDbEntity
  8
0
100
AcDbCircle
 10
186.5894368110606
 20
69.92603760544702
 30
0.0
 40
0.1254933634009521
100
AcDbArc
 50
225.0002564594256
 51
253.4696319590564
  0
ARC
  5
6360
330
1D
100
AcDbEntity
  8
0
100
AcDbCircle
 10
186.627601092862
 20
70.05461909324647
 30
0.0
 40
0.2596190932487823
100
AcDbArc
 50
253.4690887586543
 51
269.9997588144081
  0
ARC
  5
6361
330
1D
100
AcDbEntity
  8
0
100
AcDbCircle
 10
186.6276005400885
 20
69.5612351901946
 30
0.0
 40
0.2337648098060314
100
AcDbArc
 50
68.30219488027076
 51
90.00013237575698
  0
ARC
  5
6362
330
1D
100
AcDbEntity
  8
0
100
AcDbCircle
 10
186.678056503229
 20
69.68804088965675
 30
0.0
 40
0.0972895753055972
100
AcDbArc
 50
26.56497846386125
 51
68.30190670985186
  0
ARC
  5
6363
330
1D
100
AcDbEntity
  8
0
100
AcDbCircle
 10
186.5448838448539
 20
69.62145434935385
 30
0.0
 40
0.2461812281546772
100
AcDbArc
 50
3.984582378177984
 51
26.5650663885194
  0
ARC
  5
6364
330
1D
100
AcDbEntity
  8
0
100
AcDbCircle
 10
184.1782395340414
 20
69.45659697441212
 30
0.0
 40
2.618560465960328
100
AcDbArc
 50
0.0000662017997691
 51
3.984700716020091
  0
ARC
  5
6365
330
1D
100
AcDbEntity
  8
0
100
AcDbCircle
 10
189.4153604659583
 20
69.45660302558829
 30
0.0
 40
2.618560465960128
100
AcDbArc
 50
180.0000662018091
 51
183.9847007160294
  0
ARC
  5
6366
330
1D
100
AcDbEntity
  8
0
100
AcDbCircle
 10
187.048716155146
 20
69.29174565064617
 30
0.0
 40
0.2461812281546786
100
AcDbArc
 50
183.9845823781813
 51
206.5650663885223
  0
ARC
  5
6367
330
1D
100
AcDbEntity
  8
0
100
AcDbCircle
 10
186.915543496771
 20
69.2251591103432
 30
0.0
 40
0.097289575305566
100
AcDbArc
 50
206.5649784638388
 51
248.301906709827
  0
ARC
  5
6368
330
1D
100
AcDbEntity
  8
0
100
AcDbCircle
 10
186.9659994599114
 20
69.35196480980542
 30
0.0
 40
0.2337648098060411
100
AcDbArc
 50
248.3021948802721
 51
270.000132375757
  0
ARC
  5
6369
330
1D
100
AcDbEntity
  8
0
100
AcDbCircle
 10
186.9659989071379
 20
68.8585809067535
 30
0.0
 40
0.2596190932487994
100
AcDbArc
 50
73.46908875865522
 51
89.99975881440812
  0
ARC
  5
636A
330
1D
100
AcDbEntity
  8
0
100
AcDbCircle
 10
187.0041631889393
 20
68.98716239455296
 30
0.0
 40
0.125493363400943
100
AcDbArc
 50
45.00025645942559
 51
73.46963195905637
  0
ARC
  5
636B
330
1D
100
AcDbEntity
  8
0
100
AcDbCircle
 10
187.004162394553
 20
68.98716318893931
 30
0.0
 40
0.1254933634009722
100
AcDbArc
 50
16.53036804095237
 51
44.99974354058358
  0
ARC
  5
636C
330
1D
100
AcDbEntity
  8
0
100
AcDbCircle
 10
186.8755809067535
 20
68.94899890713796
 30
0.0
 40
0.2596190932487701
100
AcDbArc
 50
0.0002411855824732
 51
16.53091124133665
  0
ARC
  5
636D
330
1D
100
AcDbEntity
  8
0
100
AcDbCircle
 10
187.2453128176055
 20
68.94900013360767
 30
0.0
 40
0.1101128176055923
100
AcDbArc
 50
180.0000695210222
 51
263.9629067689228
  0
ARC
  5
636E
330
1D
100
AcDbEntity
  8
0
100
AcDbCircle
 10
188.03544117875
 20
76.42007298266581
 30
0.0
 40
7.622850823354142
100
AcDbArc
 50
263.9629334322394
 51
268.0419621701416
  0
ARC
  5
636F
330
1D
100
AcDbEntity
  8
0
100
AcDbCircle
 10
188.8845696043155
 20
101.2568396008025
 30
0.0
 40
32.47412835845865
100
AcDbArc
 50
268.0419250607997
 51
269.8957468703897
  0
ARC
  5
6370
330
1D
100
AcDbEntity
  8
0
100
AcDbCircle
 10
192.0840110418539
 20
1859.340801919238
 30
0.0
 40
1790.561001919262
100
AcDbArc
 50
269.8957309347923
 51
270.0000092463101
  0
ARC
  5
6371
330
1D
100
AcDbEntity
  8
0
100
AcDbCircle
 10
192.0845889581461
 20
1859.340801919223
 30
0.0
 40
1790.561001919246
100
AcDbArc
 50
269.9999907536899
 51
270.1042690652077
  0
ARC
  5
6372
330
1D
100
AcDbEntity
  8
0
100
AcDbCircle
 10
195.2840303956844
 20
101.2568396008025
 30
0.0
 40
32.47412835845865
100
AcDbArc
 50
270.1042531296104
 51
271.9580749392004
  0
ARC
  5
6373
330
1D
100
AcDbEntity
  8
0
100
AcDbCircle
 10
196.13315882125
 20
76.42007298266581
 30
0.0
 40
7.622850823354139
100
AcDbArc
 50
271.9580378298581
 51
276.0370665677604
  0
ARC
  5
642E
330
1D
100
AcDbEntity
  8
0
100
AcDbCircle
 10
196.3205062046618
 20
82.90159760793304
 30
0.0
 40
14.05830283095243
100
AcDbArc
 50
272.541964557696
 51
0.1769392379164385
  0
ARC
  5
642F
330
1D
100
AcDbEntity
  8
0
100
AcDbCircle
 10
34.04973503141448
 20
85.5097503045099
 30
0.0
 40
176.3476582807327
100
AcDbArc
 50
359.1666809601877
 51
359.9575887608502
  0
ARC
  5
6430
330
1D
100
AcDbEntity
  8
0
100
AcDbCircle
 10
-10226.20222165866
 20
93.09886547604072
 30
0.0
 40
10436.60242165923
100
AcDbArc
 50
359.9576199787962
 51
0.0000188551522375
  0
ARC
  5
6431
330
1D
100
AcDbEntity
  8
0
100
AcDbCircle
 10
-10226.20222165866
 20
93.10573452395926
 30
0.0
 40
10436.60242165923
100
AcDbArc
 50
359.9999811448478
 51
0.0423800212037429
  0
ARC
  5
6432
330
1D
100
AcDbEntity
  8
0
100
AcDbCircle
 10
34.04980747332175
 20
100.6948491954901
 30
0.0
 40
176.3475858392154
100
AcDbArc
 50
0.0424114190232379
 51
0.8333192196857465
  0
ARC
  5
6433
330
1D
100
AcDbEntity
  8
0
100
AcDbCircle
 10
116.1245150941785
 20
101.8885819803797
 30
0.0
 40
94.2641975745718
100
AcDbArc
 50
0.8333553253469185
 51
1.66047360737118
  0
ARC
  5
6434
330
1D
100
AcDbEntity
  8
0
100
AcDbCircle
 10
210.2309999766402
 20
104.6166203457629
 30
0.0
 40
0.118179654237153
100
AcDbArc
 50
1.660571000813338
 51
89.9999886747438
  0
ARC
  5
6435
330
1D
100
AcDbEntity
  8
0
100
AcDbCircle
 10
210.230999392432
 20
104.8579948394957
 30
0.0
 40
0.123194839497194
100
AcDbArc
 50
220.694897032429
 51
270.0002825693135
  0
ARC
  5
6436
330
1D
100
AcDbEntity
  8
0
100
AcDbCircle
 10
210.3071317993858
 20
104.9234642509869
 30
0.0
 40
0.2236059306512691
100
AcDbArc
 50
189.0899234771274
 51
220.6943155673247
  0
ARC
  5
6437
330
1D
100
AcDbEntity
  8
0
100
AcDbCircle
 10
211.7302394901285
 20
105.1511654850028
 30
0.0
 40
1.6648149201463
100
AcDbArc
 50
180.6478717324955
 51
189.0903655015209
  0
ARC
  5
6438
330
1D
100
AcDbEntity
  8
0
100
AcDbCircle
 10
268.4253320771604
 20
105.7922612660153
 30
0.0
 40
58.36353207717326
100
AcDbArc
 50
179.999961974648
 51
180.6478609233982
  0
ARC
  5
6439
330
1D
100
AcDbEntity
  8
0
100
AcDbCircle
 10
268.4253320771617
 20
105.7923387339847
 30
0.0
 40
58.36353207717452
100
AcDbArc
 50
179.3521390766018
 51
180.000038025352
  0
ARC
  5
643A
330
1D
100
AcDbEntity
  8
0
100
AcDbCircle
 10
211.730246264439
 20
106.4334350149972
 30
0.0
 40
1.66482168837019
100
AcDbArc
 50
170.9096543413539
 51
179.3521481103792
  0
ARC
  5
643B
330
1D
100
AcDbEntity
  8
0
100
AcDbCircle
 10
210.3071300326818
 20
106.6611362490131
 30
0.0
 40
0.2236042651277469
100
AcDbArc
 50
139.3054864040747
 51
170.909878494273
  0
ARC
  5
643C
330
1D
100
AcDbEntity
  8
0
100
AcDbCircle
 10
210.230999392432
 20
106.7266051605043
 30
0.0
 40
0.1231948394972134
100
AcDbArc
 50
89.99971743068654
 51
139.305102967571
  0
ARC
  5
643D
330
1D
100
AcDbEntity
  8
0
100
AcDbCircle
 10
210.2309999499173
 20
106.9663179593507
 30
0.0
 40
0.1165179593507696
100
AcDbArc
 50
270.0000246273485
 51
324.0477469914554
  0
ARC
  5
643E
330
1D
100
AcDbEntity
  8
0
100
AcDbCircle
 10
210.0982196725063
 20
107.0626202208199
 30
0.0
 40
0.280544565830551
100
AcDbArc
 50
324.0476310810545
 51
352.1466162797822
  0
ARC
  5
643F
330
1D
100
AcDbEntity
  8
0
100
AcDbCircle
 10
208.2031690749814
 20
107.3240035576603
 30
0.0
 40
2.193536467526313
100
AcDbArc
 50
352.1467540879387
 51
359.4680383558612
  0
ARC
  5
6440
330
1D
100
AcDbEntity
  8
0
100
AcDbCircle
 10
127.1880444995344
 20
108.0764794919552
 30
0.0
 40
83.21215550046808
100
AcDbArc
 50
359.4678518771246
 51
0.0000141208265496
  0
ARC
  5
6441
330
1D
100
AcDbEntity
  8
0
100
AcDbCircle
 10
127.1880444995329
 20
108.0765205080448
 30
0.0
 40
83.21215550046963
100
AcDbArc
 50
359.9999858791735
 51
0.5321481228754493
  0
ARC
  5
6442
330
1D
100
AcDbEntity
  8
0
100
AcDbCircle
 10
208.2031768902493
 20
108.8289959423397
 30
0.0
 40
2.193528657237556
100
AcDbArc
 50
0.5319765990461942
 51
7.85326086696873
  0
ARC
  5
6443
330
1D
100
AcDbEntity
  8
0
100
AcDbCircle
 10
210.0982176744701
 20
109.0903792791801
 30
0.0
 40
0.2805464768088617
100
AcDbArc
 50
7.853226806973436
 51
35.95221200570222
  0
ARC
  5
6444
330
1D
100
AcDbEntity
  8
0
100
AcDbCircle
 10
210.2309999499173
 20
109.1866820406492
 30
0.0
 40
0.1165179593507606
100
AcDbArc
 50
35.95225300854465
 51
89.9999753726515
  0
ARC
  5
6445
330
1D
100
AcDbEntity
  8
0
100
AcDbCircle
 10
210.230999392432
 20
109.4263948394957
 30
0.0
 40
0.123194839497194
100
AcDbArc
 50
220.6948970324426
 51
270.0002825693267
  0
ARC
  5
6446
330
1D
100
AcDbEntity
  8
0
100
AcDbCircle
 10
210.3071317993859
 20
109.4918642509869
 30
0.0
 40
0.2236059306513215
100
AcDbArc
 50
189.0899234771215
 51
220.6943155673179
  0
ARC
  5
6447
330
1D
100
AcDbEntity
  8
0
100
AcDbCircle
 10
211.7302394901285
 20
109.7195654850028
 30
0.0
 40
1.664814920146215
100
AcDbArc
 50
180.647871732496
 51
189.0903655015214
  0
ARC
  5
6448
330
1D
100
AcDbEntity
  8
0
100
AcDbCircle
 10
268.4253320771604
 20
110.3606612660152
 30
0.0
 40
58.36353207717326
100
AcDbArc
 50
179.999961974648
 51
180.6478609233982
  0
LINE
  5
6449
330
1D
100
AcDbEntity
  8
0
100
AcDbLine
 10
210.0618
 20
110.3607
 30
0.0
 11
210.0618
 21
111.4182
 31
0.0
  0
ARC
  5
645A
330
1D
100
AcDbEntity
  8
0
100
AcDbCircle
 10
90.40631272132113
 20
115.2894969425016
 30
0.0
 40
119.6896674926586
100
AcDbArc
 50
358.1527880430081
 51
0.8424946662477744
  0
ARC
  5
645B
330
1D
100
AcDbEntity
  8
0
100
AcDbCircle
 10
2220.963537660228
 20
125.6721136586211
 30
0.0
 40
2010.898983853618
100
AcDbArc
 50
180.0121473058025
 51
180.2456848222657
  0
ARC
  5
645C
330
1D
100
AcDbEntity
  8
0
100
AcDbCircle
 10
124337.9779451643
 20
151.6061711516407
 30
0.0
 40
124127.9161451725
100
AcDbArc
 50
180.0000208965558
 51
180.0121676018011
  0
ARC
  5
645D
330
1D
100
AcDbEntity
  8
0
100
AcDbCircle
 10
-123917.8543451642
 20
151.5156288482252
 30
0.0
 40
124127.9161451725
100
AcDbArc
 50
0.0000208965558348
 51
0.0121676018012349
  0
ARC
  5
645E
330
1D
100
AcDbEntity
  8
0
100
AcDbCircle
 10
-1800.839692321923
 20
177.4496858413789
 30
0.0
 40
2010.898738515424
100
AcDbArc
 50
0.0121473215308279
 51
0.2456848379940908
  0
ARC
  5
645F
330
1D
100
AcDbEntity
  8
0
100
AcDbCircle
 10
-3483.387646233307
 20
170.2409665551278
 30
0.0
 40
3693.462134891571
100
AcDbArc
 50
0.2455901135716737
 51
0.3205329905035965
  0
ARC
  5
6460
330
1D
100
AcDbEntity
  8
0
100
AcDbCircle
 10
209.892600370179
 20
190.9027064263385
 30
0.0
 40
0.1240935736620547
100
AcDbArc
 50
0.3206962776909326
 51
90.00017091692189
  0
ARC
  5
6461
330
1D
100
AcDbEntity
  8
0
100
AcDbCircle
 10
209.8926009068486
 20
191.2471236394902
 30
0.0
 40
0.2203236394921266
100
AcDbArc
 50
246.5702899678312
 51
269.9997641714638
  0
ARC
  5
6462
330
1D
100
AcDbEntity
  8
0
100
AcDbCircle
 10
209.8443128673359
 20
191.1356996135563
 30
0.0
 40
0.0988862140080125
100
AcDbArc
 50
203.9631980363266
 51
246.5713241357015
  0
ARC
  5
6463
330
1D
100
AcDbEntity
  8
0
100
AcDbCircle
 10
210.0205578234427
 20
191.2140299066251
 30
0.0
 40
0.291753835349849
100
AcDbArc
 50
183.200347837363
 51
203.9625859986358
  0
ARC
  5
6464
330
1D
100
AcDbEntity
  8
0
100
AcDbCircle
 10
213.4809323823441
 20
191.4074952755346
 30
0.0
 40
3.757532382347036
100
AcDbArc
 50
179.9999279601886
 51
183.2000330318074
  0
ARC
  5
6465
330
1D
100
AcDbEntity
  8
0
100
AcDbCircle
 10
213.4809323823446
 20
191.4075047244653
 30
0.0
 40
3.757532382347548
100
AcDbArc
 50
176.7999669681925
 51
180.0000720398113
  0
ARC
  5
6466
330
1D
100
AcDbEntity
  8
0
100
AcDbCircle
 10
210.0205550940917
 20
191.6009695933748
 30
0.0
 40
0.2917511381699694
100
AcDbArc
 50
156.0372860377034
 51
176.7995241989749
  0
ARC
  5
6467
330
1D
100
AcDbEntity
  8
0
100
AcDbCircle
 10
209.8443141495009
 20
191.6792998864436
 30
0.0
 40
0.0988871825886942
100
AcDbArc
 50
113.4292423225769
 51
156.0373684219461
  0
ARC
  5
6468
330
1D
100
AcDbEntity
  8
0
100
AcDbCircle
 10
209.8926009068486
 20
191.5678763605096
 30
0.0
 40
0.2203236394921217
100
AcDbArc
 50
90.0002358285362
 51
113.4297100321687
  0
ARC
  5
6469
330
1D
100
AcDbEntity
  8
0
100
AcDbCircle
 10
209.892600017021
 20
191.9108726744951
 30
0.0
 40
0.1226726744951077
100
AcDbArc
 50
269.9999920501221
 51
359.4480758758602
  0
ARC
  5
646A
330
1D
100
AcDbEntity
  8
0
100
AcDbCircle
 10
-810.4364579392298
 20
201.7382131945322
 30
0.0
 40
1020.499055746735
100
AcDbArc
 50
359.4481704381473
 51
359.6230371232872
  0
ARC
  5
646B
330
1D
100
AcDbEntity
  8
0
100
AcDbCircle
 10
-645.7288695269966
 20
200.6548475087754
 30
0.0
 40
855.7879044494583
100
AcDbArc
 50
359.6230169542844
 51
359.9812298760994
  0
ARC
  5
646C
330
1D
100
AcDbEntity
  8
0
100
AcDbCircle
 10
-52021.97888843816
 20
217.5106673935327
 30
0.0
 40
52232.04068843831
100
AcDbArc
 50
359.9812025226468
 51
359.9999955382849
  0
ARC
  5
646D
330
1D
100
AcDbEntity
  8
0
100
AcDbCircle
 10
-52021.97888843807
 20
217.5025326064672
 30
0.0
 40
52232.04068843823
100
AcDbArc
 50
0.0000044617150694
 51
0.018797477353239
  0
ARC
  5
646E
330
1D
100
AcDbEntity
  8
0
100
AcDbCircle
 10
-645.7288695270011
 20
234.3583524912247
 30
0.0
 40
855.7879044494624
100
AcDbArc
 50
0.0187701239006225
 51
0.376983045715582
  0
ARC
  5
646F
330
1D
100
AcDbEntity
  8
0
100
AcDbCircle
 10
-4069.894669215585
 20
209.3428218399306
 30
0.0
 40
4280.044899080786
100
AcDbArc
 50
0.4102561018104468
 51
1.247306477466687
  0
ARC
  5
6718
330
1D
100
AcDbEntity
  8
0
100
AcDbCircle
 10
194.6235624431261
 20
296.2411341875423
 30
0.0
 40
16.10659550422376
100
AcDbArc
 50
23.78303706714641
 51
91.35887734447264
  0
ARC
  5
6719
330
1D
100
AcDbEntity
  8
0
100
AcDbCircle
 10
194.2419178792361
 20
712.7261781528419
 30
0.0
 40
400.3829781529682
100
AcDbArc
 50
269.7721465663904
 51
269.999954510707
  0
ARC
  5
671A
330
1D
100
AcDbEntity
  8
0
100
AcDbCircle
 10
192.6824325047086
 20
320.5787091589816
 30
0.0
 40
8.232408303940543
100
AcDbArc
 50
266.0548096244802
 51
269.7720629763372
  0
ARC
  5
6727
330
1D
100
AcDbEntity
  8
0
100
AcDbCircle
 10
190.7690161983373
 20
213.3965308053197
 30
0.0
 40
98.95826961077281
100
AcDbArc
 50
89.19614455674835
 51
90.75622957759192
  0
ARC
  5
6728
330
1D
100
AcDbEntity
  8
0
100
AcDbCircle
 10
186.4581472083651
 20
1826.7263743894
 30
0.0
 40
1514.383174389421
100
AcDbArc
 50
270.0000095642199
 51
270.113684381452
  0
ARC
  5
6729
330
1D
100
AcDbEntity
  8
0
100
AcDbCircle
 10
186.4586527916346
 20
1826.7263743894
 30
0.0
 40
1514.383174389421
100
AcDbArc
 50
269.8863156185481
 51
269.9999904357801
  0
ARC
  5
672A
330
1D
100
AcDbEntity
  8
0
100
AcDbCircle
 10
183.5089208296905
 20
340.0868892669761
 30
0.0
 40
27.74076289844507
100
AcDbArc
 50
267.8789260675488
 51
269.8862896645869
  0
ARC
  5
672B
330
1D
100
AcDbEntity
  8
0
100
AcDbCircle
 10
182.7069571609357
 20
318.4334308194899
 30
0.0
 40
6.072458662470878
100
AcDbArc
 50
263.184464060952
 51
267.8788527831166
  0
ARC
  5
672C
330
1D
100
AcDbEntity
  8
0
100
AcDbCircle
 10
181.9992884033371
 20
312.5124001263641
 30
0.0
 40
0.1092884033372083
100
AcDbArc
 50
180.000066247929
 51
263.1845708646281
  0
ARC
  5
672D
330
1D
100
AcDbEntity
  8
0
100
AcDbCircle
 10
181.6303809067535
 20
312.5123989071379
 30
0.0
 40
0.259619093248771
100
AcDbArc
 50
0.0002411855918819
 51
16.53091124134567
  0
ARC
  5
672E
330
1D
100
AcDbEntity
  8
0
100
AcDbCircle
 10
181.7589623945529
 20
312.5505631889394
 30
0.0
 40
0.1254933634008966
100
AcDbArc
 50
16.53036804096345
 51
44.99974354059275
  0
ARC
  5
672F
330
1D
100
AcDbEntity
  8
0
100
AcDbCircle
 10
181.7589631889394
 20
312.550562394553
 30
0.0
 40
0.125493363400932
100
AcDbArc
 50
45.00025645943476
 51
73.46963195906879
  0
ARC
  5
6730
330
1D
100
AcDbEntity
  8
0
100
AcDbCircle
 10
181.7207989071378
 20
312.4219809067535
 30
0.0
 40
0.2596190932487985
100
AcDbArc
 50
73.4690887586423
 51
89.99975881439558
  0
ARC
  5
6731
330
1D
100
AcDbEntity
  8
0
100
AcDbCircle
 10
181.7208010928621
 20
312.4219809067535
 30
0.0
 40
0.2596190932487994
100
AcDbArc
 50
90.00024118560444
 51
106.5309112413577
  0
ARC
  5
6732
330
1D
100
AcDbEntity
  8
0
100
AcDbCircle
 10
181.6826368110606
 20
312.550562394553
 30
0.0
 40
0.1254933634009349
100
AcDbArc
 50
106.5303680409312
 51
134.9997435405652
  0
ARC
  5
6733
330
1D
100
AcDbEntity
  8
0
100
AcDbCircle
 10
181.6826376054469
 20
312.5505631889394
 30
0.0
 40
0.1254933634009119
100
AcDbArc
 50
135.0002564594072
 51
163.4696319590365
  0
ARC
  5
6734
330
1D
100
AcDbEntity
  8
0
100
AcDbCircle
 10
181.8112190932465
 20
312.5123989071379
 30
0.0
 40
0.2596190932487823
100
AcDbArc
 50
163.4690887586543
 51
179.9997588144081
  0
ARC
  5
6735
330
1D
100
AcDbEntity
  8
0
100
AcDbCircle
 10
181.3312763605097
 20
312.5124009068486
 30
0.0
 40
0.2203236394921835
100
AcDbArc
 50
336.5702899678207
 51
359.9997641714564
  0
ARC
  5
6736
330
1D
100
AcDbEntity
  8
0
100
AcDbCircle
 10
181.4427003864436
 20
312.4641128673359
 30
0.0
 40
0.0988862140080386
100
AcDbArc
 50
293.963198036335
 51
336.5713241357081
  0
ARC
  5
6737
330
1D
100
AcDbEntity
  8
0
100
AcDbCircle
 10
181.3643700933749
 20
312.6403578234426
 30
0.0
 40
0.2917538353497393
100
AcDbArc
 50
273.200347837342
 51
293.9625859986149
  0
ARC
  5
6738
330
1D
100
AcDbEntity
  8
0
100
AcDbCircle
 10
181.1709047244653
 20
316.1007323823446
 30
0.0
 40
3.757532382347576
100
AcDbArc
 50
269.9999279601887
 51
273.2000330318074
  0
ARC
  5
6739
330
1D
100
AcDbEntity
  8
0
100
AcDbCircle
 10
181.1708952755346
 20
308.5856676176559
 30
0.0
 40
3.757532382347064
100
AcDbArc
 50
89.99992796018871
 51
93.20003303180746
  0
ARC
  5
673A
330
1D
100
AcDbEntity
  8
0
100
AcDbCircle
 10
180.9774299066251
 20
312.0460421765573
 30
0.0
 40
0.2917538353499112
100
AcDbArc
 50
93.20034783736238
 51
113.9625859986313
  0
ARC
  5
673B
330
1D
100
AcDbEntity
  8
0
100
AcDbCircle
 10
180.8990996135564
 20
312.2222871326641
 30
0.0
 40
0.0988862140080459
100
AcDbArc
 50
113.9631980363349
 51
156.5713241357081
  0
ARC
  5
673C
330
1D
100
AcDbEntity
  8
0
100
AcDbCircle
 10
181.0105236394902
 20
312.1739990931513
 30
0.0
 40
0.2203236394920696
100
AcDbArc
 50
156.5702899678254
 51
179.9997641714564
  0
ARC
  5
673D
330
1D
100
AcDbEntity
  8
0
100
AcDbCircle
 10
180.5564351901945
 20
312.1739994599115
 30
0.0
 40
0.233764809806074
100
AcDbArc
 50
338.3021948802694
 51
0.0001323757569974
  0
ARC
  5
673E
330
1D
100
AcDbEntity
  8
0
100
AcDbCircle
 10
180.6832408896567
 20
312.123543496771
 30
0.0
 40
0.0972895753056104
100
AcDbArc
 50
296.5649784638612
 51
338.301906709855
  0
ARC
  5
673F
330
1D
100
AcDbEntity
  8
0
100
AcDbCircle
 10
180.6166543493539
 20
312.256716155146
 30
0.0
 40
0.2461812281546264
100
AcDbArc
 50
273.9845823781822
 51
296.5650663885254
  0
ARC
  5
6740
330
1D
100
AcDbEntity
  8
0
100
AcDbCircle
 10
180.451796974412
 20
314.623360465959
 30
0.0
 40
2.618560465960785
100
AcDbArc
 50
270.0000662018001
 51
273.9847007160203
  0
ARC
  5
6741
330
1D
100
AcDbEntity
  8
0
100
AcDbCircle
 10
180.4517987799892
 20
308.9619380452016
 30
0.0
 40
3.042861954798655
100
AcDbArc
 50
89.99997702772281
 51
93.70073351651008
  0
ARC
  5
6742
330
1D
100
AcDbEntity
  8
0
100
AcDbCircle
 10
180.2674628266534
 20
311.8119151522928
 30
0.0
 40
0.1869296631233008
100
AcDbArc
 50
93.70086739558731
 51
122.0054928517559
  0
ARC
  5
6743
330
1D
100
AcDbEntity
  8
0
100
AcDbCircle
 10
180.2184364045139
 20
311.8903570626784
 30
0.0
 40
0.0944271043871791
100
AcDbArc
 50
122.0054828686742
 51
167.5241310936744
  0
ARC
  5
6744
330
1D
100
AcDbEntity
  8
0
100
AcDbCircle
 10
180.6571073249738
 20
311.7932975955521
 30
0.0
 40
0.5437073249791477
100
AcDbArc
 50
167.5238963546321
 51
179.9997466197202
  0
ARC
  5
6745
330
1D
100
AcDbEntity
  8
0
100
AcDbCircle
 10
179.5530928998943
 20
311.7932992115305
 30
0.0
 40
0.5603071001062722
100
AcDbArc
 50
349.7127771335005
 51
0.0000806271670994
  0
ARC
  5
6746
330
1D
100
AcDbEntity
  8
0
100
AcDbCircle
 10
179.9635669220103
 20
311.7187992853581
 30
0.0
 40
0.1431270888096039
100
AcDbArc
 50
321.3399344926373
 51
349.712269014794
  0
ARC
  5
6747
330
1D
100
AcDbEntity
  8
0
100
AcDbCircle
 10
179.991235276988
 20
311.6966626466261
 30
0.0
 40
0.1076930848156895
100
AcDbArc
 50
287.3348336872995
 51
321.3406619390098
  0
ARC
  5
6748
330
1D
100
AcDbEntity
  8
0
100
AcDbCircle
 10
179.9442004733435
 20
311.8473601502889
 30
0.0
 40
0.2655601502893521
100
AcDbArc
 50
269.9998978740286
 51
287.3342637289812
  0
ARC
  5
6749
330
1D
100
AcDbEntity
  8
0
100
AcDbCircle
 10
179.9441994599113
 20
311.3480351901947
 30
0.0
 40
0.2337648098060172
100
AcDbArc
 50
89.99986762421514
 51
111.6978051197008
  0
ARC
  5
674A
330
1D
100
AcDbEntity
  8
0
100
AcDbCircle
 10
179.893743496771
 20
311.4748408896568
 30
0.0
 40
0.0972895753055681
100
AcDbArc
 50
111.6980932901729
 51
153.4350215361836
  0
ARC
  5
674B
330
1D
100
AcDbEntity
  8
0
100
AcDbCircle
 10
180.026916155146
 20
311.4082543493538
 30
0.0
 40
0.2461812281546518
100
AcDbArc
 50
153.4349336114776
 51
176.0154176218182
  0
ARC
  5
674C
330
1D
100
AcDbEntity
  8
0
100
AcDbCircle
 10
182.3935604659586
 20
311.2433969744121
 30
0.0
 40
2.618560465960328
100
AcDbArc
 50
176.0152992839796
 51
179.9999337981999
  0
LINE
  5
674D
330
1D
100
AcDbEntity
  8
0
100
AcDbLine
 10
179.775
 20
311.2434
 30
0.0
 11
179.775
 21
310.905
 31
0.0
  0
LINE
  5
674E
330
1D
100
AcDbEntity
  8
0
100
AcDbLine
 10
179.775
 20
310.905
 30
0.0
 11
179.4366
 21
310.905
 31
0.0
  0
LINE
  5
674F
330
1D
100
AcDbEntity
  8
0
100
AcDbLine
 10
179.4366
 20
310.905
 30
0.0
 11
179.0982
 21
310.905
 31
0.0
  0
LINE
  5
6750
330
1D
100
AcDbEntity
  8
0
100
AcDbLine
 10
179.0982
 20
310.905
 30
0.0
 11
179.0982
 21
305.6175
 31
0.0
  0
ARC
  5
6751
330
1D
100
AcDbEntity
  8
0
100
AcDbCircle
 10
2233.846948615116
 20
305.6162293473708
 30
0.0
 40
2054.748748615509
100
AcDbArc
 50
179.9999645684014
 51
180.0971382046324
  0
ARC
  5
6752
330
1D
100
AcDbEntity
  8
0
100
AcDbCircle
 10
216.095529217792
 20
302.1953187949561
 30
0.0
 40
36.99442930188372
100
AcDbArc
 50
180.0970625533347
 51
181.8328622983113
  0
ARC
  5
6753
330
1D
100
AcDbEntity
  8
0
100
AcDbCircle
 10
188.3289877207294
 20
301.3067737823427
 30
0.0
 40
9.213674471472018
100
AcDbArc
 50
181.8328335347003
 51
185.4588954160344
  0
ARC
  5
6754
330
1D
100
AcDbEntity
  8
0
100
AcDbCircle
 10
179.2674000520463
 20
300.4408025479514
 30
0.0
 40
0.1108025479514852
100
AcDbArc
 50
185.4587510182111
 51
269.9999730869369
  0
ARC
  5
6755
330
1D
100
AcDbEntity
  8
0
100
AcDbCircle
 10
183.6638856615501
 20
360.9144766669355
 30
0.0
 40
60.74378897614689
100
AcDbArc
 50
265.8494435812412
 51
272.7008776155515
  0
ARC
  5
6786
330
1D
100
AcDbEntity
  8
0
100
AcDbCircle
 10
186.2510376054469
 20
300.1989631889394
 30
0.0
 40
0.1254933634008804
100
AcDbArc
 50
135.0002564594256
 51
163.4696319590614
  0
ARC
  5
6787
330
1D
100
AcDbEntity
  8
0
100
AcDbCircle
 10
186.2510368110607
 20
300.1989623945529
 30
0.0
 40
0.1254933634010124
100
AcDbArc
 50
106.5303680409735
 51
134.9997435406019
  0
ARC
  5
6788
330
1D
100
AcDbEntity
  8
0
100
AcDbCircle
 10
186.2892010928619
 20
300.0703809067535
 30
0.0
 40
0.2596190932487419
100
AcDbArc
 50
90.00024118556051
 51
106.5309112413156
  0
ARC
  5
6789
330
1D
100
AcDbEntity
  8
0
100
AcDbCircle
 10
186.2892005400885
 20
300.5637648098055
 30
0.0
 40
0.2337648098061309
100
AcDbArc
 50
269.99986762425
 51
291.6978051197345
  0
ARC
  5
678A
330
1D
100
AcDbEntity
  8
0
100
AcDbCircle
 10
186.339656503229
 20
300.4369591103432
 30
0.0
 40
0.0972895753055576
100
AcDbArc
 50
291.6980932901574
 51
333.4350215361388
  0
ARC
  5
678C
330
1D
100
AcDbEntity
  8
0
100
AcDbCircle
 10
183.8398395340414
 20
300.6684030255883
 30
0.0
 40
2.618560465960328
100
AcDbArc
 50
356.0152992839709
 51
359.9999337981913
  0
ARC
  5
678D
330
1D
100
AcDbEntity
  8
0
100
AcDbCircle
 10
183.8398395340422
 20
300.6683969744117
 30
0.0
 40
2.618560465959531
100
AcDbArc
 50
0.0000662018087865
 51
3.984700716029099
  0
ARC
  5
678E
330
1D
100
AcDbEntity
  8
0
100
AcDbCircle
 10
186.2064838448538
 20
300.8332543493539
 30
0.0
 40
0.246181228154788
100
AcDbArc
 50
3.984582378166249
 51
26.56506638850757
  0
ARC
  5
678F
330
1D
100
AcDbEntity
  8
0
100
AcDbCircle
 10
186.339656503229
 20
300.8998408896569
 30
0.0
 40
0.0972895753056041
100
AcDbArc
 50
26.56497846384628
 51
68.30190670982386
  0
ARC
  5
6791
330
1D
100
AcDbEntity
  8
0
100
AcDbCircle
 10
186.2891995266564
 20
301.2723601502888
 30
0.0
 40
0.2655601502892422
100
AcDbArc
 50
252.6657362710115
 51
270.0001021259654
  0
ARC
  5
6792
330
1D
100
AcDbEntity
  8
0
100
AcDbCircle
 10
186.2421630878831
 20
301.1216621466261
 30
0.0
 40
0.1076921203397702
100
AcDbArc
 50
218.660089229775
 51
252.6659174814849
  0
ARC
  5
6793
330
1D
100
AcDbEntity
  8
0
100
AcDbCircle
 10
186.2698350559782
 20
301.1437987853581
 30
0.0
 40
0.1431289457053813
100
AcDbArc
 50
190.2873926387484
 51
218.6597271609099
  0
ARC
  5
6794
330
1D
100
AcDbEntity
  8
0
100
AcDbCircle
 10
186.680307100106
 20
301.2182992115304
 30
0.0
 40
0.5603071001065933
100
AcDbArc
 50
179.9999193728212
 51
190.2872228664875
  0
ARC
  5
6795
330
1D
100
AcDbEntity
  8
0
100
AcDbCircle
 10
186.680307100106
 20
301.2183007884696
 30
0.0
 40
0.5603071001065848
100
AcDbArc
 50
169.7127771335125
 51
180.0000806271786
  0
ARC
  5
6796
330
1D
100
AcDbEntity
  8
0
100
AcDbCircle
 10
186.2698350559782
 20
301.2928012146419
 30
0.0
 40
0.1431289457053984
100
AcDbArc
 50
141.3402728390901
 51
169.7126073612515
  0
ARC
  5
6797
330
1D
100
AcDbEntity
  8
0
100
AcDbCircle
 10
186.2421630878832
 20
301.314937853374
 30
0.0
 40
0.1076921203397909
100
AcDbArc
 50
107.3340825185584
 51
141.3399107702769
  0
ARC
  5
6798
330
1D
100
AcDbEntity
  8
0
100
AcDbCircle
 10
186.2891995266562
 20
301.1642398497112
 30
0.0
 40
0.2655601502891843
100
AcDbArc
 50
89.9998978739917
 51
107.3342637289475
  0
ARC
  5
6799
330
1D
100
AcDbEntity
  8
0
100
AcDbCircle
 10
186.2892000056467
 20
301.5391123065267
 30
0.0
 40
0.1093123065266469
100
AcDbArc
 50
269.9999970402899
 51
331.6138664319479
  0
ARC
  5
679A
330
1D
100
AcDbEntity
  8
0
100
AcDbCircle
 10
186.0041229394171
 20
301.6931657063991
 30
0.0
 40
0.4333514765378951
100
AcDbArc
 50
331.6136388232576
 51
353.8297862004071
  0
ARC
  5
679B
330
1D
100
AcDbEntity
  8
0
100
AcDbCircle
 10
182.9827453857193
 20
302.0197956833824
 30
0.0
 40
3.472333125683825
100
AcDbArc
 50
353.8299092234709
 51
359.6098276623812
  0
ARC
  5
679C
330
1D
100
AcDbEntity
  8
0
100
AcDbCircle
 10
39.84085880384117
 20
302.9949363525413
 30
0.0
 40
146.6175411961633
100
AcDbArc
 50
359.6096873212832
 51
359.9999857940109
  0
ARC
  5
679D
330
1D
100
AcDbEntity
  8
0
100
AcDbCircle
 10
39.84085880383285
 20
302.9948636474587
 30
0.0
 40
146.6175411961716
100
AcDbArc
 50
0.0000142059890766
 51
0.3903126787167708
  0
ARC
  5
679E
330
1D
100
AcDbEntity
  8
0
100
AcDbCircle
 10
182.9827453857193
 20
303.9700043166176
 30
0.0
 40
3.472333125683828
100
AcDbArc
 50
0.3901723376188148
 51
6.170090776529133
  0
ARC
  5
679F
330
1D
100
AcDbEntity
  8
0
100
AcDbCircle
 10
186.0041229394171
 20
304.2966342936009
 30
0.0
 40
0.4333514765379016
100
AcDbArc
 50
6.170213799592912
 51
28.38636117674242
  0
ARC
  5
67A0
330
1D
100
AcDbEntity
  8
0
100
AcDbCircle
 10
186.2892000056467
 20
304.4506876934733
 30
0.0
 40
0.1093123065265984
100
AcDbArc
 50
28.38613356802585
 51
90.00000295971011
  0
ARC
  5
67A1
330
1D
100
AcDbEntity
  8
0
100
AcDbCircle
 10
186.2892010928621
 20
304.8196190932464
 30
0.0
 40
0.2596190932487426
100
AcDbArc
 50
253.4690887586387
 51
269.9997588143956
  0
ARC
  5
67A2
330
1D
100
AcDbEntity
  8
0
100
AcDbCircle
 10
186.2510368110606
 20
304.691037605447
 30
0.0
 40
0.1254933634009349
100
AcDbArc
 50
225.0002564594347
 51
253.4696319590688
  0
ARC
  5
67A3
330
1D
100
AcDbEntity
  8
0
100
AcDbCircle
 10
186.2510376054469
 20
304.6910368110606
 30
0.0
 40
0.1254933634008717
100
AcDbArc
 50
196.5303680409386
 51
224.9997435405744
  0
ARC
  5
67A4
330
1D
100
AcDbEntity
  8
0
100
AcDbCircle
 10
186.3796190932465
 20
304.729201092862
 30
0.0
 40
0.2596190932487661
100
AcDbArc
 50
180.0002411855793
 51
196.5309112413335
  0
ARC
  5
67A5
330
1D
100
AcDbEntity
  8
0
100
AcDbCircle
 10
186.3796190932465
 20
304.729198907138
 30
0.0
 40
0.259619093248771
100
AcDbArc
 50
163.4690887586663
 51
179.9997588144207
  0
ARC
  5
67A6
330
1D
100
AcDbEntity
  8
0
100
AcDbCircle
 10
186.2510376054471
 20
304.7673631889394
 30
0.0
 40
0.1254933634009894
100
AcDbArc
 50
135.0002564594439
 51
163.4696319590762
  0
ARC
  5
67A7
330
1D
100
AcDbEntity
  8
0
100
AcDbCircle
 10
186.2510368110606
 20
304.767362394553
 30
0.0
 40
0.125493363400932
100
AcDbArc
 50
106.5303680409312
 51
134.9997435405652
  0
ARC
  5
67A8
330
1D
100
AcDbEntity
  8
0
100
AcDbCircle
 10
186.2892010928619
 20
304.6387809067535
 30
0.0
 40
0.2596190932487419
100
AcDbArc
 50
90.00024118556051
 51
106.5309112413156
  0
ARC
  5
67A9
330
1D
100
AcDbEntity
  8
0
100
AcDbCircle
 10
186.2891989071378
 20
305.1580190932464
 30
0.0
 40
0.2596190932487426
100
AcDbArc
 50
270.0002411856044
 51
286.5309112413612
  0
ARC
  5
67AA
330
1D
100
AcDbEntity
  8
0
100
AcDbCircle
 10
186.3273631889394
 20
305.029437605447
 30
0.0
 40
0.1254933634009349
100
AcDbArc
 50
286.5303680409312
 51
314.9997435405652
  0
ARC
  5
67AB
330
1D
100
AcDbEntity
  8
0
100
AcDbCircle
 10
186.3273623945529
 20
305.0294368110606
 30
0.0
 40
0.1254933634009923
100
AcDbArc
 50
315.000256459444
 51
343.4696319590762
  0
ARC
  5
67AC
330
1D
100
AcDbEntity
  8
0
100
AcDbCircle
 10
186.1987809067535
 20
305.0676010928622
 30
0.0
 40
0.2596190932488147
100
AcDbArc
 50
343.4690887586303
 51
359.999758814383
  0
ARC
  5
67AD
330
1D
100
AcDbEntity
  8
0
100
AcDbCircle
 10
186.6921648098053
 20
305.0676005400886
 30
0.0
 40
0.2337648098059319
100
AcDbArc
 50
158.3021948802695
 51
180.000132375757
  0
ARC
  5
67AE
330
1D
100
AcDbEntity
  8
0
100
AcDbCircle
 10
186.5653591103431
 20
305.118056503229
 30
0.0
 40
0.0972895753056104
100
AcDbArc
 50
116.5649784638612
 51
158.3019067098549
  0
ARC
  5
67AF
330
1D
100
AcDbEntity
  8
0
100
AcDbCircle
 10
186.6319456506461
 20
304.984883844854
 30
0.0
 40
0.2461812281546264
100
AcDbArc
 50
93.98458237818219
 51
116.5650663885253
  0
ARC
  5
67B0
330
1D
100
AcDbEntity
  8
0
100
AcDbCircle
 10
186.7968030255878
 20
302.6182395340414
 30
0.0
 40
2.618560465960328
100
AcDbArc
 50
90.00006620180007
 51
93.98470071602041
  0
ARC
  5
67B1
330
1D
100
AcDbEntity
  8
0
100
AcDbCircle
 10
186.796796974412
 20
302.6182395340411
 30
0.0
 40
2.618560465960726
100
AcDbArc
 50
86.0152992839802
 51
89.99993379820054
  0
ARC
  5
67B2
330
1D
100
AcDbEntity
  8
0
100
AcDbCircle
 10
186.9616543493538
 20
304.984883844854
 30
0.0
 40
0.2461812281546219
100
AcDbArc
 50
63.43493361147467
 51
86.0154176218178
  0
ARC
  5
67B3
330
1D
100
AcDbEntity
  8
0
100
AcDbCircle
 10
187.0282408896567
 20
305.118056503229
 30
0.0
 40
0.0972895753056295
100
AcDbArc
 50
21.69809329013885
 51
63.43502153612379
  0
ARC
  5
67B4
330
1D
100
AcDbEntity
  8
0
100
AcDbCircle
 10
186.9014351901945
 20
305.0676005400886
 30
0.0
 40
0.2337648098059646
100
AcDbArc
 50
359.999867624243
 51
21.69780511972792
  0
ARC
  5
67B5
330
1D
100
AcDbEntity
  8
0
100
AcDbCircle
 10
187.400760150289
 20
305.0675995266563
 30
0.0
 40
0.2655601502894411
100
AcDbArc
 50
179.9998978740162
 51
197.3342637289699
  0
ARC
  5
67B6
330
1D
100
AcDbEntity
  8
0
100
AcDbCircle
 10
187.2500621466259
 20
305.0205630878831
 30
0.0
 40
0.1076921203396616
100
AcDbArc
 50
197.3340825185331
 51
231.3399107702533
  0
ARC
  5
67B7
330
1D
100
AcDbEntity
  8
0
100
AcDbCircle
 10
187.2721987853582
 20
305.0482350559783
 30
0.0
 40
0.1431289457054878
100
AcDbArc
 50
231.3402728390367
 51
259.7126073611996
  0
ARC
  5
67B8
330
1D
100
AcDbEntity
  8
0
100
AcDbCircle
 10
187.3466992115304
 20
305.4587071001059
 30
0.0
 40
0.5603071001064432
100
AcDbArc
 50
259.7127771335157
 51
270.0000806271816
  0
ARC
  5
67B9
330
1D
100
AcDbEntity
  8
0
100
AcDbCircle
 10
187.3467007884696
 20
305.4587071001059
 30
0.0
 40
0.5603071001064427
100
AcDbArc
 50
269.9999193728184
 51
280.2872228664843
  0
ARC
  5
67BA
330
1D
100
AcDbEntity
  8
0
100
AcDbCircle
 10
187.4212012146417
 20
305.0482350559783
 30
0.0
 40
0.1431289457054796
100
AcDbArc
 50
280.2873926388004
 51
308.6597271609633
  0
ARC
  5
67BB
330
1D
100
AcDbEntity
  8
0
100
AcDbCircle
 10
187.4433378533739
 20
305.0205630878831
 30
0.0
 40
0.1076921203396445
100
AcDbArc
 50
308.6600892297466
 51
342.6659174814669
  0
ARC
  5
67BC
330
1D
100
AcDbEntity
  8
0
100
AcDbCircle
 10
187.292639849711
 20
305.0675995266563
 30
0.0
 40
0.2655601502894251
100
AcDbArc
 50
342.6657362710301
 51
0.0001021259837792
  0
ARC
  5
67BD
330
1D
100
AcDbEntity
  8
0
100
AcDbCircle
 10
187.6658268457851
 20
305.067600026477
 30
0.0
 40
0.1076268457850948
100
AcDbArc
 50
98.80671372314353
 51
180.0000140951458
  0
ARC
  5
67BE
330
1D
100
AcDbEntity
  8
0
100
AcDbCircle
 10
188.2258623196783
 20
301.4527797101099
 30
0.0
 40
3.765572396451438
100
AcDbArc
 50
92.51672831256369
 51
98.80668352419913
  0
ARC
  5
67BF
330
1D
100
AcDbEntity
  8
0
100
AcDbCircle
 10
188.93069899202
 20
285.4179541523787
 30
0.0
 40
19.81588159599836
100
AcDbArc
 50
90.13712219519822
 51
92.51687416131279
  0
ARC
  5
67C0
330
1D
100
AcDbEntity
  8
0
100
AcDbCircle
 10
191.4083469145769
 20
-750.0423431618076
 30
0.0
 40
1055.279143162147
100
AcDbArc
 50
90.00004598274419
 51
90.13709747100277
  0
ARC
  5
67C1
330
1D
100
AcDbEntity
  8
0
100
AcDbCircle
 10
191.406653085423
 20
-750.0423431618076
 30
0.0
 40
1055.279143162147
100
AcDbArc
 50
89.86290252899726
 51
89.99995401725582
  0
ARC
  5
67C2
330
1D
100
AcDbEntity
  8
0
100
AcDbCircle
 10
193.88430050798
 20
285.4179782252828
 30
0.0
 40
19.81585752435985
100
AcDbArc
 50
87.48312422640609
 51
89.86287619252067
  0
ARC
  5
67C3
330
1D
100
AcDbEntity
  8
0
100
AcDbCircle
 10
194.5891371803217
 20
301.4527706101684
 30
0.0
 40
3.765581465659941
100
AcDbArc
 50
81.19333015628393
 51
87.48328536791936
  0
ARC
  5
67C4
330
1D
100
AcDbEntity
  8
0
100
AcDbCircle
 10
195.1491731542149
 20
305.067600026477
 30
0.0
 40
0.1076268457851119
100
AcDbArc
 50
359.9999859048542
 51
81.19328627685645
  0
ARC
  5
67C5
330
1D
100
AcDbEntity
  8
0
100
AcDbCircle
 10
195.3903711535143
 20
305.0675999627391
 30
0.0
 40
0.1335711535143441
100
AcDbArc
 50
179.9999840168084
 51
223.8205672158779
  0
ARC
  5
67C6
330
1D
100
AcDbEntity
  8
0
100
AcDbCircle
 10
195.4222462255603
 20
305.0981888898878
 30
0.0
 40
0.1777492327170088
100
AcDbArc
 50
223.8205346887788
 51
259.2156391464722
  0
LINE
  5
6832
330
1D
100
AcDbEntity
  8
0
100
AcDbLine
 10
196.4847223285126
 20
304.9326551678662
 30
0.0
 11
202.3632
 21
298.4265
 31
0.0
  0
ARC
  5
6833
330
1D
100
AcDbEntity
  8
0
100
AcDbCircle
 10
240.4109195737992
 20
298.4264488330875
 30
0.0
 40
38.04771957383365
100
AcDbArc
 50
179.9999229481249
 51
180.8238327081252
  0
ARC
  5
6834
330
1D
100
AcDbEntity
  8
0
100
AcDbCircle
 10
203.577010523008
 20
297.8967971547685
 30
0.0
 40
1.210002667629581
100
AcDbArc
 50
180.8240514048249
 51
190.7844909247556
  0
ARC
  5
6835
330
1D
100
AcDbEntity
  8
0
100
AcDbCircle
 10
202.5629888898877
 20
297.7036462255604
 30
0.0
 40
0.1777492327169969
100
AcDbArc
 50
190.7843608535278
 51
226.1794653112082
  0
ARC
  5
6836
330
1D
100
AcDbEntity
  8
0
100
AcDbCircle
 10
202.5323999627391
 20
297.6717711535144
 30
0.0
 40
0.1335711535143208
100
AcDbArc
 50
226.1794327841136
 51
270.0000159831916
  0
ARC
  5
6837
330
1D
100
AcDbEntity
  8
0
100
AcDbCircle
 10
202.5323997932387
 20
297.4152450769351
 30
0.0
 40
0.1229549230650979
100
AcDbArc
 50
0.501841926225456
 51
89.99990365128352
  0
ARC
  5
6838
330
1D
100
AcDbEntity
  8
0
100
AcDbCircle
 10
-1067.111110463107
 20
286.2932752058853
 30
0.0
 40
1269.815178003079
100
AcDbArc
 50
0.3504033258467901
 51
0.5018933448163256
  0
ARC
  5
6839
330
1D
100
AcDbEntity
  8
0
100
AcDbCircle
 10
-787.1856769425447
 20
288.004540432213
 30
0.0
 40
989.8845138025807
100
AcDbArc
 50
0.0174406458058724
 51
0.3504434819898438
  0
ARC
  5
683A
330
1D
100
AcDbEntity
  8
0
100
AcDbCircle
 10
-60428.41129639987
 20
269.8497974743796
 30
0.0
 40
60631.11289640471
100
AcDbArc
 50
0.0000228711383539
 51
0.0174407880767957
  0
ARC
  5
683B
330
1D
100
AcDbEntity
  8
0
100
AcDbCircle
 10
-60428.41129640008
 20
269.8982025256204
 30
0.0
 40
60631.11289640491
100
AcDbArc
 50
359.9825592119232
 51
359.9999771288616
  0
ARC
  5
683C
330
1D
100
AcDbEntity
  8
0
100
AcDbCircle
 10
-787.1856769425398
 20
251.7434595677869
 30
0.0
 40
989.8845138025759
100
AcDbArc
 50
359.6495565180102
 51
359.9825593541941
  0
ARC
  5
683D
330
1D
100
AcDbEntity
  8
0
100
AcDbCircle
 10
-1067.111110463107
 20
253.4547247941147
 30
0.0
 40
1269.815178003079
100
AcDbArc
 50
359.4981066551838
 51
359.6495966741532
  0
ARC
  5
683E
330
1D
100
AcDbEntity
  8
0
100
AcDbCircle
 10
202.5323997932387
 20
242.3327549230648
 30
0.0
 40
0.1229549230650455
100
AcDbArc
 50
270.0000963487165
 51
359.4981580738011
  0
ARC
  5
683F
330
1D
100
AcDbEntity
  8
0
100
AcDbCircle
 10
202.5323995266564
 20
241.9442398497112
 30
0.0
 40
0.2655601502892137
100
AcDbArc
 50
89.99989787401622
 51
107.3342637289709
  0
ARC
  5
6840
330
1D
100
AcDbEntity
  8
0
100
AcDbCircle
 10
202.4853647230119
 20
242.0949373533739
 30
0.0
 40
0.107693084815728
100
AcDbArc
 50
107.334833687295
 51
141.3406619390074
  0
ARC
  5
6841
330
1D
100
AcDbEntity
  8
0
100
AcDbCircle
 10
202.5130330779897
 20
242.072800714642
 30
0.0
 40
0.1431270888095742
100
AcDbArc
 50
141.3399344926302
 51
169.7122690147919
  0
ARC
  5
6842
330
1D
100
AcDbEntity
  8
0
100
AcDbCircle
 10
202.9235071001059
 20
241.9983007884697
 30
0.0
 40
0.5603071001064102
100
AcDbArc
 50
169.7127771335179
 51
180.0000806271844
  0
LINE
  5
6843
330
1D
100
AcDbEntity
  8
0
100
AcDbLine
 10
202.3632
 20
241.9983
 30
0.0
 11
202.3632
 21
241.7868
 31
0.0
  0
LINE
  5
6844
330
1D
100
AcDbEntity
  8
0
100
AcDbLine
 10
202.3632
 20
241.7868
 30
0.0
 11
158.1174
 21
241.7868
 31
0.0
  0
LINE
  5
6845
330
1D
100
AcDbEntity
  8
0
100
AcDbLine
 10
158.1174
 20
241.7868
 30
0.0
 11
113.8716
 21
241.7868
 31
0.0
  0
LINE
  5
6846
330
1D
100
AcDbEntity
  8
0
100
AcDbLine
 10
113.8716
 20
241.7868
 30
0.0
 11
113.8716
 21
241.9983
 31
0.0
  0
ARC
  5
6847
330
1D
100
AcDbEntity
  8
0
100
AcDbCircle
 10
113.3112928998941
 20
241.9983007884696
 30
0.0
 40
0.5603071001064285
100
AcDbArc
 50
359.9999193728242
 51
10.28722286649061
  0
ARC
  5
6848
330
1D
100
AcDbEntity
  8
0
100
AcDbCircle
 10
113.7217669220103
 20
242.072800714642
 30
0.0
 40
0.1431270888095899
100
AcDbArc
 50
10.28773098520706
 51
38.66006550736624
  0
ARC
  5
6849
330
1D
100
AcDbEntity
  8
0
100
AcDbCircle
 10
113.749435276988
 20
242.094937353374
 30
0.0
 40
0.1076930848157006
100
AcDbArc
 50
38.65933806098544
 51
72.66516631270047
  0
ARC
  5
684A
330
1D
100
AcDbEntity
  8
0
100
AcDbCircle
 10
113.7024004733436
 20
241.944239849711
 30
0.0
 40
0.2655601502892682
100
AcDbArc
 50
72.66573627103563
 51
90.00010212598992
  0
ARC
  5
684B
330
1D
100
AcDbEntity
  8
0
100
AcDbCircle
 10
113.702400261283
 20
242.3308455924783
 30
0.0
 40
0.1210455924786209
100
AcDbArc
 50
180.8816752236077
 51
269.9998763241549
  0
ARC
  5
684C
330
1D
100
AcDbEntity
  8
0
100
AcDbCircle
 10
471.2309450638256
 20
247.834362138237
 30
0.0
 40
357.6919463142691
100
AcDbArc
 50
180.5342264496566
 51
180.8818969730453
  0
ARC
  5
684D
330
1D
100
AcDbEntity
  8
0
100
AcDbCircle
 10
540.690325099883
 20
248.4819218282219
 30
0.0
 40
427.1543448370476
100
AcDbArc
 50
180.0268025676809
 51
180.5342131619754
  0
ARC
  5
684E
330
1D
100
AcDbEntity
  8
0
100
AcDbCircle
 10
25913.52998681953
 20
260.3598992079311
 30
0.0
 40
25799.99678681976
100
AcDbArc
 50
180.0000075488485
 51
180.0268219735383
  0
LINE
  5
684F
330
1D
100
AcDbEntity
  8
0
100
AcDbLine
 10
113.5332
 20
260.3565
 30
0.0
 11
113.5332
 21
278.5032
 31
0.0
  0
LINE
  5
6850
330
1D
100
AcDbEntity
  8
0
100
AcDbLine
 10
113.5332
 20
278.5032
 30
0.0
 11
115.6482
 21
278.5032
 31
0.0
  0
ARC
  5
6851
330
1D
100
AcDbEntity
  8
0
100
AcDbCircle
 10
115.6483674843148
 20
-10.15587289589683
 30
0.0
 40
288.6590728959454
100
AcDbArc
 50
89.72890974169105
 51
90.0000332438689
  0
ARC
  5
6852
330
1D
100
AcDbEntity
  8
0
100
AcDbCircle
 10
116.9848900487115
 20
272.3206134529859
 30
0.0
 40
6.179424721823735
100
AcDbArc
 50
85.42602894589885
 51
89.72889470576019
  0
ARC
  5
6853
330
1D
100
AcDbEntity
  8
0
100
AcDbCircle
 10
117.4122745824142
 20
277.6628269984914
 30
0.0
 40
0.8201427638210558
100
AcDbArc
 50
69.91477304261433
 51
85.42622237142781
  0
ARC
  5
6854
330
1D
100
AcDbEntity
  8
0
100
AcDbCircle
 10
117.6576922933877
 20
278.3340001595568
 30
0.0
 40
0.1055077066124135
100
AcDbArc
 50
359.9999133529808
 51
69.91447894439378
  0
ARC
  5
6855
330
1D
100
AcDbEntity
  8
0
100
AcDbCircle
 10
118.0228190932465
 20
278.3340010928621
 30
0.0
 40
0.2596190932487852
100
AcDbArc
 50
180.0002411856044
 51
196.5309112413577
  0
ARC
  5
6856
330
1D
100
AcDbEntity
  8
0
100
AcDbCircle
 10
117.8942376054469
 20
278.2958368110607
 30
0.0
 40
0.1254933634008966
100
AcDbArc
 50
196.5303680409634
 51
224.9997435405927
  0
ARC
  5
6857
330
1D
100
AcDbEntity
  8
0
100
AcDbCircle
 10
117.8942368110607
 20
278.295837605447
 30
0.0
 40
0.1254933634009722
100
AcDbArc
 50
225.0002564593797
 51
253.4696319590191
  0
ARC
  5
6858
330
1D
100
AcDbEntity
  8
0
100
AcDbCircle
 10
117.9324010928619
 20
278.4244190932465
 30
0.0
 40
0.2596190932487419
100
AcDbArc
 50
253.4690887586844
 51
269.9997588144395
  0
ARC
  5
6859
330
1D
100
AcDbEntity
  8
0
100
AcDbCircle
 10
117.932398907138
 20
278.4244190932465
 30
0.0
 40
0.2596190932487426
100
AcDbArc
 50
270.0002411855605
 51
286.5309112413127
  0
ARC
  5
685A
330
1D
100
AcDbEntity
  8
0
100
AcDbCircle
 10
117.9705631889392
 20
278.295837605447
 30
0.0
 40
0.1254933634009673
100
AcDbArc
 50
286.5303680409809
 51
314.9997435406203
  0
ARC
  5
685B
330
1D
100
AcDbEntity
  8
0
100
AcDbCircle
 10
117.970562394553
 20
278.2958368110607
 30
0.0
 40
0.1254933634009019
100
AcDbArc
 50
315.0002564594027
 51
343.4696319590366
  0
ARC
  5
685C
330
1D
100
AcDbEntity
  8
0
100
AcDbCircle
 10
117.8419809067535
 20
278.3340010928621
 30
0.0
 40
0.2596190932487985
100
AcDbArc
 50
343.4690887586423
 51
359.9997588143956
  0
ARC
  5
685D
330
1D
100
AcDbEntity
  8
0
100
AcDbCircle
 10
118.3353648098053
 20
278.3340005400885
 30
0.0
 40
0.2337648098059461
100
AcDbArc
 50
158.3021948802708
 51
180.000132375757
  0
ARC
  5
685E
330
1D
100
AcDbEntity
  8
0
100
AcDbCircle
 10
118.2085591103432
 20
278.384456503229
 30
0.0
 40
0.0972895753056236
100
AcDbArc
 50
116.5649784638687
 51
158.301906709858
  0
ARC
  5
685F
330
1D
100
AcDbEntity
  8
0
100
AcDbCircle
 10
118.2751456506461
 20
278.251283844854
 30
0.0
 40
0.2461812281546836
100
AcDbArc
 50
93.98458237818131
 51
116.5650663885223
  0
ARC
  5
6860
330
1D
100
AcDbEntity
  8
0
100
AcDbCircle
 10
118.4400030255879
 20
275.8846395340414
 30
0.0
 40
2.618560465960328
100
AcDbArc
 50
90.00006620179979
 51
93.98470071602012
  0
ARC
  5
6861
330
1D
100
AcDbEntity
  8
0
100
AcDbCircle
 10
118.4399969744121
 20
275.8846395340412
 30
0.0
 40
2.618560465960499
100
AcDbArc
 50
86.01529928397983
 51
89.99993379820024
  0
ARC
  5
6862
330
1D
100
AcDbEntity
  8
0
100
AcDbCircle
 10
118.6048543493538
 20
278.251283844854
 30
0.0
 40
0.2461812281546219
100
AcDbArc
 50
63.43493361147467
 51
86.0154176218178
  0
ARC
  5
6863
330
1D
100
AcDbEntity
  8
0
100
AcDbCircle
 10
118.6714408896567
 20
278.384456503229
 30
0.0
 40
0.0972895753056232
100
AcDbArc
 50
21.69809329013885
 51
63.43502153613129
  0
ARC
  5
6864
330
1D
100
AcDbEntity
  8
0
100
AcDbCircle
 10
118.5446351901947
 20
278.3340005400885
 30
0.0
 40
0.2337648098059514
100
AcDbArc
 50
359.999867624243
 51
21.69780511972922
  0
ARC
  5
6865
330
1D
100
AcDbEntity
  8
0
100
AcDbCircle
 10
119.0380190932465
 20
278.3340010928621
 30
0.0
 40
0.2596190932487994
100
AcDbArc
 50
180.0002411856044
 51
196.5309112413568
  0
ARC
  5
6866
330
1D
100
AcDbEntity
  8
0
100
AcDbCircle
 10
118.9094376054469
 20
278.2958368110607
 30
0.0
 40
0.1254933634008966
100
AcDbArc
 50
196.5303680409634
 51
224.9997435405927
  0
ARC
  5
6867
330
1D
100
AcDbEntity
  8
0
100
AcDbCircle
 10
118.9094368110607
 20
278.295837605447
 30
0.0
 40
0.1254933634009722
100
AcDbArc
 50
225.0002564593797
 51
253.4696319590191
  0
ARC
  5
6868
330
1D
100
AcDbEntity
  8
0
100
AcDbCircle
 10
118.9476010928619
 20
278.4244190932465
 30
0.0
 40
0.2596190932487378
100
AcDbArc
 50
253.4690887586874
 51
269.9997588144395
  0
ARC
  5
6869
330
1D
100
AcDbEntity
  8
0
100
AcDbCircle
 10
118.947598907138
 20
278.4244190932465
 30
0.0
 40
0.2596190932487426
100
AcDbArc
 50
270.0002411855605
 51
286.5309112413156
  0
ARC
  5
686A
330
1D
100
AcDbEntity
  8
0
100
AcDbCircle
 10
118.9857631889392
 20
278.295837605447
 30
0.0
 40
0.1254933634009673
100
AcDbArc
 50
286.5303680409809
 51
314.9997435406203
  0
ARC
  5
686B
330
1D
100
AcDbEntity
  8
0
100
AcDbCircle
 10
118.985762394553
 20
278.2958368110607
 30
0.0
 40
0.1254933634009119
100
AcDbArc
 50
315.0002564594073
 51
343.4696319590366
  0
ARC
  5
686C
330
1D
100
AcDbEntity
  8
0
100
AcDbCircle
 10
118.8571809067535
 20
278.3340010928621
 30
0.0
 40
0.2596190932487985
100
AcDbArc
 50
343.4690887586423
 51
359.9997588143956
  0
ARC
  5
686D
330
1D
100
AcDbEntity
  8
0
100
AcDbCircle
 10
119.2257073930263
 20
278.3339998743543
 30
0.0
 40
0.1089073930263865
100
AcDbArc
 50
97.21467689294486
 51
179.9999338982446
  0
ARC
  5
686E
330
1D
100
AcDbEntity
  8
0
100
AcDbCircle
 10
119.89767521516
 20
273.0258028167643
 30
0.0
 40
5.4594678081782
100
AcDbArc
 50
92.20260679778153
 51
97.21472992732786
  0
ARC
  5
686F
330
1D
100
AcDbEntity
  8
0
100
AcDbCircle
 10
120.6777300160077
 20
252.7442554538904
 30
0.0
 40
25.756010590751
100
AcDbArc
 50
90.11845569185354
 51
92.20258951548522
  0
ARC
  5
6870
330
1D
100
AcDbEntity
  8
0
100
AcDbCircle
 10
123.5155979473341
 20
-1119.71794011353
 30
0.0
 40
1398.221140113588
100
AcDbArc
 50
89.9999835248372
 51
90.11847118631342
  0
ARC
  5
6871
330
1D
100
AcDbEntity
  8
0
100
AcDbCircle
 10
123.5164020526659
 20
-1119.717940113523
 30
0.0
 40
1398.221140113581
100
AcDbArc
 50
89.88152881368653
 51
90.00001647516279
  0
ARC
  5
6872
330
1D
100
AcDbEntity
  8
0
100
AcDbCircle
 10
126.3542699839923
 20
252.7442554538904
 30
0.0
 40
25.756010590751
100
AcDbArc
 50
87.79741048451477
 51
89.88154430814645
  0
ARC
  5
6873
330
1D
100
AcDbEntity
  8
0
100
AcDbCircle
 10
127.1343247848399
 20
273.0258028167643
 30
0.0
 40
5.4594678081782
100
AcDbArc
 50
82.78527007267213
 51
87.79739320221848
  0
ARC
  5
6874
330
1D
100
AcDbEntity
  8
0
100
AcDbCircle
 10
127.8062926069736
 20
278.3339998743543
 30
0.0
 40
0.1089073930263616
100
AcDbArc
 50
0.0000661017553941
 51
82.7853231070477
  0
ARC
  5
6875
330
1D
100
AcDbEntity
  8
0
100
AcDbCircle
 10
128.0237186170253
 20
278.3340001729613
 30
0.0
 40
0.1085186170254204
100
AcDbArc
 50
180.0000913202875
 51
262.3476168743799
  0
ARC
  5
6876
330
1D
100
AcDbEntity
  8
0
100
AcDbCircle
 10
128.6605845144324
 20
283.0739553828002
 30
0.0
 40
4.891067473289923
100
AcDbArc
 50
262.3475052888603
 51
267.7094117389779
  0
ARC
  5
6877
330
1D
100
AcDbEntity
  8
0
100
AcDbCircle
 10
129.4181794046888
 20
302.0142721477851
 30
0.0
 40
23.84652972499157
100
AcDbArc
 50
267.7094371113905
 51
269.8762989237812
  0
ARC
  5
6878
330
1D
100
AcDbEntity
  8
0
100
AcDbCircle
 10
132.1439100582287
 20
1564.51083130923
 30
0.0
 40
1286.346031309877
100
AcDbArc
 50
269.8762985842202
 51
270.0000574559392
  0
ARC
  5
6879
330
1D
100
AcDbEntity
  8
0
100
AcDbCircle
 10
132.1464899417712
 20
1564.510831309243
 30
0.0
 40
1286.34603130989
100
AcDbArc
 50
269.9999425440609
 51
270.1237014157797
  0
ARC
  5
687A
330
1D
100
AcDbEntity
  8
0
100
AcDbCircle
 10
134.8722205953112
 20
302.0142721477851
 30
0.0
 40
23.84652972499157
100
AcDbArc
 50
270.1237010762188
 51
272.2905628886095
  0
ARC
  5
687B
330
1D
100
AcDbEntity
  8
0
100
AcDbCircle
 10
135.6298154855676
 20
283.0739553828002
 30
0.0
 40
4.89106747328992
100
AcDbArc
 50
272.2905882610218
 51
277.6524947111393
  0
ARC
  5
687C
330
1D
100
AcDbEntity
  8
0
100
AcDbCircle
 10
136.2666813829747
 20
278.3340001729613
 30
0.0
 40
0.1085186170253939
100
AcDbArc
 50
277.6523831256201
 51
359.9999086797124
  0
ARC
  5
687D
330
1D
100
AcDbEntity
  8
0
100
AcDbCircle
 10
136.5521774034705
 20
278.3339993515381
 30
0.0
 40
0.176977403471676
100
AcDbArc
 50
149.3628240595548
 51
179.9997900628665
  0
ARC
  5
687E
330
1D
100
AcDbEntity
  8
0
100
AcDbCircle
 10
136.4989362086939
 20
278.3655337685269
 30
0.0
 40
0.1150981317009362
100
AcDbArc
 50
107.1029773707769
 51
149.3632596000335
  0
ARC
  5
687F
330
1D
100
AcDbEntity
  8
0
100
AcDbCircle
 10
136.618820505958
 20
277.9759153473105
 30
0.0
 40
0.5227435154374206
100
AcDbArc
 50
91.69919615119352
 51
107.1029623938917
  0
ARC
  5
6880
330
1D
100
AcDbEntity
  8
0
100
AcDbCircle
 10
136.9250792254707
 20
267.6509927913642
 30
0.0
 40
10.85220720865571
100
AcDbArc
 50
89.9998903179024
 51
91.69902282330223
  0
LINE
  5
6881
330
1D
100
AcDbEntity
  8
0
100
AcDbLine
 10
136.9251
 20
278.5032
 30
0.0
 11
137.475
 21
278.5032
 31
0.0
  0
LINE
  5
6882
330
1D
100
AcDbEntity
  8
0
100
AcDbLine
 10
137.475
 20
278.5032
 30
0.0
 11
137.475
 21
282.7332
 31
0.0
  0
ARC
  5
6883
330
1D
100
AcDbEntity
  8
0
100
AcDbCircle
 10
-1148.87103130923
 20
282.7344899417712
 30
0.0
 40
1286.346031309877
100
AcDbArc
 50
359.9999425440608
 51
0.1237014157797398
  0
ARC
  5
6884
330
1D
100
AcDbEntity
  8
0
100
AcDbCircle
 10
113.6255278522149
 20
285.4602205953112
 30
0.0
 40
23.8465297249916
100
AcDbArc
 50
0.1237010762187699
 51
2.290562888609571
  0
ARC
  5
6885
330
1D
100
AcDbEntity
  8
0
100
AcDbCircle
 10
132.5658446172001
 20
286.2178154855676
 30
0.0
 40
4.891067473289611
100
AcDbArc
 50
2.290588261022621
 51
7.652494711140175
  0
ARC
  5
6886
330
1D
100
AcDbEntity
  8
0
100
AcDbCircle
 10
137.3057998270387
 20
286.8546813829747
 30
0.0
 40
0.1085186170254183
100
AcDbArc
 50
7.652383125603176
 51
89.99990867969746
  0
ARC
  5
6887
330
1D
100
AcDbEntity
  8
0
100
AcDbCircle
 10
137.3057994599115
 20
287.1969648098055
 30
0.0
 40
0.2337648098061309
100
AcDbArc
 50
248.3021948802655
 51
270.00013237575
  0
ARC
  5
6888
330
1D
100
AcDbEntity
  8
0
100
AcDbCircle
 10
137.255343496771
 20
287.0701591103432
 30
0.0
 40
0.0972895753056315
100
AcDbArc
 50
206.5649784638462
 51
248.3019067098239
  0
ARC
  5
6889
330
1D
100
AcDbEntity
  8
0
100
AcDbCircle
 10
137.388516155146
 20
287.1367456506462
 30
0.0
 40
0.2461812281546518
100
AcDbArc
 50
183.9845823781817
 51
206.5650663885223
  0
ARC
  5
688A
330
1D
100
AcDbEntity
  8
0
100
AcDbCircle
 10
139.7551604659586
 20
287.3016030255883
 30
0.0
 40
2.618560465960356
100
AcDbArc
 50
180.0000662018087
 51
183.984700716029
  0
ARC
  5
688B
330
1D
100
AcDbEntity
  8
0
100
AcDbCircle
 10
134.5180395340414
 20
287.3015969744121
 30
0.0
 40
2.618560465960328
100
AcDbArc
 50
0.0000662018000801
 51
3.984700716020401
  0
ARC
  5
688C
330
1D
100
AcDbEntity
  8
0
100
AcDbCircle
 10
136.884683844854
 20
287.4664543493539
 30
0.0
 40
0.2461812281546502
100
AcDbArc
 50
3.984582378181743
 51
26.56506638852236
  0
ARC
  5
688D
330
1D
100
AcDbEntity
  8
0
100
AcDbCircle
 10
137.017856503229
 20
287.5330408896568
 30
0.0
 40
0.0972895753056041
100
AcDbArc
 50
26.56497846384628
 51
68.30190670982386
  0
ARC
  5
688E
330
1D
100
AcDbEntity
  8
0
100
AcDbCircle
 10
136.9674005400886
 20
287.4062351901945
 30
0.0
 40
0.2337648098060757
100
AcDbArc
 50
68.30219488029789
 51
90.00013237578487
  0
ARC
  5
688F
330
1D
100
AcDbEntity
  8
0
100
AcDbCircle
 10
136.9674010928621
 20
287.8996190932465
 30
0.0
 40
0.2596190932487994
100
AcDbArc
 50
253.4690887586423
 51
269.9997588143956
  0
ARC
  5
6890
330
1D
100
AcDbEntity
  8
0
100
AcDbCircle
 10
136.9292368110606
 20
287.771037605447
 30
0.0
 40
0.1254933634009349
100
AcDbArc
 50
225.0002564594347
 51
253.4696319590688
  0
ARC
  5
6891
330
1D
100
AcDbEntity
  8
0
100
AcDbCircle
 10
136.929237605447
 20
287.7710368110606
 30
0.0
 40
0.1254933634009923
100
AcDbArc
 50
196.5303680409238
 51
224.999743540556
  0
ARC
  5
6892
330
1D
100
AcDbEntity
  8
0
100
AcDbCircle
 10
137.0578190932463
 20
287.8092010928621
 30
0.0
 40
0.2596190932485754
100
AcDbArc
 50
180.0002411855919
 51
196.5309112413461
  0
ARC
  5
6893
330
1D
100
AcDbEntity
  8
0
100
AcDbCircle
 10
136.532639849711
 20
287.8092004733436
 30
0.0
 40
0.2655601502894411
100
AcDbArc
 50
359.9998978740162
 51
17.33426372896987
  0
ARC
  5
6894
330
1D
100
AcDbEntity
  8
0
100
AcDbCircle
 10
136.683337353374
 20
287.8562352769881
 30
0.0
 40
0.1076930848155754
100
AcDbArc
 50
17.33483368728868
 51
51.34066193900747
  0
ARC
  5
6895
330
1D
100
AcDbEntity
  8
0
100
AcDbCircle
 10
136.6612007146418
 20
287.8285669220103
 30
0.0
 40
0.1431270888096364
100
AcDbArc
 50
51.33993449256267
 51
79.7122690147268
  0
ARC
  5
6896
330
1D
100
AcDbEntity
  8
0
100
AcDbCircle
 10
136.5867007884696
 20
287.4180928998941
 30
0.0
 40
0.5603071001064432
100
AcDbArc
 50
79.71277713351563
 51
90.00008062718164
  0
ARC
  5
6897
330
1D
100
AcDbEntity
  8
0
100
AcDbCircle
 10
136.58669921153
 20
288.5387071001058
 30
0.0
 40
0.5603071001064427
100
AcDbArc
 50
259.7127771335481
 51
270.0000806272136
  0
ARC
  5
6898
330
1D
100
AcDbEntity
  8
0
100
AcDbCircle
 10
136.5121987853582
 20
288.1282350559784
 30
0.0
 40
0.1431289457055305
100
AcDbArc
 50
231.340272839051
 51
259.7126073612149
  0
ARC
  5
6899
330
1D
100
AcDbEntity
  8
0
100
AcDbCircle
 10
136.490062146626
 20
288.1005630878831
 30
0.0
 40
0.1076921203397155
100
AcDbArc
 50
197.3340825184907
 51
231.3399107702061
  0
ARC
  5
689A
330
1D
100
AcDbEntity
  8
0
100
AcDbCircle
 10
136.6407601502888
 20
288.1475995266565
 30
0.0
 40
0.2655601502892351
100
AcDbArc
 50
179.9998978740284
 51
197.3342637289826
  0
ARC
  5
689B
330
1D
100
AcDbEntity
  8
0
100
AcDbCircle
 10
136.1414351901947
 20
288.1476005400886
 30
0.0
 40
0.2337648098059603
100
AcDbArc
 50
359.999867624243
 51
21.69780511972792
  0
ARC
  5
689C
330
1D
100
AcDbEntity
  8
0
100
AcDbCircle
 10
136.2682408896567
 20
288.1980565032289
 30
0.0
 40
0.0972895753056579
100
AcDbArc
 50
21.69809329016996
 51
63.43502153615371
  0
ARC
  5
689D
330
1D
100
AcDbEntity
  8
0
100
AcDbCircle
 10
136.2016543493538
 20
288.064883844854
 30
0.0
 40
0.2461812281546264
100
AcDbArc
 50
63.43493361147467
 51
86.0154176218178
  0
ARC
  5
689E
330
1D
100
AcDbEntity
  8
0
100
AcDbCircle
 10
136.0367969744121
 20
285.6982395340414
 30
0.0
 40
2.618560465960385
100
AcDbArc
 50
86.01529928397969
 51
89.99993379819992
  0
ARC
  5
689F
330
1D
100
AcDbEntity
  8
0
100
AcDbCircle
 10
136.0367987799892
 20
291.3596619547984
 30
0.0
 40
3.042861954798655
100
AcDbArc
 50
266.2992664834894
 51
270.0000229722767
  0
ARC
  5
68A0
330
1D
100
AcDbEntity
  8
0
100
AcDbCircle
 10
135.8524628266534
 20
288.509684847707
 30
0.0
 40
0.1869296631233026
100
AcDbArc
 50
237.9945071482367
 51
266.299132604404
  0
ARC
  5
68A1
330
1D
100
AcDbEntity
  8
0
100
AcDbCircle
 10
135.8034364045138
 20
288.4312429373216
 30
0.0
 40
0.0944271043872122
100
AcDbArc
 50
192.4758689063591
 51
237.9945171313587
  0
ARC
  5
68A2
330
1D
100
AcDbEntity
  8
0
100
AcDbCircle
 10
136.2421073249738
 20
288.5283024044479
 30
0.0
 40
0.5437073249791477
100
AcDbArc
 50
180.0002533802798
 51
192.4761036453679
  0
LINE
  5
68A3
330
1D
100
AcDbEntity
  8
0
100
AcDbLine
 10
135.6984
 20
288.5283
 30
0.0
 11
135.6984
 21
288.7398
 31
0.0
  0
LINE
  5
68A4
330
1D
100
AcDbEntity
  8
0
100
AcDbLine
 10
135.6984
 20
288.7398
 30
0.0
 11
133.7526
 21
288.7398
 31
0.0
  0
LINE
  5
68A5
330
1D
100
AcDbEntity
  8
0
100
AcDbLine
 10
133.7526
 20
288.7398
 30
0.0
 11
131.8068
 21
288.7398
 31
0.0
  0
LINE
  5
68A6
330
1D
100
AcDbEntity
  8
0
100
AcDbLine
 10
131.8068
 20
288.7398
 30
0.0
 11
131.8068
 21
288.5283
 31
0.0
  0
ARC
  5
68A7
330
1D
100
AcDbEntity
  8
0
100
AcDbCircle
 10
131.246492899894
 20
288.5282992115305
 30
0.0
 40
0.5603071001065848
100
AcDbArc
 50
349.7127771335062
 51
0.000080627172912
  0
ARC
  5
68A8
330
1D
100
AcDbEntity
  8
0
100
AcDbCircle
 10
131.6569669220103
 20
288.453799285358
 30
0.0
 40
0.1431270888096039
100
AcDbArc
 50
321.3399344926373
 51
349.712269014794
  0
ARC
  5
68A9
330
1D
100
AcDbEntity
  8
0
100
AcDbCircle
 10
131.684635276988
 20
288.431662646626
 30
0.0
 40
0.1076930848156895
100
AcDbArc
 50
287.3348336872995
 51
321.3406619390098
  0
ARC
  5
68AA
330
1D
100
AcDbEntity
  8
0
100
AcDbCircle
 10
131.6376004733437
 20
288.582360150289
 30
0.0
 40
0.2655601502893471
100
AcDbArc
 50
269.9998978739856
 51
287.3342637289366
  0
ARC
  5
68AB
330
1D
100
AcDbEntity
  8
0
100
AcDbCircle
 10
131.6375998088818
 20
288.2104921643778
 30
0.0
 40
0.1063078356223754
100
AcDbArc
 50
89.99989699476852
 51
157.1854460759182
  0
ARC
  5
68AC
330
1D
100
AcDbEntity
  8
0
100
AcDbCircle
 10
132.1372618667997
 20
288.0003064634844
 30
0.0
 40
0.6483781271732758
100
AcDbArc
 50
157.1856295401067
 51
174.9205453431077
  0
ARC
  5
68AD
330
1D
100
AcDbEntity
  8
0
100
AcDbCircle
 10
136.5177377533042
 20
287.6109333700943
 30
0.0
 40
5.046125322964827
100
AcDbArc
 50
174.9204405629603
 51
179.6927183115766
  0
ARC
  5
68AE
330
1D
100
AcDbEntity
  8
0
100
AcDbCircle
 10
359.787305298741
 20
286.4132329939127
 30
0.0
 40
228.3189052987509
100
AcDbArc
 50
179.692648807988
 51
179.9999831850716
  0
ARC
  5
68AF
330
1D
100
AcDbEntity
  8
0
100
AcDbCircle
 10
-96.85050529874105
 20
286.4133670060873
 30
0.0
 40
228.3189052987509
100
AcDbArc
 50
359.6926488079879
 51
359.9999831850718
  0
ARC
  5
68B0
330
1D
100
AcDbEntity
  8
0
100
AcDbCircle
 10
126.4190622466964
 20
285.2156666299057
 30
0.0
 40
5.046125322964139
100
AcDbArc
 50
354.9204405629603
 51
359.6927183115766
  0
ARC
  5
68B1
330
1D
100
AcDbEntity
  8
0
100
AcDbCircle
 10
130.7995381332
 20
284.8262935365156
 30
0.0
 40
0.6483781271734395
100
AcDbArc
 50
337.1856295401079
 51
354.9205453431091
  0
ARC
  5
68B2
330
1D
100
AcDbEntity
  8
0
100
AcDbCircle
 10
131.299200191118
 20
284.6161078356222
 30
0.0
 40
0.1063078356223472
100
AcDbArc
 50
269.9998969947685
 51
337.1854460759181
  0
ARC
  5
68B3
330
1D
100
AcDbEntity
  8
0
100
AcDbCircle
 10
131.2991995266562
 20
284.2442398497111
 30
0.0
 40
0.2655601502893559
100
AcDbArc
 50
89.99989787398556
 51
107.3342637289366
  0
ARC
  5
68B4
330
1D
100
AcDbEntity
  8
0
100
AcDbCircle
 10
131.2521647230119
 20
284.394937353374
 30
0.0
 40
0.1076930848157009
100
AcDbArc
 50
107.3348336872995
 51
141.3406619390098
  0
ARC
  5
68B5
330
1D
100
AcDbEntity
  8
0
100
AcDbCircle
 10
131.2798330779896
 20
284.3728007146419
 30
0.0
 40
0.1431270888096097
100
AcDbArc
 50
141.3399344926124
 51
169.7122690147715
  0
ARC
  5
68B6
330
1D
100
AcDbEntity
  8
0
100
AcDbCircle
 10
131.690307100106
 20
284.2983007884697
 30
0.0
 40
0.560307100106583
100
AcDbArc
 50
169.7127771335182
 51
180.0000806271844
  0
LINE
  5
68B7
330
1D
100
AcDbEntity
  8
0
100
AcDbLine
 10
131.13
 20
284.2983
 30
0.0
 11
131.13
 21
284.0868
 31
0.0
  0
LINE
  5
68B8
330
1D
100
AcDbEntity
  8
0
100
AcDbLine
 10
131.13
 20
284.0868
 30
0.0
 11
122.8392
 21
284.0868
 31
0.0
  0
LINE
  5
68B9
330
1D
100
AcDbEntity
  8
0
100
AcDbLine
 10
122.8392
 20
284.0868
 30
0.0
 11
114.5484
 21
284.0868
 31
0.0
  0
LINE
  5
68BA
330
1D
100
AcDbEntity
  8
0
100
AcDbLine
 10
114.5484
 20
284.0868
 30
0.0
 11
114.5484
 21
284.2983
 31
0.0
  0
ARC
  5
68BB
330
1D
100
AcDbEntity
  8
0
100
AcDbCircle
 10
113.9880928998939
 20
284.2983007884697
 30
0.0
 40
0.560307100106599
100
AcDbArc
 50
359.9999193728213
 51
10.28722286648749
  0
ARC
  5
68BC
330
1D
100
AcDbEntity
  8
0
100
AcDbCircle
 10
114.3985669220103
 20
284.372800714642
 30
0.0
 40
0.1431270888095899
100
AcDbArc
 50
10.28773098520706
 51
38.66006550736624
  0
ARC
  5
68BD
330
1D
100
AcDbEntity
  8
0
100
AcDbCircle
 10
114.426235276988
 20
284.394937353374
 30
0.0
 40
0.1076930848156895
100
AcDbArc
 50
38.65933806099016
 51
72.6651663127077
  0
ARC
  5
68BE
330
1D
100
AcDbEntity
  8
0
100
AcDbCircle
 10
114.3792004733437
 20
284.2442398497111
 30
0.0
 40
0.2655601502893013
100
AcDbArc
 50
72.6657362710539
 51
90.00010212600523
  0
ARC
  5
68BF
330
1D
100
AcDbEntity
  8
0
100
AcDbCircle
 10
114.3792010928621
 20
284.7694190932464
 30
0.0
 40
0.2596190932487426
100
AcDbArc
 50
253.4690887586418
 51
269.9997588143956
  0
ARC
  5
68C0
330
1D
100
AcDbEntity
  8
0
100
AcDbCircle
 10
114.3410368110606
 20
284.640837605447
 30
0.0
 40
0.1254933634009349
100
AcDbArc
 50
225.0002564594347
 51
253.4696319590688
  0
ARC
  5
68C1
330
1D
100
AcDbEntity
  8
0
100
AcDbCircle
 10
114.341037605447
 20
284.6408368110606
 30
0.0
 40
0.1254933634009823
100
AcDbArc
 50
196.5303680409238
 51
224.9997435405607
  0
ARC
  5
68C2
330
1D
100
AcDbEntity
  8
0
100
AcDbCircle
 10
114.4696190932465
 20
284.6790010928621
 30
0.0
 40
0.2596190932487985
100
AcDbArc
 50
180.0002411856044
 51
196.5309112413577
  0
ARC
  5
68C3
330
1D
100
AcDbEntity
  8
0
100
AcDbCircle
 10
113.9762351901946
 20
284.6790005400886
 30
0.0
 40
0.2337648098059461
100
AcDbArc
 50
359.9998676242291
 51
21.69780511971498
  0
ARC
  5
68C4
330
1D
100
AcDbEntity
  8
0
100
AcDbCircle
 10
114.1030408896567
 20
284.729456503229
 30
0.0
 40
0.0972895753056369
100
AcDbArc
 50
21.69809329013885
 51
63.43502153613129
  0
ARC
  5
68C5
330
1D
100
AcDbEntity
  8
0
100
AcDbCircle
 10
114.0364543493538
 20
284.596283844854
 30
0.0
 40
0.2461812281546264
100
AcDbArc
 50
63.43493361147467
 51
86.0154176218178
  0
ARC
  5
68C6
330
1D
100
AcDbEntity
  8
0
100
AcDbCircle
 10
113.8715969744121
 20
282.2296395340412
 30
0.0
 40
2.618560465960499
100
AcDbArc
 50
86.01529928397983
 51
89.99993379820024
  0
ARC
  5
68C7
330
1D
100
AcDbEntity
  8
0
100
AcDbCircle
 10
113.871603025587
 20
287.4667604659588
 30
0.0
 40
2.618560465960499
100
AcDbArc
 50
266.0152992839976
 51
269.999933798218
  0
ARC
  5
68C8
330
1D
100
AcDbEntity
  8
0
100
AcDbCircle
 10
113.7067456506463
 20
285.100116155146
 30
0.0
 40
0.2461812281546885
100
AcDbArc
 50
243.4349336114451
 51
266.0154176217857
  0
ARC
  5
68C9
330
1D
100
AcDbEntity
  8
0
100
AcDbCircle
 10
113.6401591103432
 20
284.966943496771
 30
0.0
 40
0.0972895753056232
100
AcDbArc
 50
201.6980932901388
 51
243.4350215361313
  0
ARC
  5
68CA
330
1D
100
AcDbEntity
  8
0
100
AcDbCircle
 10
113.7669648098053
 20
285.0173994599115
 30
0.0
 40
0.2337648098059514
100
AcDbArc
 50
179.999867624243
 51
201.6978051197292
  0
ARC
  5
68CB
330
1D
100
AcDbEntity
  8
0
100
AcDbCircle
 10
113.2676398497111
 20
285.0174004733436
 30
0.0
 40
0.2655601502892564
100
AcDbArc
 50
359.9998978740285
 51
17.33426372898083
  0
ARC
  5
68D9
330
1D
100
AcDbEntity
  8
0
100
AcDbCircle
 10
112.9028376054471
 20
285.6560368110606
 30
0.0
 40
0.1254933634009923
100
AcDbArc
 50
196.5303680409238
 51
224.999743540556
  0
ARC
  5
68DA
330
1D
100
AcDbEntity
  8
0
100
AcDbCircle
 10
113.0314190932464
 20
285.6942010928621
 30
0.0
 40
0.2596190932487823
100
AcDbArc
 50
180.0002411855919
 51
196.5309112413456
  0
ARC
  5
68DB
330
1D
100
AcDbEntity
  8
0
100
AcDbCircle
 10
112.5121809067537
 20
285.6941989071379
 30
0.0
 40
0.2596190932485862
100
AcDbArc
 50
0.0002411856044269
 51
16.53091124135816
  0
ARC
  5
68DC
330
1D
100
AcDbEntity
  8
0
100
AcDbCircle
 10
116.4734297922091
 20
288.7141229735401
 30
0.0
 40
4.731447158578609
100
AcDbArc
 50
217.6941093442405
 51
232.9205265139131
  0
ARC
  5
68DD
330
1D
100
AcDbEntity
  8
0
100
AcDbCircle
 10
112.6407631889394
 20
285.732362394553
 30
0.0
 40
0.125493363400932
100
AcDbArc
 50
45.00025645943476
 51
73.46963195906879
  0
ARC
  5
68DE
330
1D
100
AcDbEntity
  8
0
100
AcDbCircle
 10
112.6025989071378
 20
285.6037809067536
 30
0.0
 40
0.259619093248744
100
AcDbArc
 50
73.46908875863873
 51
89.99975881439558
  0
ARC
  5
68DF
330
1D
100
AcDbEntity
  8
0
100
AcDbCircle
 10
112.6026001842591
 20
285.9761000931012
 30
0.0
 40
0.1127000931013327
100
AcDbArc
 50
184.1317671659403
 51
269.9999063241977
  0
ARC
  5
68E0
330
1D
100
AcDbEntity
  8
0
100
AcDbCircle
 10
128.0834276472139
 20
287.0944411457352
 30
0.0
 40
15.63386968974494
100
AcDbArc
 50
181.5275661630624
 51
184.1318910125353
  0
ARC
  5
68E1
330
1D
100
AcDbEntity
  8
0
100
AcDbCircle
 10
165.4641860577975
 20
288.0911869528233
 30
0.0
 40
53.0279146909395
100
AcDbArc
 50
180.0799557437205
 51
181.5274570697056
  0
ARC
  5
68E2
330
1D
100
AcDbEntity
  8
0
100
AcDbCircle
 10
3114.736071747861
 20
292.2066327865124
 30
0.0
 40
3002.302671748381
100
AcDbArc
 50
179.9999662745947
 51
180.0799511795475
  0
ARC
  5
68E3
330
1D
100
AcDbEntity
  8
0
100
AcDbCircle
 10
3114.736071747901
 20
292.2101672134876
 30
0.0
 40
3002.302671748422
100
AcDbArc
 50
179.9200488204524
 51
180.0000337254052
  0
ARC
  5
68E4
330
1D
100
AcDbEntity
  8
0
100
AcDbCircle
 10
165.4641860577975
 20
296.3256130471767
 30
0.0
 40
53.0279146909395
100
AcDbArc
 50
178.4725429302944
 51
179.9200442562795
  0
ARC
  5
68E5
330
1D
100
AcDbEntity
  8
0
100
AcDbCircle
 10
-23.56110768728233
 20
303.0913577658198
 30
0.0
 40
136.1214860250337
100
AcDbArc
 50
357.7465760191004
 51
1.304977301165629
  0
ARC
  5
6990
330
1D
100
AcDbEntity
  8
0
100
AcDbCircle
 10
116.8625221695035
 20
379.9149181829547
 30
0.0
 40
73.76763990173476
100
AcDbArc
 50
266.6607047728523
 51
273.8606374511598
  0
ARC
  5
6991
330
1D
100
AcDbEntity
  8
0
100
AcDbCircle
 10
122.8652297919811
 20
278.0849739360331
 30
0.0
 40
28.2487016191858
100
AcDbArc
 50
90.11260472282975
 51
92.10163506414504
  0
ARC
  5
6992
330
1D
100
AcDbEntity
  8
0
100
AcDbCircle
 10
125.8429080783105
 20
-1237.853926593907
 30
0.0
 40
1544.19052659396
100
AcDbArc
 50
90.00001514137313
 51
90.11254404329395
  0
ARC
  5
6993
330
1D
100
AcDbEntity
  8
0
100
AcDbCircle
 10
125.8420919216895
 20
-1237.853926593899
 30
0.0
 40
1544.190526593953
100
AcDbArc
 50
89.88745595670605
 51
89.9999848586269
  0
ARC
  5
6994
330
1D
100
AcDbEntity
  8
0
100
AcDbCircle
 10
128.8197697080188
 20
278.0850027390243
 30
0.0
 40
28.24867281723289
100
AcDbArc
 50
87.89836380691042
 51
89.88739414822571
  0
ARC
  5
6995
330
1D
100
AcDbEntity
  8
0
100
AcDbCircle
 10
129.6271444959183
 20
300.0862198302885
 30
0.0
 40
6.232646664790101
100
AcDbArc
 50
83.27863632219642
 51
87.89834219437029
  0
ARC
  5
6996
330
1D
100
AcDbEntity
  8
0
100
AcDbCircle
 10
130.3438180258789
 20
306.1673997752866
 30
0.0
 40
0.1093819741213487
100
AcDbArc
 50
0.0001177079653261
 51
83.2787454379528
  0
ARC
  5
6997
330
1D
100
AcDbEntity
  8
0
100
AcDbCircle
 10
130.7128190932465
 20
306.1674010928621
 30
0.0
 40
0.2596190932487994
100
AcDbArc
 50
180.0002411855919
 51
196.5309112413439
  0
ARC
  5
6998
330
1D
100
AcDbEntity
  8
0
100
AcDbCircle
 10
130.5842376054469
 20
306.1292368110607
 30
0.0
 40
0.1254933634008966
100
AcDbArc
 50
196.5303680409634
 51
224.9997435405927
  0
ARC
  5
6999
330
1D
100
AcDbEntity
  8
0
100
AcDbCircle
 10
130.5842368110606
 20
306.1292376054471
 30
0.0
 40
0.1254933634009521
100
AcDbArc
 50
225.0002564594256
 51
253.4696319590564
  0
ARC
  5
699A
330
1D
100
AcDbEntity
  8
0
100
AcDbCircle
 10
130.622401092862
 20
306.2578190932465
 30
0.0
 40
0.2596190932487985
100
AcDbArc
 50
253.4690887586423
 51
269.9997588143956
  0
ARC
  5
699B
330
1D
100
AcDbEntity
  8
0
100
AcDbCircle
 10
130.6223989071378
 20
306.2578190932465
 30
0.0
 40
0.2596190932487994
100
AcDbArc
 50
270.0002411856044
 51
286.5309112413576
  0
ARC
  5
699C
330
1D
100
AcDbEntity
  8
0
100
AcDbCircle
 10
130.6605631889393
 20
306.1292376054471
 30
0.0
 40
0.125493363400943
100
AcDbArc
 50
286.5303680409436
 51
314.9997435405744
  0
ARC
  5
699D
330
1D
100
AcDbEntity
  8
0
100
AcDbCircle
 10
130.660562394553
 20
306.1292368110607
 30
0.0
 40
0.1254933634009119
100
AcDbArc
 50
315.0002564594073
 51
343.4696319590366
  0
ARC
  5
699E
330
1D
100
AcDbEntity
  8
0
100
AcDbCircle
 10
130.5319809067535
 20
306.1674010928621
 30
0.0
 40
0.2596190932488096
100
AcDbArc
 50
343.4690887586561
 51
359.9997588144081
  0
ARC
  5
699F
330
1D
100
AcDbEntity
  8
0
100
AcDbCircle
 10
131.0253648098054
 20
306.1674005400885
 30
0.0
 40
0.233764809806074
100
AcDbArc
 50
158.3021948802694
 51
180.000132375757
  0
ARC
  5
69A0
330
1D
100
AcDbEntity
  8
0
100
AcDbCircle
 10
130.8985591103432
 20
306.2178565032289
 30
0.0
 40
0.0972895753055997
100
AcDbArc
 50
116.5649784638014
 51
158.3019067097804
  0
ARC
  5
69A1
330
1D
100
AcDbEntity
  8
0
100
AcDbCircle
 10
130.9651456506463
 20
306.084683844854
 30
0.0
 40
0.2461812281546899
100
AcDbArc
 50
93.98458237821428
 51
116.5650663885549
  0
ARC
  5
69A2
330
1D
100
AcDbEntity
  8
0
100
AcDbCircle
 10
131.130003025587
 20
303.7180395340413
 30
0.0
 40
2.618560465960328
100
AcDbArc
 50
90.00006620178206
 51
93.98470071600231
  0
LINE
  5
69A3
330
1D
100
AcDbEntity
  8
0
100
AcDbLine
 10
131.13
 20
306.3366
 30
0.0
 11
131.4684
 21
306.3366
 31
0.0
  0
LINE
  5
69A4
330
1D
100
AcDbEntity
  8
0
100
AcDbLine
 10
131.4684
 20
306.3366
 30
0.0
 11
131.4684
 21
305.7867
 31
0.0
  0
ARC
  5
69A5
330
1D
100
AcDbEntity
  8
0
100
AcDbCircle
 10
142.3206072086358
 20
305.7866792254707
 30
0.0
 40
10.85220720865574
100
AcDbArc
 50
179.9998903179025
 51
181.6990228233024
  0
ARC
  5
69A6
330
1D
100
AcDbEntity
  8
0
100
AcDbCircle
 10
131.9956846526896
 20
305.4804205059582
 30
0.0
 40
0.522743515437538
100
AcDbArc
 50
181.6991961512025
 51
197.1029623939009
  0
ARC
  5
69A7
330
1D
100
AcDbEntity
  8
0
100
AcDbCircle
 10
131.606066231473
 20
305.3605362086939
 30
0.0
 40
0.1150981317008247
100
AcDbArc
 50
197.10297737078
 51
239.3632596000556
  0
ARC
  5
69A8
330
1D
100
AcDbEntity
  8
0
100
AcDbCircle
 10
131.6376006484619
 20
305.4137774034705
 30
0.0
 40
0.1769774034716513
100
AcDbArc
 50
239.3628240595501
 51
269.9997900628665
  0
ARC
  5
69A9
330
1D
100
AcDbEntity
  8
0
100
AcDbCircle
 10
131.6376005400885
 20
305.0030351901945
 30
0.0
 40
0.2337648098061309
100
AcDbArc
 50
68.30219488026554
 51
90.00013237575002
  0
ARC
  5
69AA
330
1D
100
AcDbEntity
  8
0
100
AcDbCircle
 10
131.688056503229
 20
305.1298408896568
 30
0.0
 40
0.0972895753055576
100
AcDbArc
 50
26.56497846386125
 51
68.30190670984258
  0
ARC
  5
69AB
330
1D
100
AcDbEntity
  8
0
100
AcDbCircle
 10
131.5548838448538
 20
305.0632543493539
 30
0.0
 40
0.2461812281547789
100
AcDbArc
 50
3.984582378166249
 51
26.56506638850757
  0
ARC
  5
69AC
330
1D
100
AcDbEntity
  8
0
100
AcDbCircle
 10
129.1882395340414
 20
304.8983969744117
 30
0.0
 40
2.618560465960356
100
AcDbArc
 50
0.0000662018087865
 51
3.984700716029088
  0
ARC
  5
69AD
330
1D
100
AcDbEntity
  8
0
100
AcDbCircle
 10
129.1882395340422
 20
304.8984030255883
 30
0.0
 40
2.618560465959561
100
AcDbArc
 50
356.0152992839696
 51
359.99993379819
  0
ARC
  5
69AE
330
1D
100
AcDbEntity
  8
0
100
AcDbCircle
 10
131.5548838448538
 20
304.7335456506462
 30
0.0
 40
0.246181228154792
100
AcDbArc
 50
333.4349336114806
 51
356.0154176218205
  0
ARC
  5
69AF
330
1D
100
AcDbEntity
  8
0
100
AcDbCircle
 10
131.688056503229
 20
304.6669591103432
 30
0.0
 40
0.0972895753055787
100
AcDbArc
 50
291.6980932901885
 51
333.4350215361837
  0
ARC
  5
69B0
330
1D
100
AcDbEntity
  8
0
100
AcDbCircle
 10
131.6376005400886
 20
304.7937648098055
 30
0.0
 40
0.2337648098061285
100
AcDbArc
 50
269.9998676242151
 51
291.697805119697
  0
ARC
  5
69B1
330
1D
100
AcDbEntity
  8
0
100
AcDbCircle
 10
131.637599962739
 20
304.4264288464857
 30
0.0
 40
0.1335711535143157
100
AcDbArc
 50
89.99998401680841
 51
133.8205672158863
  0
ARC
  5
69B2
330
1D
100
AcDbEntity
  8
0
100
AcDbCircle
 10
131.6681904568258
 20
304.3945532744397
 30
0.0
 40
0.1777506784255445
100
AcDbArc
 50
133.820787519027
 51
169.21589197672
  0
ARC
  5
69B3
330
1D
100
AcDbEntity
  8
0
100
AcDbCircle
 10
132.6822047851677
 20
304.2014023452317
 30
0.0
 40
1.209996937573784
100
AcDbArc
 50
169.2154814941581
 51
179.1759210140892
  0
ARC
  5
69B4
330
1D
100
AcDbEntity
  8
0
100
AcDbCircle
 10
169.5161195738032
 20
303.6717511669104
 30
0.0
 40
38.04771957383763
100
AcDbArc
 50
179.1761672918718
 51
180.0000770518719
  0
ARC
  5
69B5
330
1D
100
AcDbEntity
  8
0
100
AcDbCircle
 10
169.5161195738032
 20
303.6716488330895
 30
0.0
 40
38.04771957383763
100
AcDbArc
 50
179.999922948128
 51
180.8238327081282
  0
ARC
  5
69B6
330
1D
100
AcDbEntity
  8
0
100
AcDbCircle
 10
132.6822047851674
 20
303.1419976547683
 30
0.0
 40
1.209996937573475
100
AcDbArc
 50
180.8240789859137
 51
190.7845185058446
  0
ARC
  5
69B7
330
1D
100
AcDbEntity
  8
0
100
AcDbCircle
 10
131.6681904568258
 20
302.9488467255604
 30
0.0
 40
0.1777506784255621
100
AcDbArc
 50
190.784108023298
 51
226.1792124809856
  0
ARC
  5
69B8
330
1D
100
AcDbEntity
  8
0
100
AcDbCircle
 10
131.637599962739
 20
302.9169711535143
 30
0.0
 40
0.1335711535143602
100
AcDbArc
 50
226.1794327840961
 51
270.0000159831672
  0
ARC
  5
69B9
330
1D
100
AcDbEntity
  8
0
100
AcDbCircle
 10
131.6376005400886
 20
302.5496351901945
 30
0.0
 40
0.2337648098061309
100
AcDbArc
 50
68.30219488030305
 51
90.00013237578487
  0
ARC
  5
69BA
330
1D
100
AcDbEntity
  8
0
100
AcDbCircle
 10
131.688056503229
 20
302.6764408896568
 30
0.0
 40
0.0972895753055786
100
AcDbArc
 50
26.56497846381633
 51
68.30190670981146
  0
ARC
  5
69BB
330
1D
100
AcDbEntity
  8
0
100
AcDbCircle
 10
131.554883844854
 20
302.6098543493538
 30
0.0
 40
0.2461812281546518
100
AcDbArc
 50
3.984582378181743
 51
26.56506638852236
  0
ARC
  5
69BC
330
1D
100
AcDbEntity
  8
0
100
AcDbCircle
 10
129.1882395340414
 20
302.4449969744117
 30
0.0
 40
2.618560465960356
100
AcDbArc
 50
0.0000662018087865
 51
3.984700716029088
  0
LINE
  5
69BD
330
1D
100
AcDbEntity
  8
0
100
AcDbLine
 10
131.8068
 20
302.445
 30
0.0
 11
131.8068
 21
302.1066
 31
0.0
  0
LINE
  5
69BE
330
1D
100
AcDbEntity
  8
0
100
AcDbLine
 10
131.8068
 20
302.1066
 30
0.0
 11
133.4142
 21
302.1066
 31
0.0
  0
ARC
  5
69BF
330
1D
100
AcDbEntity
  8
0
100
AcDbCircle
 10
133.4143473796475
 20
457.9014065010686
 30
0.0
 40
155.7948065011383
100
AcDbArc
 50
269.9999457990161
 51
270.3776392356402
  0
ARC
  5
69C0
330
1D
100
AcDbEntity
  8
0
100
AcDbCircle
 10
134.4171199699958
 20
305.7627919369506
 30
0.0
 40
3.652887246923319
100
AcDbArc
 50
270.3775584396514
 51
276.0090582516685
  0
ARC
  5
69C1
330
1D
100
AcDbEntity
  8
0
100
AcDbCircle
 10
134.751727231243
 20
302.5840335455189
 30
0.0
 40
0.4565664040868863
100
AcDbArc
 50
276.0092852234286
 51
297.5941041996971
  0
ARC
  5
69C2
330
1D
100
AcDbEntity
  8
0
100
AcDbCircle
 10
134.9128283235527
 20
302.2758004995392
 30
0.0
 40
0.1087716764484679
100
AcDbArc
 50
297.5935748146996
 51
359.9997368663398
  0
ARC
  5
69C3
330
1D
100
AcDbEntity
  8
0
100
AcDbCircle
 10
135.1772010177918
 20
302.2758003405371
 30
0.0
 40
0.1556010177922392
100
AcDbArc
 50
144.1111253498048
 51
180.0001253933863
  0
ARC
  5
69C4
330
1D
100
AcDbEntity
  8
0
100
AcDbCircle
 10
135.15991376997
 20
302.2883087938597
 30
0.0
 40
0.1342630155027839
100
AcDbArc
 50
104.0363339002741
 51
144.1110174209853
  0
ARC
  5
69C5
330
1D
100
AcDbEntity
  8
0
100
AcDbCircle
 10
135.3081776770845
 20
301.6952470862703
 30
0.0
 40
0.74557666262724
100
AcDbArc
 50
91.22624915273751
 51
104.0361464483752
  0
ARC
  5
69C6
330
1D
100
AcDbEntity
  8
0
100
AcDbCircle
 10
135.6983980646361
 20
283.4666365437457
 30
0.0
 40
18.97836345625437
100
AcDbArc
 50
89.9999941571262
 51
91.22634131716536
  0
ARC
  5
69C7
330
1D
100
AcDbEntity
  8
0
100
AcDbCircle
 10
135.6984019353612
 20
321.4233634562556
 30
0.0
 40
18.97836345625573
100
AcDbArc
 50
269.9999941571341
 51
271.2263413171732
  0
ARC
  5
69C8
330
1D
100
AcDbEntity
  8
0
100
AcDbCircle
 10
136.0886223229154
 20
303.1947529137298
 30
0.0
 40
0.7455766626272941
100
AcDbArc
 50
271.2262491527374
 51
284.0361464483741
  0
ARC
  5
69C9
330
1D
100
AcDbEntity
  8
0
100
AcDbCircle
 10
136.23688623003
 20
302.6016912061403
 30
0.0
 40
0.1342630155028347
100
AcDbArc
 50
284.0363339002682
 51
324.1110174209656
  0
ARC
  5
69CA
330
1D
100
AcDbEntity
  8
0
100
AcDbCircle
 10
136.2195989822082
 20
302.6141996594629
 30
0.0
 40
0.1556010177921332
100
AcDbArc
 50
324.1111253498034
 51
0.000125393386336
  0
ARC
  5
69CB
330
1D
100
AcDbEntity
  8
0
100
AcDbCircle
 10
136.640760150289
 20
302.6142004733435
 30
0.0
 40
0.2655601502894411
100
AcDbArc
 50
162.6657362710184
 51
180.0001021259715
  0
ARC
  5
69CC
330
1D
100
AcDbEntity
  8
0
100
AcDbCircle
 10
136.490062146626
 20
302.6612369121169
 30
0.0
 40
0.1076921203396616
100
AcDbArc
 50
128.6600892297584
 51
162.6659174814669
  0
ARC
  5
69CD
330
1D
100
AcDbEntity
  8
0
100
AcDbCircle
 10
136.5121987853582
 20
302.6335649440217
 30
0.0
 40
0.1431289457055322
100
AcDbArc
 50
100.2873926387851
 51
128.659727160949
  0
ARC
  5
69CE
330
1D
100
AcDbEntity
  8
0
100
AcDbCircle
 10
136.58669921153
 20
302.2230928998941
 30
0.0
 40
0.5603071001064432
100
AcDbArc
 50
89.99991937278641
 51
100.2872228664518
  0
ARC
  5
69CF
330
1D
100
AcDbEntity
  8
0
100
AcDbCircle
 10
136.5867007626952
 20
303.2958538835627
 30
0.0
 40
0.5124538835632384
100
AcDbArc
 50
269.9999147255597
 51
283.4288648705491
  0
ARC
  5
69D0
330
1D
100
AcDbEntity
  8
0
100
AcDbCircle
 10
136.6841532748062
 20
302.8877012747096
 30
0.0
 40
0.0928284026530692
100
AcDbArc
 50
283.4291489289737
 51
330.9455250080835
  0
ARC
  5
69D1
330
1D
100
AcDbEntity
  8
0
100
AcDbCircle
 10
136.5748145184211
 20
302.9484451379037
 30
0.0
 40
0.2179074998816703
100
AcDbArc
 50
330.9454256983973
 51
357.0898489691895
  0
ARC
  5
69D2
330
1D
100
AcDbEntity
  8
0
100
AcDbCircle
 10
132.3327360757884
 20
303.164097785518
 30
0.0
 40
4.465463924212153
100
AcDbArc
 50
357.0897884304164
 51
0.0000284137266512
  0
ARC
  5
69D3
330
1D
100
AcDbEntity
  8
0
100
AcDbCircle
 10
140.5557323823436
 20
303.1641047244653
 30
0.0
 40
3.757532382346553
100
AcDbArc
 50
176.7999669681917
 51
180.0000720398104
  0
ARC
  5
69D4
330
1D
100
AcDbEntity
  8
0
100
AcDbCircle
 10
137.0953578234428
 20
303.3575700933748
 30
0.0
 40
0.2917538353499412
100
AcDbArc
 50
156.0374140013607
 51
176.7996521626323
  0
ARC
  5
69D5
330
1D
100
AcDbEntity
  8
0
100
AcDbCircle
 10
136.9191128673358
 20
303.4359003864437
 30
0.0
 40
0.0988862140079708
100
AcDbArc
 50
113.4286758643115
 51
156.0368019636817
  0
ARC
  5
69D6
330
1D
100
AcDbEntity
  8
0
100
AcDbCircle
 10
136.9674009068487
 20
303.3244763605097
 30
0.0
 40
0.2203236394922078
100
AcDbArc
 50
90.00023582855098
 51
113.4297100321832
  0
ARC
  5
69D7
330
1D
100
AcDbEntity
  8
0
100
AcDbCircle
 10
136.9674000264769
 20
303.6524268457851
 30
0.0
 40
0.1076268457851516
100
AcDbArc
 50
269.9999859048542
 51
351.1932862768415
  0
ARC
  5
69D8
330
1D
100
AcDbEntity
  8
0
100
AcDbCircle
 10
133.35257971011
 20
304.2124623196786
 30
0.0
 40
3.76557239645122
100
AcDbArc
 50
351.1933164757969
 51
357.4832716874323
  0
ARC
  5
69D9
330
1D
100
AcDbEntity
  8
0
100
AcDbCircle
 10
117.3177541523793
 20
304.9172989920194
 30
0.0
 40
19.81588159599765
100
AcDbArc
 50
357.4831258386891
 51
359.8628778048036
  0
ARC
  5
69DA
330
1D
100
AcDbEntity
  8
0
100
AcDbCircle
 10
-918.1425431618075
 20
307.3949469145769
 30
0.0
 40
1055.279143162147
100
AcDbArc
 50
359.8629025289973
 51
359.9999540172559
  0
ARC
  5
69DB
330
1D
100
AcDbEntity
  8
0
100
AcDbCircle
 10
-918.1425431618075
 20
307.393253085423
 30
0.0
 40
1055.279143162147
100
AcDbArc
 50
0.0000459827441681
 51
0.1370974710027424
  0
ARC
  5
69DC
330
1D
100
AcDbEntity
  8
0
100
AcDbCircle
 10
117.317754152378
 20
309.8709010079807
 30
0.0
 40
19.81588159599901
100
AcDbArc
 50
0.1371221951961833
 51
2.516874161310744
  0
ARC
  5
69DD
330
1D
100
AcDbEntity
  8
0
100
AcDbCircle
 10
133.35257971011
 20
310.5757376803214
 30
0.0
 40
3.765572396451221
100
AcDbArc
 50
2.516728312567704
 51
8.806683524203123
  0
ARC
  5
69DE
330
1D
100
AcDbEntity
  8
0
100
AcDbCircle
 10
136.9674000264769
 20
311.1357731542149
 30
0.0
 40
0.1076268457851075
100
AcDbArc
 50
8.806713723128586
 51
90.00001409514586
  0
ARC
  5
69DF
330
1D
100
AcDbEntity
  8
0
100
AcDbCircle
 10
136.9674010928621
 20
311.5030190932464
 30
0.0
 40
0.2596190932487426
100
AcDbArc
 50
253.4690887586387
 51
269.9997588143956
  0
ARC
  5
69E0
330
1D
100
AcDbEntity
  8
0
100
AcDbCircle
 10
136.9292368110606
 20
311.374437605447
 30
0.0
 40
0.1254933634009349
100
AcDbArc
 50
225.0002564594347
 51
253.4696319590688
  0
ARC
  5
69E1
330
1D
100
AcDbEntity
  8
0
100
AcDbCircle
 10
136.9292376054469
 20
311.3744368110606
 30
0.0
 40
0.1254933634008717
100
AcDbArc
 50
196.5303680409386
 51
224.9997435405744
  0
ARC
  5
69E2
330
1D
100
AcDbEntity
  8
0
100
AcDbCircle
 10
137.0578190932465
 20
311.412601092862
 30
0.0
 40
0.2596190932487661
100
AcDbArc
 50
180.0002411855793
 51
196.5309112413335
  0
ARC
  5
69E3
330
1D
100
AcDbEntity
  8
0
100
AcDbCircle
 10
136.5326398497112
 20
311.4126004733436
 30
0.0
 40
0.2655601502892422
100
AcDbArc
 50
359.9998978740285
 51
17.33426372898266
  0
ARC
  5
69E4
330
1D
100
AcDbEntity
  8
0
100
AcDbCircle
 10
136.6833373533739
 20
311.4596352769881
 30
0.0
 40
0.1076930848156568
100
AcDbArc
 50
17.33483368727517
 51
51.34066193899096
  0
ARC
  5
69E5
330
1D
100
AcDbEntity
  8
0
100
AcDbCircle
 10
136.6612007146419
 20
311.4319669220103
 30
0.0
 40
0.1431270888096097
100
AcDbArc
 50
51.33993449261243
 51
79.71226901477156
  0
ARC
  5
69E6
330
1D
100
AcDbEntity
  8
0
100
AcDbCircle
 10
136.5867007884696
 20
311.0214928998942
 30
0.0
 40
0.5603071001064432
100
AcDbArc
 50
79.71277713351563
 51
90.00008062718164
  0
ARC
  5
69E7
330
1D
100
AcDbEntity
  8
0
100
AcDbCircle
 10
136.5866992083681
 20
311.9800634677073
 30
0.0
 40
0.3982634677081956
100
AcDbArc
 50
252.1779481046459
 51
270.0001138873342
  0
ARC
  5
69E8
330
1D
100
AcDbEntity
  8
0
100
AcDbCircle
 10
136.4942383199663
 20
311.6924599218136
 30
0.0
 40
0.0961627965847316
100
AcDbArc
 50
201.0371852216286
 51
252.1775929372637
  0
ARC
  5
69E9
330
1D
100
AcDbEntity
  8
0
100
AcDbCircle
 10
136.754044577194
 20
311.7923884788226
 30
0.0
 40
0.3745240866295524
100
AcDbArc
 50
181.4595349453672
 51
201.0378662188117
  0
ARC
  5
69EA
330
1D
100
AcDbEntity
  8
0
100
AcDbCircle
 10
132.0661144587421
 20
311.7876904509067
 30
0.0
 40
4.313530258249865
100
AcDbArc
 50
359.9356919401722
 51
8.064996263283664
  0
ARC
  5
6B9B
330
1D
100
AcDbEntity
  8
0
100
AcDbCircle
 10
133.8686647469349
 20
260.927664126881
 30
0.0
 40
51.42380258148335
100
AcDbArc
 50
87.24877362453652
 51
90.82908696739924
  0
ARC
  5
6B9C
330
1D
100
AcDbEntity
  8
0
100
AcDbCircle
 10
127.4059676340128
 20
5983.944479743396
 30
0.0
 40
5671.601279743629
100
AcDbArc
 50
270.0000164905248
 51
270.0577706350514
  0
ARC
  5
6B9D
330
1D
100
AcDbEntity
  8
0
100
AcDbCircle
 10
127.4092323659871
 20
5983.944479743396
 30
0.0
 40
5671.601279743629
100
AcDbArc
 50
269.9422293649486
 51
269.9999835094752
  0
ARC
  5
6B9E
330
1D
100
AcDbEntity
  8
0
100
AcDbCircle
 10
120.360469350302
 20
157.3541672894804
 30
0.0
 40
154.9976233849728
100
AcDbArc
 50
89.5082933966791
 51
90.7751605250945
  0
LINE
  5
6BB0
330
1D
100
AcDbEntity
  8
0
100
AcDbLine
 10
118.44
 20
312.3432
 30
0.0
 11
113.1525
 21
312.3432
 31
0.0
  0
LINE
  5
6BB1
330
1D
100
AcDbEntity
  8
0
100
AcDbLine
 10
113.1525
 20
312.3432
 30
0.0
 11
106.4425374844263
 21
312.417245801624
 31
0.0
  0
ARC
  5
6C35
330
1D
100
AcDbEntity
  8
0
100
AcDbCircle
 10
201.7787774034705
 20
234.9342006484619
 30
0.0
 40
0.176977403471676
100
AcDbArc
 50
180.0002099371519
 51
210.6371759404657
  0
ARC
  5
6C36
330
1D
100
AcDbEntity
  8
0
100
AcDbCircle
 10
201.7255367086939
 20
234.9026675252265
 30
0.0
 40
0.1150992211997688
100
AcDbArc
 50
210.6371676913764
 51
252.8974499206571
  0
ARC
  5
6C37
330
1D
100
AcDbEntity
  8
0
100
AcDbCircle
 10
201.8454210059582
 20
235.2922809555249
 30
0.0
 40
0.5227398347250566
100
AcDbArc
 50
252.8969708107533
 51
268.3007370534521
  0
ARC
  5
6C38
330
1D
100
AcDbEntity
  8
0
100
AcDbCircle
 10
202.1516792254707
 20
245.6172072086368
 30
0.0
 40
10.85220720865668
100
AcDbArc
 50
268.3009771766978
 51
270.0001096820976
  0
LINE
  5
6C39
330
1D
100
AcDbEntity
  8
0
100
AcDbLine
 10
202.1517
 20
234.765
 30
0.0
 11
202.7016
 21
234.765
 31
0.0
  0
LINE
  5
6C3A
330
1D
100
AcDbEntity
  8
0
100
AcDbLine
 10
202.7016
 20
234.765
 30
0.0
 11
202.7016
 21
212.2191
 31
0.0
  0
LINE
  5
6C3B
330
1D
100
AcDbEntity
  8
0
100
AcDbLine
 10
202.7016
 20
212.2191
 30
0.0
 11
202.7016
 21
189.6732
 31
0.0
  0
LINE
  5
6C3C
330
1D
100
AcDbEntity
  8
0
100
AcDbLine
 10
202.7016
 20
189.6732
 30
0.0
 11
199.5291
 21
189.6732
 31
0.0
  0
ARC
  5
6C3D
330
1D
100
AcDbEntity
  8
0
100
AcDbCircle
 10
199.5290586425239
 20
-508.5031552662094
 30
0.0
 40
698.1763552662106
100
AcDbArc
 50
89.99999660600247
 51
90.1700504483888
  0
ARC
  5
6C3E
330
1D
100
AcDbEntity
  8
0
100
AcDbCircle
 10
197.4971717536239
 20
176.0974278381043
 30
0.0
 40
13.57275685976254
100
AcDbArc
 50
90.169935127343
 51
93.05290667595938
  0
ARC
  5
6C3F
330
1D
100
AcDbEntity
  8
0
100
AcDbCircle
 10
196.8934017281167
 20
187.4180207493145
 30
0.0
 40
2.236074712633016
100
AcDbArc
 50
93.05289943838657
 51
101.6663560535467
  0
ARC
  5
6C40
330
1D
100
AcDbEntity
  8
0
100
AcDbCircle
 10
196.4626937603906
 20
189.5040000165785
 30
0.0
 40
0.1060937603906093
100
AcDbArc
 50
101.6665220374272
 51
180.0000089531775
  0
ARC
  5
6C41
330
1D
100
AcDbEntity
  8
0
100
AcDbCircle
 10
196.0969809067535
 20
189.5040010928621
 30
0.0
 40
0.2596190932487994
100
AcDbArc
 50
343.4690887586622
 51
359.9997588144144
  0
ARC
  5
6C42
330
1D
100
AcDbEntity
  8
0
100
AcDbCircle
 10
196.2255623945529
 20
189.4658368110606
 30
0.0
 40
0.1254933634009349
100
AcDbArc
 50
315.0002564594348
 51
343.4696319590689
  0
ARC
  5
6C43
330
1D
100
AcDbEntity
  8
0
100
AcDbCircle
 10
196.2255631889393
 20
189.465837605447
 30
0.0
 40
0.1254933634009722
100
AcDbArc
 50
286.5303680409685
 51
314.999743540602
  0
ARC
  5
6C44
330
1D
100
AcDbEntity
  8
0
100
AcDbCircle
 10
196.1873989071379
 20
189.5944190932465
 30
0.0
 40
0.2596190932488014
100
AcDbArc
 50
270.0002411855856
 51
286.5309112413378
  0
ARC
  5
6C45
330
1D
100
AcDbEntity
  8
0
100
AcDbCircle
 10
196.1873999599912
 20
189.4399499571338
 30
0.0
 40
0.105149957133826
100
AcDbArc
 50
196.6107112037383
 51
270.0000218006073
  0
ARC
  5
6C46
330
1D
100
AcDbEntity
  8
0
100
AcDbCircle
 10
197.2023738865385
 20
189.7427328255662
 30
0.0
 40
1.164323945195715
100
AcDbArc
 50
183.9451814354485
 51
196.6106819658448
  0
ARC
  5
6C47
330
1D
100
AcDbEntity
  8
0
100
AcDbCircle
 10
204.2537091589816
 20
190.2290325047081
 30
0.0
 40
8.232408303940543
100
AcDbArc
 50
180.2279370236598
 51
183.9451903755168
  0
ARC
  5
6C48
330
1D
100
AcDbEntity
  8
0
100
AcDbCircle
 10
596.4011781528419
 20
191.7885178792432
 30
0.0
 40
400.3829781529682
100
AcDbArc
 50
180.000045489294
 51
180.2278534336106
  0
LINE
  5
6C49
330
1D
100
AcDbEntity
  8
0
100
AcDbLine
 10
196.0182
 20
191.7882
 30
0.0
 11
196.0182
 21
194.2416
 31
0.0
  0
LINE
  5
6C4A
330
1D
100
AcDbEntity
  8
0
100
AcDbLine
 10
196.0182
 20
194.2416
 30
0.0
 11
195.8067
 21
194.2416
 31
0.0
  0
ARC
  5
6C4B
330
1D
100
AcDbEntity
  8
0
100
AcDbCircle
 10
195.8066992115303
 20
194.8019071001058
 30
0.0
 40
0.5603071001064143
100
AcDbArc
 50
259.7127771335179
 51
270.0000806271845
  0
ARC
  5
6C4C
330
1D
100
AcDbEntity
  8
0
100
AcDbCircle
 10
195.732198785358
 20
194.3914350559783
 30
0.0
 40
0.1431289457054721
100
AcDbArc
 50
231.3402728391185
 51
259.71260736128
  0
ARC
  5
6C4D
330
1D
100
AcDbEntity
  8
0
100
AcDbCircle
 10
195.7100621466261
 20
194.3637630878831
 30
0.0
 40
0.1076921203397776
100
AcDbArc
 50
197.3340825185006
 51
231.3399107702132
  0
ARC
  5
6C4E
330
1D
100
AcDbEntity
  8
0
100
AcDbCircle
 10
195.8607601502888
 20
194.4107995266564
 30
0.0
 40
0.2655601502892436
100
AcDbArc
 50
179.9998978740346
 51
197.3342637289885
  0
ARC
  5
6C4F
330
1D
100
AcDbEntity
  8
0
100
AcDbCircle
 10
195.3355809067535
 20
194.4107989071378
 30
0.0
 40
0.2596190932487994
100
AcDbArc
 50
0.0002411856044267
 51
16.53091124135769
  0
ARC
  5
6C50
330
1D
100
AcDbEntity
  8
0
100
AcDbCircle
 10
195.464162394553
 20
194.4489631889394
 30
0.0
 40
0.1254933634009349
100
AcDbArc
 50
16.53036804093118
 51
44.99974354056521
  0
ARC
  5
6C51
330
1D
100
AcDbEntity
  8
0
100
AcDbCircle
 10
195.4641631889393
 20
194.4489623945529
 30
0.0
 40
0.125493363400932
100
AcDbArc
 50
45.00025645943476
 51
73.46963195906879
  0
ARC
  5
6C52
330
1D
100
AcDbEntity
  8
0
100
AcDbCircle
 10
195.4259989071378
 20
194.3203809067535
 30
0.0
 40
0.2596190932487985
100
AcDbArc
 50
73.4690887586423
 51
89.99975881439558
  0
ARC
  5
6C53
330
1D
100
AcDbEntity
  8
0
100
AcDbCircle
 10
195.4260010928621
 20
194.8396190932464
 30
0.0
 40
0.2596190932486857
100
AcDbArc
 50
253.469088758655
 51
269.9997588144081
  0
ARC
  5
6C54
330
1D
100
AcDbEntity
  8
0
100
AcDbCircle
 10
195.3878368110606
 20
194.711037605447
 30
0.0
 40
0.125493363400943
100
AcDbArc
 50
225.0002564594256
 51
253.4696319590564
  0
ARC
  5
6C55
330
1D
100
AcDbEntity
  8
0
100
AcDbCircle
 10
195.387837605447
 20
194.7110368110606
 30
0.0
 40
0.1254933634009521
100
AcDbArc
 50
196.5303680409436
 51
224.9997435405744
  0
ARC
  5
6C56
330
1D
100
AcDbEntity
  8
0
100
AcDbCircle
 10
195.5164190932465
 20
194.7492010928621
 30
0.0
 40
0.2596190932487985
100
AcDbArc
 50
180.0002411856044
 51
196.5309112413577
  0
ARC
  5
6C57
330
1D
100
AcDbEntity
  8
0
100
AcDbCircle
 10
194.9971809067535
 20
194.7491989071379
 30
0.0
 40
0.259619093248771
100
AcDbArc
 50
0.0002411855856095
 51
16.53091124133966
  0
ARC
  5
6C58
330
1D
100
AcDbEntity
  8
0
100
AcDbCircle
 10
195.1257623945529
 20
194.7873631889393
 30
0.0
 40
0.1254933634009864
100
AcDbArc
 50
16.53036804096481
 51
44.99974354059275
  0
ARC
  5
6C59
330
1D
100
AcDbEntity
  8
0
100
AcDbCircle
 10
195.1257631889393
 20
194.787362394553
 30
0.0
 40
0.1254933634009521
100
AcDbArc
 50
45.00025645942559
 51
73.46963195905637
  0
ARC
  5
6C5A
330
1D
100
AcDbEntity
  8
0
100
AcDbCircle
 10
195.0875989071379
 20
194.6587809067536
 30
0.0
 40
0.2596190932486925
100
AcDbArc
 50
73.46908875865499
 51
89.99975881440812
  0
ARC
  5
6C5B
330
1D
100
AcDbEntity
  8
0
100
AcDbCircle
 10
195.0876010928621
 20
195.1780190932465
 30
0.0
 40
0.2596190932487994
100
AcDbArc
 50
253.4690887586423
 51
269.9997588143956
  0
ARC
  5
6C5C
330
1D
100
AcDbEntity
  8
0
100
AcDbCircle
 10
195.0494368110606
 20
195.049437605447
 30
0.0
 40
0.1254933634009349
100
AcDbArc
 50
225.0002564594347
 51
253.4696319590688
  0
ARC
  5
6C5D
330
1D
100
AcDbEntity
  8
0
100
AcDbCircle
 10
195.049437605447
 20
195.0494368110606
 30
0.0
 40
0.125493363400932
100
AcDbArc
 50
196.5303680409312
 51
224.9997435405652
  0
ARC
  5
6C5E
330
1D
100
AcDbEntity
  8
0
100
AcDbCircle
 10
195.1780190932465
 20
195.0876010928621
 30
0.0
 40
0.2596190932487985
100
AcDbArc
 50
180.0002411856044
 51
196.5309112413577
  0
ARC
  5
6C5F
330
1D
100
AcDbEntity
  8
0
100
AcDbCircle
 10
194.6846351901946
 20
195.0876005400885
 30
0.0
 40
0.2337648098060172
100
AcDbArc
 50
359.999867624243
 51
21.69780511972925
  0
ARC
  5
6C60
330
1D
100
AcDbEntity
  8
0
100
AcDbCircle
 10
194.8114408896568
 20
195.138056503229
 30
0.0
 40
0.0972895753055945
100
AcDbArc
 50
21.69809329016679
 51
63.43502153615371
  0
ARC
  5
6C61
330
1D
100
AcDbEntity
  8
0
100
AcDbCircle
 10
194.7448543493538
 20
195.004883844854
 30
0.0
 40
0.2461812281546518
100
AcDbArc
 50
63.43493361147764
 51
86.01541762181826
  0
ARC
  5
6C62
330
1D
100
AcDbEntity
  8
0
100
AcDbCircle
 10
194.579996974412
 20
192.6382395340414
 30
0.0
 40
2.618560465960328
100
AcDbArc
 50
86.01529928397958
 51
89.99993379819992
  0
ARC
  5
6C63
330
1D
100
AcDbEntity
  8
0
100
AcDbCircle
 10
194.5799987799892
 20
198.2996619547984
 30
0.0
 40
3.042861954798627
100
AcDbArc
 50
266.2992664834893
 51
270.0000229722767
  0
ARC
  5
6C64
330
1D
100
AcDbEntity
  8
0
100
AcDbCircle
 10
194.3956628266535
 20
195.449684847707
 30
0.0
 40
0.1869296631233895
100
AcDbArc
 50
237.9945071482312
 51
266.299132604397
  0
ARC
  5
6C65
330
1D
100
AcDbEntity
  8
0
100
AcDbCircle
 10
194.3466364045138
 20
195.3712429373215
 30
0.0
 40
0.0944271043871399
100
AcDbArc
 50
192.4758689063292
 51
237.9945171313313
  0
ARC
  5
6C66
330
1D
100
AcDbEntity
  8
0
100
AcDbCircle
 10
194.7853073249738
 20
195.4683024044479
 30
0.0
 40
0.5437073249791538
100
AcDbArc
 50
180.0002533802828
 51
192.4761036453708
  0
ARC
  5
6C67
330
1D
100
AcDbEntity
  8
0
100
AcDbCircle
 10
193.7291461164374
 20
195.4683007626953
 30
0.0
 40
0.5124538835631533
100
AcDbArc
 50
359.9999147255469
 51
13.42886487053815
  0
ARC
  5
6C68
330
1D
100
AcDbEntity
  8
0
100
AcDbCircle
 10
194.1372987252903
 20
195.5657532748062
 30
0.0
 40
0.0928284026530692
100
AcDbArc
 50
13.42914892897368
 51
60.9455250080835
  0
ARC
  5
6C69
330
1D
100
AcDbEntity
  8
0
100
AcDbCircle
 10
194.0765548620962
 20
195.4564145184209
 30
0.0
 40
0.217907499881822
100
AcDbArc
 50
60.94542569840239
 51
87.08984896919142
  0
ARC
  5
6C6A
330
1D
100
AcDbEntity
  8
0
100
AcDbCircle
 10
193.8609022144819
 20
191.2143360757895
 30
0.0
 40
4.465463924211045
100
AcDbArc
 50
87.08978843041606
 51
90.0000284137263
  0
ARC
  5
6C6B
330
1D
100
AcDbEntity
  8
0
100
AcDbCircle
 10
193.8608952755352
 20
199.437332382344
 30
0.0
 40
3.757532382347037
100
AcDbArc
 50
266.7999669681847
 51
270.0000720398035
  0
ARC
  5
6C6C
330
1D
100
AcDbEntity
  8
0
100
AcDbCircle
 10
193.6674299066251
 20
195.9769578234427
 30
0.0
 40
0.2917538353497945
100
AcDbArc
 50
246.0374140013771
 51
266.7996521626475
  0
ARC
  5
6C6D
330
1D
100
AcDbEntity
  8
0
100
AcDbCircle
 10
193.5890996135564
 20
195.8007128673358
 30
0.0
 40
0.0988862140080084
100
AcDbArc
 50
203.4286758643136
 51
246.0368019636734
  0
ARC
  5
6C6E
330
1D
100
AcDbEntity
  8
0
100
AcDbCircle
 10
193.7005236394904
 20
195.8490009068487
 30
0.0
 40
0.2203236394922713
100
AcDbArc
 50
180.0002358285509
 51
203.4297100321841
  0
ARC
  5
6C6F
330
1D
100
AcDbEntity
  8
0
100
AcDbCircle
 10
193.2464351901946
 20
195.8490005400886
 30
0.0
 40
0.2337648098060172
100
AcDbArc
 50
359.999867624236
 51
21.69780511972278
  0
ARC
  5
6C70
330
1D
100
AcDbEntity
  8
0
100
AcDbCircle
 10
193.3732408896568
 20
195.8994565032289
 30
0.0
 40
0.097289575305584
100
AcDbArc
 50
21.69809329015123
 51
63.43502153614624
  0
ARC
  5
6C71
330
1D
100
AcDbEntity
  8
0
100
AcDbCircle
 10
193.3066543493539
 20
195.7662838448539
 30
0.0
 40
0.2461812281546391
100
AcDbArc
 50
63.43493361149835
 51
86.01541762183805
  0
ARC
  5
6C72
330
1D
100
AcDbEntity
  8
0
100
AcDbCircle
 10
193.1417969744117
 20
193.3996395340409
 30
0.0
 40
2.618560465960755
100
AcDbArc
 50
86.0152992839709
 51
89.99993379819121
  0
ARC
  5
6C73
330
1D
100
AcDbEntity
  8
0
100
AcDbCircle
 10
193.1418030255878
 20
198.6367604659586
 30
0.0
 40
2.618560465960328
100
AcDbArc
 50
266.0152992839796
 51
269.9999337981999
  0
ARC
  5
6C74
330
1D
100
AcDbEntity
  8
0
100
AcDbCircle
 10
192.9769456506461
 20
196.270116155146
 30
0.0
 40
0.2461812281546502
100
AcDbArc
 50
243.4349336114776
 51
266.0154176218183
  0
ARC
  5
6C75
330
1D
100
AcDbEntity
  8
0
100
AcDbCircle
 10
192.9103591103432
 20
196.136943496771
 30
0.0
 40
0.0972895753055914
100
AcDbArc
 50
201.698093290145
 51
243.4350215361313
  0
ARC
  5
6C76
330
1D
100
AcDbEntity
  8
0
100
AcDbCircle
 10
193.0371648098054
 20
196.1873994599114
 30
0.0
 40
0.2337648098060439
100
AcDbArc
 50
179.999867624236
 51
201.6978051197202
  0
ARC
  5
6C77
330
1D
100
AcDbEntity
  8
0
100
AcDbCircle
 10
192.6796891689723
 20
196.1873998590661
 30
0.0
 40
0.1237108310278025
100
AcDbArc
 50
0.0000652725226685
 51
89.62215100235871
  0
ARC
  5
6C78
330
1D
100
AcDbEntity
  8
0
100
AcDbCircle
 10
176.3137890164825
 20
-2284.936913057599
 30
0.0
 40
2481.301999232326
100
AcDbArc
 50
89.62207318956824
 51
89.71947600887601
  0
ARC
  5
6C79
330
1D
100
AcDbEntity
  8
0
100
AcDbCircle
 10
180.9056148288
 20
-1347.198697084172
 30
0.0
 40
1543.552540922265
100
AcDbArc
 50
89.71949678559855
 51
89.98603663172225
  0
ARC
  5
6C7A
330
1D
100
AcDbEntity
  8
0
100
AcDbCircle
 10
158.2794379854591
 20
-94219.58297426844
 30
0.0
 40
94415.93957427498
100
AcDbArc
 50
89.98604115310413
 51
90.00002132328793
  0
ARC
  5
6C7B
330
1D
100
AcDbEntity
  8
0
100
AcDbCircle
 10
158.2091620145409
 20
-94219.58297426844
 30
0.0
 40
94415.93957427498
100
AcDbArc
 50
89.99997867671206
 51
90.01395884689591
  0
ARC
  5
6C7C
330
1D
100
AcDbEntity
  8
0
100
AcDbCircle
 10
135.5829846711998
 20
-1347.198912045187
 30
0.0
 40
1543.552755883152
100
AcDbArc
 50
90.01396334777345
 51
90.28050319389715
  0
ARC
  5
6C7D
330
1D
100
AcDbEntity
  8
0
100
AcDbCircle
 10
140.1748104835175
 20
-2284.936324822421
 30
0.0
 40
2481.301411006646
100
AcDbArc
 50
90.28052406917216
 51
90.37792688847991
  0
ARC
  5
6C7E
330
1D
100
AcDbEntity
  8
0
100
AcDbCircle
 10
123.8089108310277
 20
196.1873998590661
 30
0.0
 40
0.1237108310278226
100
AcDbArc
 50
90.37784899764787
 51
179.9999347274773
  0
ARC
  5
6C7F
330
1D
100
AcDbEntity
  8
0
100
AcDbCircle
 10
123.4514351901946
 20
196.1873994599113
 30
0.0
 40
0.2337648098060314
100
AcDbArc
 50
338.3021948802928
 51
0.000132375777896
  0
ARC
  5
6C80
330
1D
100
AcDbEntity
  8
0
100
AcDbCircle
 10
123.5782408896567
 20
196.136943496771
 30
0.0
 40
0.0972895753056209
100
AcDbArc
 50
296.5649784638537
 51
338.3019067098394
  0
ARC
  5
6C81
330
1D
100
AcDbEntity
  8
0
100
AcDbCircle
 10
123.5116543493538
 20
196.270116155146
 30
0.0
 40
0.2461812281546518
100
AcDbArc
 50
273.9845823781818
 51
296.5650663885224
  0
ARC
  5
6C82
330
1D
100
AcDbEntity
  8
0
100
AcDbCircle
 10
123.3467969744121
 20
198.6367604659588
 30
0.0
 40
2.618560465960556
100
AcDbArc
 50
270.0000662017997
 51
273.98470071602
  0
ARC
  5
6C83
330
1D
100
AcDbEntity
  8
0
100
AcDbCircle
 10
123.3468030255883
 20
193.3996395340411
 30
0.0
 40
2.618560465960555
100
AcDbArc
 50
90.00006620180876
 51
93.98470071602913
  0
ARC
  5
6C84
330
1D
100
AcDbEntity
  8
0
100
AcDbCircle
 10
123.181945650646
 20
195.7662838448539
 30
0.0
 40
0.2461812281546453
100
AcDbArc
 50
93.98458237816523
 51
116.5650663885046
  0
ARC
  5
6C85
330
1D
100
AcDbEntity
  8
0
100
AcDbCircle
 10
123.1153591103432
 20
195.8994565032289
 30
0.0
 40
0.0972895753056105
100
AcDbArc
 50
116.5649784638537
 51
158.3019067098394
  0
ARC
  5
6C86
330
1D
100
AcDbEntity
  8
0
100
AcDbCircle
 10
123.2421648098054
 20
195.8490005400886
 30
0.0
 40
0.2337648098060306
100
AcDbArc
 50
158.3021948802785
 51
180.0001323757639
  0
ARC
  5
6C87
330
1D
100
AcDbEntity
  8
0
100
AcDbCircle
 10
122.7746351901945
 20
195.8489994599114
 30
0.0
 40
0.2337648098060882
100
AcDbArc
 50
338.3021948802914
 51
0.0001323757778959
  0
ARC
  5
6C88
330
1D
100
AcDbEntity
  8
0
100
AcDbCircle
 10
122.9014408896567
 20
195.798543496771
 30
0.0
 40
0.0972895753056183
100
AcDbArc
 50
296.5649784638388
 51
338.3019067098207
  0
ARC
  5
6C89
330
1D
100
AcDbEntity
  8
0
100
AcDbCircle
 10
122.8348543493538
 20
195.9317161551459
 30
0.0
 40
0.2461812281546518
100
AcDbArc
 50
273.9845823781818
 51
296.5650663885224
  0
ARC
  5
6C8A
330
1D
100
AcDbEntity
  8
0
100
AcDbCircle
 10
122.6699969744121
 20
198.2983604659588
 30
0.0
 40
2.618560465960555
100
AcDbArc
 50
270.0000662017994
 51
273.9847007160197
  0
ARC
  5
6C8B
330
1D
100
AcDbEntity
  8
0
100
AcDbCircle
 10
122.6699987799888
 20
192.6369380452016
 30
0.0
 40
3.042861954798627
100
AcDbArc
 50
89.99997702771478
 51
93.70073351650207
  0
ARC
  5
6C8C
330
1D
100
AcDbEntity
  8
0
100
AcDbCircle
 10
122.4856628266535
 20
195.4869151522929
 30
0.0
 40
0.1869296631233932
100
AcDbArc
 50
93.70086739562038
 51
122.0054928517845
  0
ARC
  5
6C8D
330
1D
100
AcDbEntity
  8
0
100
AcDbCircle
 10
122.4366364045138
 20
195.5653570626784
 30
0.0
 40
0.0944271043871324
100
AcDbArc
 50
122.0054828686614
 51
167.5241310936689
  0
ARC
  5
6C8E
330
1D
100
AcDbEntity
  8
0
100
AcDbCircle
 10
122.8753073249738
 20
195.4682975955519
 30
0.0
 40
0.543707324979166
100
AcDbArc
 50
167.5238963546233
 51
179.9997466197112
  0
ARC
  5
6C8F
330
1D
100
AcDbEntity
  8
0
100
AcDbCircle
 10
121.7712928998941
 20
195.4682992115303
 30
0.0
 40
0.5603071001064285
100
AcDbArc
 50
349.7127771335154
 51
0.0000806271816311
  0
ARC
  5
6C90
330
1D
100
AcDbEntity
  8
0
100
AcDbCircle
 10
122.1817649440217
 20
195.3937987853581
 30
0.0
 40
0.1431289457054403
100
AcDbArc
 50
321.3402728390954
 51
349.7126073612546
  0
ARC
  5
6C91
330
1D
100
AcDbEntity
  8
0
100
AcDbCircle
 10
122.2094369121169
 20
195.371662146626
 30
0.0
 40
0.1076921203397421
100
AcDbArc
 50
287.3340825185195
 51
321.3399107702368
  0
ARC
  5
6C92
330
1D
100
AcDbEntity
  8
0
100
AcDbCircle
 10
122.1624004733435
 20
195.5223601502888
 30
0.0
 40
0.2655601502892979
100
AcDbArc
 50
269.9998978740315
 51
287.3342637289848
  0
ARC
  5
6C93
330
1D
100
AcDbEntity
  8
0
100
AcDbCircle
 10
122.162401092862
 20
194.9971809067535
 30
0.0
 40
0.259619093248771
100
AcDbArc
 50
90.00024118558249
 51
106.5309112413366
  0
ARC
  5
6C94
330
1D
100
AcDbEntity
  8
0
100
AcDbCircle
 10
122.1242368110607
 20
195.1257623945529
 30
0.0
 40
0.1254933634009783
100
AcDbArc
 50
106.5303680409524
 51
134.9997435405835
  0
ARC
  5
6C95
330
1D
100
AcDbEntity
  8
0
100
AcDbCircle
 10
122.124237605447
 20
195.1257631889393
 30
0.0
 40
0.1254933634009521
100
AcDbArc
 50
135.0002564594256
 51
163.4696319590563
  0
ARC
  5
6C96
330
1D
100
AcDbEntity
  8
0
100
AcDbCircle
 10
122.2528190932464
 20
195.0875989071379
 30
0.0
 40
0.2596190932487006
100
AcDbArc
 50
163.469088758649
 51
179.9997588144018
  0
ARC
  5
6C97
330
1D
100
AcDbEntity
  8
0
100
AcDbCircle
 10
121.7276398497111
 20
195.0875995266565
 30
0.0
 40
0.2655601502893417
100
AcDbArc
 50
342.665736271012
 51
0.0001021259653829
  0
ARC
  5
6C98
330
1D
100
AcDbEntity
  8
0
100
AcDbCircle
 10
121.8783373533739
 20
195.0405647230119
 30
0.0
 40
0.1076930848156517
100
AcDbArc
 50
308.6593380609937
 51
342.6651663127082
  0
ARC
  5
6C99
330
1D
100
AcDbEntity
  8
0
100
AcDbCircle
 10
121.8562007146419
 20
195.0682330779897
 30
0.0
 40
0.1431270888095831
100
AcDbArc
 50
280.2877309852137
 51
308.6600655073742
  0
ARC
  5
6C9A
330
1D
100
AcDbEntity
  8
0
100
AcDbCircle
 10
121.7817007884695
 20
195.4787071001059
 30
0.0
 40
0.5603071001064432
100
AcDbArc
 50
269.9999193728344
 51
280.2872228665006
  0
ARC
  5
6C9B
330
1D
100
AcDbEntity
  8
0
100
AcDbCircle
 10
121.7816992115303
 20
194.3580928998941
 30
0.0
 40
0.5603071001064143
100
AcDbArc
 50
89.99991937281837
 51
100.2872228664849
  0
ARC
  5
6C9C
330
1D
100
AcDbEntity
  8
0
100
AcDbCircle
 10
121.707198785358
 20
194.7685649440216
 30
0.0
 40
0.1431289457054746
100
AcDbArc
 50
100.2873926387256
 51
128.6597271608815
  0
ARC
  5
6C9D
330
1D
100
AcDbEntity
  8
0
100
AcDbCircle
 10
121.685062146626
 20
194.7962369121169
 30
0.0
 40
0.1076921203397288
100
AcDbArc
 50
128.6600892297785
 51
162.6659174814948
  0
ARC
  5
6C9E
330
1D
100
AcDbEntity
  8
0
100
AcDbCircle
 10
121.8357601502889
 20
194.7492004733435
 30
0.0
 40
0.2655601502893385
100
AcDbArc
 50
162.6657362710179
 51
180.0001021259715
  0
ARC
  5
6C9F
330
1D
100
AcDbEntity
  8
0
100
AcDbCircle
 10
121.3105809067535
 20
194.7492010928621
 30
0.0
 40
0.2596190932487994
100
AcDbArc
 50
343.4690887586552
 51
359.9997588144081
  0
ARC
  5
6CA0
330
1D
100
AcDbEntity
  8
0
100
AcDbCircle
 10
121.439162394553
 20
194.7110368110606
 30
0.0
 40
0.125493363400943
100
AcDbArc
 50
315.0002564594255
 51
343.4696319590563
  0
ARC
  5
6CA1
330
1D
100
AcDbEntity
  8
0
100
AcDbCircle
 10
121.4391631889394
 20
194.711037605447
 30
0.0
 40
0.125493363400932
100
AcDbArc
 50
286.5303680409312
 51
314.9997435405652
  0
ARC
  5
6CA2
330
1D
100
AcDbEntity
  8
0
100
AcDbCircle
 10
121.400998907138
 20
194.8396190932464
 30
0.0
 40
0.2596190932487389
100
AcDbArc
 50
270.0002411855825
 51
286.5309112413354
  0
ARC
  5
6CA3
330
1D
100
AcDbEntity
  8
0
100
AcDbCircle
 10
121.4010010928621
 20
194.3203809067535
 30
0.0
 40
0.2596190932487994
100
AcDbArc
 50
90.00024118560444
 51
106.5309112413577
  0
ARC
  5
6CA4
330
1D
100
AcDbEntity
  8
0
100
AcDbCircle
 10
121.3628368110606
 20
194.4489623945529
 30
0.0
 40
0.1254933634009349
100
AcDbArc
 50
106.5303680409312
 51
134.9997435405652
  0
ARC
  5
6CA5
330
1D
100
AcDbEntity
  8
0
100
AcDbCircle
 10
121.362837605447
 20
194.4489631889393
 30
0.0
 40
0.1254933634009521
100
AcDbArc
 50
135.0002564594256
 51
163.4696319590581
  0
ARC
  5
6CA6
330
1D
100
AcDbEntity
  8
0
100
AcDbCircle
 10
121.4914190932465
 20
194.4107989071379
 30
0.0
 40
0.2596190932487878
100
AcDbArc
 50
163.4690887586612
 51
179.9997588144144
  0
ARC
  5
6CA7
330
1D
100
AcDbEntity
  8
0
100
AcDbCircle
 10
120.9721809067535
 20
194.4108010928621
 30
0.0
 40
0.2596190932487852
100
AcDbArc
 50
343.4690887586543
 51
359.9997588144081
  0
ARC
  5
6CA8
330
1D
100
AcDbEntity
  8
0
100
AcDbCircle
 10
121.100762394553
 20
194.3726368110606
 30
0.0
 40
0.125493363400943
100
AcDbArc
 50
315.000256459421
 51
343.4696319590563
  0
ARC
  5
6CA9
330
1D
100
AcDbEntity
  8
0
100
AcDbCircle
 10
121.1007631889394
 20
194.372637605447
 30
0.0
 40
0.125493363400932
100
AcDbArc
 50
286.5303680409312
 51
314.9997435405652
  0
ARC
  5
6CAA
330
1D
100
AcDbEntity
  8
0
100
AcDbCircle
 10
121.0625989071379
 20
194.5012190932464
 30
0.0
 40
0.2596190932487116
100
AcDbArc
 50
270.0002411855825
 51
286.5309112413372
  0
ARC
  5
6CAB
330
1D
100
AcDbEntity
  8
0
100
AcDbCircle
 10
121.0625994599114
 20
194.0078351901945
 30
0.0
 40
0.233764809806074
100
AcDbArc
 50
89.99986762423253
 51
111.6978051197176
  0
ARC
  5
6CAC
330
1D
100
AcDbEntity
  8
0
100
AcDbCircle
 10
121.012143496771
 20
194.1346408896567
 30
0.0
 40
0.0972895753056315
100
AcDbArc
 50
111.6980932901761
 51
153.4350215361612
  0
ARC
  5
6CAD
330
1D
100
AcDbEntity
  8
0
100
AcDbCircle
 10
121.145316155146
 20
194.0680543493538
 30
0.0
 40
0.2461812281546518
100
AcDbArc
 50
153.434933611485
 51
176.0154176218248
  0
ARC
  5
6CAE
330
1D
100
AcDbEntity
  8
0
100
AcDbCircle
 10
123.5119604659586
 20
193.9031969744119
 30
0.0
 40
2.618560465960356
100
AcDbArc
 50
176.0152992839753
 51
179.9999337981955
  0
ARC
  5
6CAF
330
1D
100
AcDbEntity
  8
0
100
AcDbCircle
 10
118.2748395340414
 20
193.903203025588
 30
0.0
 40
2.618560465960356
100
AcDbArc
 50
356.0152992839753
 51
359.9999337981956
  0
ARC
  5
6CB0
330
1D
100
AcDbEntity
  8
0
100
AcDbCircle
 10
120.641483844854
 20
193.7383456506461
 30
0.0
 40
0.2461812281546482
100
AcDbArc
 50
333.434933611485
 51
356.0154176218248
  0
ARC
  5
6CB1
330
1D
100
AcDbEntity
  8
0
100
AcDbCircle
 10
120.7746565032289
 20
193.6717591103431
 30
0.0
 40
0.0972895753056295
100
AcDbArc
 50
291.6980932901761
 51
333.4350215361612
  0
ARC
  5
6CB2
330
1D
100
AcDbEntity
  8
0
100
AcDbCircle
 10
120.7242005400885
 20
193.7985648098054
 30
0.0
 40
0.2337648098060703
100
AcDbArc
 50
269.9998676242326
 51
291.6978051197176
  0
ARC
  5
6CB3
330
1D
100
AcDbEntity
  8
0
100
AcDbCircle
 10
120.7241995266563
 20
193.2992398497111
 30
0.0
 40
0.265560150289299
100
AcDbArc
 50
89.99989787401316
 51
107.3342637289655
  0
ARC
  5
6CB4
330
1D
100
AcDbEntity
  8
0
100
AcDbCircle
 10
120.6771630878831
 20
193.4499378533739
 30
0.0
 40
0.107692120339743
100
AcDbArc
 50
107.3340825185196
 51
141.3399107702368
  0
ARC
  5
6CB5
330
1D
100
AcDbEntity
  8
0
100
AcDbCircle
 10
120.7048350559783
 20
193.4278012146419
 30
0.0
 40
0.1431289457054989
100
AcDbArc
 50
141.3402728391131
 51
169.7126073612708
  0
ARC
  5
6CB6
330
1D
100
AcDbEntity
  8
0
100
AcDbCircle
 10
121.1153071001058
 20
193.3533007884695
 30
0.0
 40
0.5603071001064292
100
AcDbArc
 50
169.7127771335154
 51
180.0000806271816
  0
ARC
  5
6CB7
330
1D
100
AcDbEntity
  8
0
100
AcDbCircle
 10
119.9946928998941
 20
193.3532992115304
 30
0.0
 40
0.5603071001064285
100
AcDbArc
 50
349.7127771335066
 51
0.0000806271729121
  0
ARC
  5
6CB8
330
1D
100
AcDbEntity
  8
0
100
AcDbCircle
 10
120.4051649440217
 20
193.2787987853581
 30
0.0
 40
0.1431289457054403
100
AcDbArc
 50
321.3402728390954
 51
349.7126073612546
  0
ARC
  5
6CB9
330
1D
100
AcDbEntity
  8
0
100
AcDbCircle
 10
120.4328369121169
 20
193.256662146626
 30
0.0
 40
0.1076921203397421
100
AcDbArc
 50
287.3340825185195
 51
321.3399107702368
  0
ARC
  5
6CBA
330
1D
100
AcDbEntity
  8
0
100
AcDbCircle
 10
120.3858004733435
 20
193.4073601502888
 30
0.0
 40
0.2655601502892979
100
AcDbArc
 50
269.9998978740315
 51
287.3342637289848
  0
ARC
  5
6CBB
330
1D
100
AcDbEntity
  8
0
100
AcDbCircle
 10
120.3857994599114
 20
192.9080351901945
 30
0.0
 40
0.233764809806074
100
AcDbArc
 50
89.99986762423603
 51
111.6978051197208
  0
ARC
  5
6CBC
330
1D
100
AcDbEntity
  8
0
100
AcDbCircle
 10
120.335343496771
 20
193.0348408896566
 30
0.0
 40
0.0972895753056157
100
AcDbArc
 50
111.6980932901528
 51
153.435021536135
  0
ARC
  5
6CBD
330
1D
100
AcDbEntity
  8
0
100
AcDbCircle
 10
120.468516155146
 20
192.9682543493539
 30
0.0
 40
0.2461812281546391
100
AcDbArc
 50
153.4349336114835
 51
176.0154176218246
  0
ARC
  5
6CBE
330
1D
100
AcDbEntity
  8
0
100
AcDbCircle
 10
122.8351604659586
 20
192.8033969744119
 30
0.0
 40
2.618560465960343
100
AcDbArc
 50
176.0152992839753
 51
179.9999337981955
  0
ARC
  5
6CBF
330
1D
100
AcDbEntity
  8
0
100
AcDbCircle
 10
122.835160465959
 20
192.8034030255881
 30
0.0
 40
2.618560465960753
100
AcDbArc
 50
180.0000662018044
 51
183.9847007160247
  0
ARC
  5
6CC0
330
1D
100
AcDbEntity
  8
0
100
AcDbCircle
 10
120.468516155146
 20
192.6385456506461
 30
0.0
 40
0.2461812281546341
100
AcDbArc
 50
183.9845823781753
 51
206.5650663885165
  0
ARC
  5
6CC1
330
1D
100
AcDbEntity
  8
0
100
AcDbCircle
 10
120.335343496771
 20
192.5719591103431
 30
0.0
 40
0.0972895753055914
100
AcDbArc
 50
206.56497846385
 51
248.301906709841
  0
ARC
  5
6CC2
330
1D
100
AcDbEntity
  8
0
100
AcDbCircle
 10
120.3857994599114
 20
192.6987648098054
 30
0.0
 40
0.2337648098060491
100
AcDbArc
 50
248.3021948802766
 51
270.000132375764
  0
ARC
  5
6CC3
330
1D
100
AcDbEntity
  8
0
100
AcDbCircle
 10
120.3858005400885
 20
192.2312351901945
 30
0.0
 40
0.2337648098060456
100
AcDbArc
 50
68.30219488027656
 51
90.00013237576395
  0
ARC
  5
6CC4
330
1D
100
AcDbEntity
  8
0
100
AcDbCircle
 10
120.4362565032289
 20
192.3580408896568
 30
0.0
 40
0.0972895753056103
100
AcDbArc
 50
26.56497846382381
 51
68.30190670980988
  0
ARC
  5
6CC5
330
1D
100
AcDbEntity
  8
0
100
AcDbCircle
 10
120.303083844854
 20
192.2914543493538
 30
0.0
 40
0.2461812281546518
100
AcDbArc
 50
3.984582378181743
 51
26.56506638852236
  0
ARC
  5
6CC6
330
1D
100
AcDbEntity
  8
0
100
AcDbCircle
 10
117.9364395340414
 20
192.1265969744118
 30
0.0
 40
2.618560465960343
100
AcDbArc
 50
0.0000662018044333
 51
3.984700716024745
  0
ARC
  5
6CC7
330
1D
100
AcDbEntity
  8
0
100
AcDbCircle
 10
117.9364395340414
 20
192.126603025588
 30
0.0
 40
2.618560465960341
100
AcDbArc
 50
356.0152992839753
 51
359.9999337981956
  0
ARC
  5
6CC8
330
1D
100
AcDbEntity
  8
0
100
AcDbCircle
 10
120.303083844854
 20
191.9617456506461
 30
0.0
 40
0.2461812281546502
100
AcDbArc
 50
333.4349336114776
 51
356.0154176218182
  0
ARC
  5
6CC9
330
1D
100
AcDbEntity
  8
0
100
AcDbCircle
 10
120.4362565032289
 20
191.8951591103432
 30
0.0
 40
0.0972895753056168
100
AcDbArc
 50
291.6980932901901
 51
333.4350215361762
  0
ARC
  5
6CCA
330
1D
100
AcDbEntity
  8
0
100
AcDbCircle
 10
120.3858005400885
 20
192.0219648098054
 30
0.0
 40
0.2337648098060491
100
AcDbArc
 50
269.999867624236
 51
291.6978051197235
  0
ARC
  5
6CCB
330
1D
100
AcDbEntity
  8
0
100
AcDbCircle
 10
120.3857993924319
 20
191.6650051605043
 30
0.0
 40
0.1231948394971798
100
AcDbArc
 50
89.99971743065348
 51
139.305102967553
  0
ARC
  5
6CCC
330
1D
100
AcDbEntity
  8
0
100
AcDbCircle
 10
120.4619300326818
 20
191.5995362490131
 30
0.0
 40
0.223604265127747
100
AcDbArc
 50
139.3054864040901
 51
170.9098784942879
  0
ARC
  5
6CCD
330
1D
100
AcDbEntity
  8
0
100
AcDbCircle
 10
121.8850462644391
 20
191.3718350149972
 30
0.0
 40
1.664821688370271
100
AcDbArc
 50
170.9096543413548
 51
179.3521481103802
  0
ARC
  5
6CCE
330
1D
100
AcDbEntity
  8
0
100
AcDbCircle
 10
178.580132077159
 20
190.7307387339834
 30
0.0
 40
58.36353207717198
100
AcDbArc
 50
179.3521390766005
 51
180.0000380253506
  0
LINE
  5
6CCF
330
1D
100
AcDbEntity
  8
0
100
AcDbLine
 10
120.2166
 20
190.7307
 30
0.0
 11
120.2166
 21
189.6732
 31
0.0
  0
LINE
  5
6CD0
330
1D
100
AcDbEntity
  8
0
100
AcDbLine
 10
120.2166
 20
189.6732
 30
0.0
 11
117.0441
 21
189.6732
 31
0.0
  0
LINE
  5
6CD1
330
1D
100
AcDbEntity
  8
0
100
AcDbLine
 10
117.0441
 20
189.6732
 30
0.0
 11
113.8716
 21
189.6732
 31
0.0
  0
LINE
  5
6CD2
330
1D
100
AcDbEntity
  8
0
100
AcDbLine
 10
113.8716
 20
189.6732
 30
0.0
 11
113.8716
 21
190.35
 31
0.0
  0
ARC
  5
6CD3
330
1D
100
AcDbEntity
  8
0
100
AcDbCircle
 10
132.8499634562556
 20
190.3500019353639
 30
0.0
 40
18.97836345625573
100
AcDbArc
 50
178.7736586828347
 51
180.0000058428738
  0
ARC
  5
6CD4
330
1D
100
AcDbEntity
  8
0
100
AcDbCircle
 10
114.6213529137297
 20
190.7402223229153
 30
0.0
 40
0.7455766626272679
100
AcDbArc
 50
165.9638535516162
 51
178.7737508472537
  0
ARC
  5
6CD5
330
1D
100
AcDbEntity
  8
0
100
AcDbCircle
 10
114.0282912061403
 20
190.88848623003
 30
0.0
 40
0.134263015502814
100
AcDbArc
 50
125.8889825790125
 51
165.963666099717
  0
ARC
  5
6CD6
330
1D
100
AcDbEntity
  8
0
100
AcDbCircle
 10
114.0407996594629
 20
190.8711989822081
 30
0.0
 40
0.1556010177921812
100
AcDbArc
 50
89.99987460661888
 51
125.8888746502032
  0
ARC
  5
6CD7
330
1D
100
AcDbEntity
  8
0
100
AcDbCircle
 10
114.0408004733436
 20
191.2923601502888
 30
0.0
 40
0.2655601502892706
100
AcDbArc
 50
269.9998978740101
 51
287.3342637289644
  0
ARC
  5
6CD8
330
1D
100
AcDbEntity
  8
0
100
AcDbCircle
 10
114.0878369121169
 20
191.141662146626
 30
0.0
 40
0.107692120339743
100
AcDbArc
 50
287.3340825185195
 51
321.3399107702368
  0
ARC
  5
6CD9
330
1D
100
AcDbEntity
  8
0
100
AcDbCircle
 10
114.0601649440216
 20
191.163798785358
 30
0.0
 40
0.1431289457054878
100
AcDbArc
 50
321.3402728391096
 51
349.7126073612698
  0
ARC
  5
6CDA
330
1D
100
AcDbEntity
  8
0
100
AcDbCircle
 10
113.6496928998941
 20
191.2382992115303
 30
0.0
 40
0.5603071001064242
100
AcDbArc
 50
349.7127771335183
 51
0.0000806271845374
  0
ARC
  5
6CDB
330
1D
100
AcDbEntity
  8
0
100
AcDbCircle
 10
113.6496928998941
 20
191.2383007884697
 30
0.0
 40
0.5603071001064285
100
AcDbArc
 50
359.9999193728154
 51
10.28722286648177
  0
ARC
  5
6CDC
330
1D
100
AcDbEntity
  8
0
100
AcDbCircle
 10
114.0601669220103
 20
191.3128007146419
 30
0.0
 40
0.143127088809595
100
AcDbArc
 50
10.28773098521826
 51
38.66006550737868
  0
ARC
  5
6CDD
330
1D
100
AcDbEntity
  8
0
100
AcDbCircle
 10
114.0878352769881
 20
191.334937353374
 30
0.0
 40
0.1076930848156384
100
AcDbArc
 50
38.65933806099253
 51
72.66516631271311
  0
ARC
  5
6CDE
330
1D
100
AcDbEntity
  8
0
100
AcDbCircle
 10
114.0408004733435
 20
191.1842398497111
 30
0.0
 40
0.2655601502892979
100
AcDbArc
 50
72.66573627101513
 51
90.00010212596846
  0
ARC
  5
6CDF
330
1D
100
AcDbEntity
  8
0
100
AcDbCircle
 10
114.040801092862
 20
191.7094190932465
 30
0.0
 40
0.2596190932487994
100
AcDbArc
 50
253.4690887586651
 51
269.9997588144175
  0
ARC
  5
6CE0
330
1D
100
AcDbEntity
  8
0
100
AcDbCircle
 10
114.0026368110606
 20
191.580837605447
 30
0.0
 40
0.1254933634009349
100
AcDbArc
 50
225.0002564594347
 51
253.4696319590688
  0
ARC
  5
6CE1
330
1D
100
AcDbEntity
  8
0
100
AcDbCircle
 10
114.002637605447
 20
191.5808368110606
 30
0.0
 40
0.1254933634009521
100
AcDbArc
 50
196.5303680409436
 51
224.9997435405744
  0
ARC
  5
6CE2
330
1D
100
AcDbEntity
  8
0
100
AcDbCircle
 10
114.1312190932466
 20
191.619001092862
 30
0.0
 40
0.2596190932488777
100
AcDbArc
 50
180.0002411855856
 51
196.5309112413394
  0
ARC
  5
6CE3
330
1D
100
AcDbEntity
  8
0
100
AcDbCircle
 10
113.6119809067536
 20
191.6189989071379
 30
0.0
 40
0.2596190932487
100
AcDbArc
 50
0.0002411855981544
 51
16.53091124135103
  0
ARC
  5
6CE4
330
1D
100
AcDbEntity
  8
0
100
AcDbCircle
 10
113.740562394553
 20
191.6571631889393
 30
0.0
 40
0.125493363400943
100
AcDbArc
 50
16.53036804094362
 51
44.99974354057441
  0
ARC
  5
6CE5
330
1D
100
AcDbEntity
  8
0
100
AcDbCircle
 10
113.7405631889394
 20
191.657162394553
 30
0.0
 40
0.125493363400932
100
AcDbArc
 50
45.00025645943476
 51
73.46963195906879
  0
ARC
  5
6CE6
330
1D
100
AcDbEntity
  8
0
100
AcDbCircle
 10
113.7023989071379
 20
191.5285809067535
 30
0.0
 40
0.2596190932487974
100
AcDbArc
 50
73.46908875866514
 51
89.99975881441754
  0
ARC
  5
6CE7
330
1D
100
AcDbEntity
  8
0
100
AcDbCircle
 10
113.7024007315224
 20
191.9742606842802
 30
0.0
 40
0.1860606842816309
100
AcDbArc
 50
241.1657977065595
 51
269.9997747339763
  0
ARC
  5
6CE8
330
1D
100
AcDbEntity
  8
0
100
AcDbCircle
 10
113.6656785649583
 20
191.9075600605259
 30
0.0
 40
0.1099194292084996
100
AcDbArc
 50
198.4352152976001
 51
241.1664009776705
  0
ARC
  5
6CE9
330
1D
100
AcDbEntity
  8
0
100
AcDbCircle
 10
113.9957516607416
 20
192.0175826165142
 30
0.0
 40
0.4578464494060751
100
AcDbArc
 50
181.9376432480116
 51
198.4347980010215
  0
ARC
  5
6CEA
330
1D
100
AcDbEntity
  8
0
100
AcDbCircle
 10
122.2192140855629
 20
192.2958062609088
 30
0.0
 40
8.686014085565172
100
AcDbArc
 50
180.0000412989957
 51
181.9377383896082
  0
ARC
  5
6CEB
330
1D
100
AcDbEntity
  8
0
100
AcDbCircle
 10
122.219214085562
 20
192.295793739091
 30
0.0
 40
8.686014085564334
100
AcDbArc
 50
178.0622616103918
 51
179.9999587010043
  0
ARC
  5
6CEC
330
1D
100
AcDbEntity
  8
0
100
AcDbCircle
 10
113.9957516607416
 20
192.5740173834857
 30
0.0
 40
0.4578464494060711
100
AcDbArc
 50
161.5652019989783
 51
178.0623567519884
  0
ARC
  5
6CED
330
1D
100
AcDbEntity
  8
0
100
AcDbCircle
 10
113.6656785649583
 20
192.6840399394741
 30
0.0
 40
0.1099194292084841
100
AcDbArc
 50
118.8335990223367
 51
161.5647847024138
  0
ARC
  5
6CEE
330
1D
100
AcDbEntity
  8
0
100
AcDbCircle
 10
113.7024007315224
 20
192.6173393157198
 30
0.0
 40
0.1860606842816059
100
AcDbArc
 50
90.00022526602371
 51
118.8342022934447
  0
ARC
  5
6CEF
330
1D
100
AcDbEntity
  8
0
100
AcDbCircle
 10
113.7024006532437
 20
192.9534704305834
 30
0.0
 40
0.1500704305848053
100
AcDbArc
 50
269.9997505963736
 51
307.5660826739871
  0
ARC
  5
6CF0
330
1D
100
AcDbEntity
  8
0
100
AcDbCircle
 10
113.7074430946392
 20
192.9469156817705
 30
0.0
 40
0.1418005486740504
100
AcDbArc
 50
307.5658316241761
 51
346.7591569011335
  0
ARC
  5
6CF1
330
1D
100
AcDbEntity
  8
0
100
AcDbCircle
 10
113.0383303478177
 20
193.1043489788808
 30
0.0
 40
0.8291848014650316
100
AcDbArc
 50
346.7597608753357
 51
358.8809422999163
  0
ARC
  5
6CF2
330
1D
100
AcDbEntity
  8
0
100
AcDbCircle
 10
91.63695191468772
 20
193.5225110989851
 30
0.0
 40
22.23464808531506
100
AcDbArc
 50
358.8806499506379
 51
359.9999713993672
  0
ARC
  5
6CF3
330
1D
100
AcDbEntity
  8
0
100
AcDbCircle
 10
91.63695191468915
 20
193.5224889010148
 30
0.0
 40
22.23464808531361
100
AcDbArc
 50
0.0000286006329517
 51
1.119350049362163
  0
ARC
  5
6CF4
330
1D
100
AcDbEntity
  8
0
100
AcDbCircle
 10
113.0383303478176
 20
193.940651021119
 30
0.0
 40
0.829184801465155
100
AcDbArc
 50
1.119057700081574
 51
13.24023912466236
  0
ARC
  5
6CF5
330
1D
100
AcDbEntity
  8
0
100
AcDbCircle
 10
113.7074430946392
 20
194.0980843182295
 30
0.0
 40
0.1418005486740568
100
AcDbArc
 50
13.24084309886648
 51
52.4341683758238
  0
ARC
  5
6CF6
330
1D
100
AcDbEntity
  8
0
100
AcDbCircle
 10
113.7024006532437
 20
194.0915295694166
 30
0.0
 40
0.1500704305848088
100
AcDbArc
 50
52.43391732601288
 51
90.00024940362639
  0
ARC
  5
6CF7
330
1D
100
AcDbEntity
  8
0
100
AcDbCircle
 10
113.702401092862
 20
194.5012190932464
 30
0.0
 40
0.2596190932487142
100
AcDbArc
 50
253.4690887586597
 51
269.9997588144143
  0
ARC
  5
6CF8
330
1D
100
AcDbEntity
  8
0
100
AcDbCircle
 10
113.6642368110606
 20
194.372637605447
 30
0.0
 40
0.1254933634009349
100
AcDbArc
 50
225.0002564594347
 51
253.4696319590688
  0
ARC
  5
6CF9
330
1D
100
AcDbEntity
  8
0
100
AcDbCircle
 10
113.664237605447
 20
194.3726368110606
 30
0.0
 40
0.1254933634009521
100
AcDbArc
 50
196.5303680409417
 51
224.9997435405744
  0
ARC
  5
6CFA
330
1D
100
AcDbEntity
  8
0
100
AcDbCircle
 10
113.7928190932465
 20
194.4108010928621
 30
0.0
 40
0.259619093248796
100
AcDbArc
 50
180.0002411855919
 51
196.5309112413447
  0
ARC
  5
6CFB
330
1D
100
AcDbEntity
  8
0
100
AcDbCircle
 10
113.7928190932465
 20
194.4107989071379
 30
0.0
 40
0.2596190932487994
100
AcDbArc
 50
163.4690887586551
 51
179.9997588144081
  0
ARC
  5
6CFC
330
1D
100
AcDbEntity
  8
0
100
AcDbCircle
 10
113.664237605447
 20
194.4489631889393
 30
0.0
 40
0.1254933634009566
100
AcDbArc
 50
135.0002564594256
 51
163.4696319590581
  0
ARC
  5
6CFD
330
1D
100
AcDbEntity
  8
0
100
AcDbCircle
 10
113.6642368110606
 20
194.4489623945529
 30
0.0
 40
0.125493363400932
100
AcDbArc
 50
106.5303680409312
 51
134.9997435405652
  0
ARC
  5
6CFE
330
1D
100
AcDbEntity
  8
0
100
AcDbCircle
 10
113.7024010928621
 20
194.3203809067535
 30
0.0
 40
0.259619093248744
100
AcDbArc
 50
90.00024118560757
 51
106.5309112413612
  0
ARC
  5
6CFF
330
1D
100
AcDbEntity
  8
0
100
AcDbCircle
 10
113.7023999499173
 20
194.6965179593507
 30
0.0
 40
0.1165179593507553
100
AcDbArc
 50
270.0000246273485
 51
324.0477469914415
  0
ARC
  5
6D00
330
1D
100
AcDbEntity
  8
0
100
AcDbCircle
 10
113.5696196725062
 20
194.7928202208199
 30
0.0
 40
0.2805445658305928
100
AcDbArc
 50
324.0476310810428
 51
352.1466162797715
  0
ARC
  5
6D01
330
1D
100
AcDbEntity
  8
0
100
AcDbCircle
 10
111.6745690749813
 20
195.0542035576605
 30
0.0
 40
2.193536467526426
100
AcDbArc
 50
352.1467540879335
 51
359.468038355856
  0
ARC
  5
6D02
330
1D
100
AcDbEntity
  8
0
100
AcDbCircle
 10
30.65944449953447
 20
195.8066794919506
 30
0.0
 40
83.21215550046806
100
AcDbArc
 50
359.4678518771277
 51
0.0000141208297003
  0
ARC
  5
6D03
330
1D
100
AcDbEntity
  8
0
100
AcDbCircle
 10
30.65944449953447
 20
195.8067205080494
 30
0.0
 40
83.21215550046805
100
AcDbArc
 50
359.9999858791703
 51
0.5321481228722985
  0
ARC
  5
6D04
330
1D
100
AcDbEntity
  8
0
100
AcDbCircle
 10
111.6745690749813
 20
196.5591964423395
 30
0.0
 40
2.193536467526429
100
AcDbArc
 50
0.5319616441439613
 51
7.853245912066534
  0
ARC
  5
6D05
330
1D
100
AcDbEntity
  8
0
100
AcDbCircle
 10
113.5696196725063
 20
196.82057977918
 30
0.0
 40
0.2805445658305301
100
AcDbArc
 50
7.853383720230067
 51
35.95236891895929
  0
ARC
  5
6D06
330
1D
100
AcDbEntity
  8
0
100
AcDbCircle
 10
113.7023999499172
 20
196.9168820406492
 30
0.0
 40
0.1165179593507522
100
AcDbArc
 50
35.95225300853899
 51
89.99997537263753
  0
ARC
  5
6D07
330
1D
100
AcDbEntity
  8
0
100
AcDbCircle
 10
113.7023999739049
 20
197.154604195287
 30
0.0
 40
0.1212041952870521
100
AcDbArc
 50
180.8462938429018
 51
270.0000123356947
  0
ARC
  5
6D08
330
1D
100
AcDbEntity
  8
0
100
AcDbCircle
 10
504.6940831499257
 20
202.9311896939796
 30
0.0
 40
391.1555572294433
100
AcDbArc
 50
180.5184763001595
 51
180.8464371182307
  0
ARC
  5
6D09
330
1D
100
AcDbEntity
  8
0
100
AcDbCircle
 10
566.8536827737028
 20
203.4939686802445
 30
0.0
 40
453.3177044374579
100
AcDbArc
 50
180.0259971736578
 51
180.5185109361774
  0
ARC
  5
6D0A
330
1D
100
AcDbEntity
  8
0
100
AcDbCircle
 10
27398.00355615661
 20
215.7043163580871
 30
0.0
 40
27284.4703561687
100
AcDbArc
 50
179.9999460658658
 51
180.0260729412106
  0
ARC
  5
6D0B
330
1D
100
AcDbEntity
  8
0
100
AcDbCircle
 10
27398.00355615674
 20
215.7556836419129
 30
0.0
 40
27284.47035616882
100
AcDbArc
 50
179.9739270587893
 51
180.0000539341341
  0
ARC
  5
6D0C
330
1D
100
AcDbEntity
  8
0
100
AcDbCircle
 10
566.8536827736996
 20
227.9660313197555
 30
0.0
 40
453.3177044374546
100
AcDbArc
 50
179.4814890638226
 51
179.9740028263421
  0
ARC
  5
6D0D
330
1D
100
AcDbEntity
  8
0
100
AcDbCircle
 10
504.6940831499156
 20
228.5288103060204
 30
0.0
 40
391.1555572294334
100
AcDbArc
 50
179.1535628817691
 51
179.4815236998404
  0
ARC
  5
6D0E
330
1D
100
AcDbEntity
  8
0
100
AcDbCircle
 10
113.7023999739049
 20
234.3053958047129
 30
0.0
 40
0.1212041952870909
100
AcDbArc
 50
89.99998766431879
 51
179.1537061571118
  0
ARC
  5
6D0F
330
1D
100
AcDbEntity
  8
0
100
AcDbCircle
 10
113.7024005400885
 20
234.6603648098055
 30
0.0
 40
0.233764809806074
100
AcDbArc
 50
269.999867624236
 51
291.6978051197209
  0
ARC
  5
6D10
330
1D
100
AcDbEntity
  8
0
100
AcDbCircle
 10
113.752856503229
 20
234.5335591103431
 30
0.0
 40
0.0972895753056157
100
AcDbArc
 50
291.6980932901528
 51
333.435021536135
  0
ARC
  5
6D11
330
1D
100
AcDbEntity
  8
0
100
AcDbCircle
 10
113.6196838448539
 20
234.6001456506461
 30
0.0
 40
0.2461812281547026
100
AcDbArc
 50
333.4349336114911
 51
356.0154176218323
  0
ARC
  5
6D12
330
1D
100
AcDbEntity
  8
0
100
AcDbCircle
 10
111.2530395340418
 20
234.7650030255881
 30
0.0
 40
2.61856046595993
100
AcDbArc
 50
356.0152992839753
 51
359.9999337981956
  0
LINE
  5
6D13
330
1D
100
AcDbEntity
  8
0
100
AcDbLine
 10
113.8716
 20
234.765
 30
0.0
 11
113.8716
 21
235.1034
 31
0.0
  0
LINE
  5
6D14
330
1D
100
AcDbEntity
  8
0
100
AcDbLine
 10
113.8716
 20
235.1034
 30
0.0
 11
157.7367
 21
235.1034
 31
0.0
  0
ARC
  5
6D15
330
1D
100
AcDbEntity
  8
0
100
AcDbCircle
 10
157.7958327001512
 20
-152127.8247307891
 30
0.0
 40
152362.9281308006
100
AcDbArc
 50
89.98902144707754
 51
90.00002223673561
  0
ARC
  5
6D16
330
1D
100
AcDbEntity
  8
0
100
AcDbCircle
 10
186.51805155339
 20
-2247.766395828946
 30
0.0
 40
2482.86704375605
100
AcDbArc
 50
89.77893942540658
 51
89.98910028575329
  0
ARC
  5
6D17
330
1D
100
AcDbEntity
  8
0
100
AcDbCircle
 10
176.5207989315884
 20
-4840.903805341561
 30
0.0
 40
5076.023724260442
100
AcDbArc
 50
89.71829315485017
 51
89.77902667971237
  0
ARC
  5
6D18
330
1D
100
AcDbEntity
  8
0
100
AcDbCircle
 10
201.4774334648841
 20
234.9341999684134
 30
0.0
 40
0.124366535115862
100
AcDbArc
 50
0.0000145519672801
 51
89.71826406250162
  0
ENDSEC
  0
SECTION
  2
OBJECTS
  0
DICTIONARY
  5
C
330
0
100
AcDbDictionary
281
     1
  3
ACAD_CIP_PREVIOUS_PRODUCT_INFO
350
5757
  3
ACAD_COLOR
350
5752
  3
ACAD_DETAILVIEWSTYLE
350
574E
  3
ACAD_GROUP
350
D
  3
ACAD_LAYOUT
350
1A
  3
ACAD_MATERIAL
350
5701
  3
ACAD_MLEADERSTYLE
350
5707
  3
ACAD_MLINESTYLE
350
17
  3
ACAD_PLOTSETTINGS
350
19
  3
ACAD_PLOTSTYLENAME
350
E
  3
ACAD_SCALELIST
350
56C2
  3
ACAD_SECTIONVIEWSTYLE
350
574F
  3
ACAD_TABLESTYLE
350
5705
  3
ACAD_VISUALSTYLE
350
56E8
  3
ACDB_RECOMPOSE_DATA
350
6D5D
  3
AcDbVariableDictionary
350
570B
  0
DICTIONARY
  5
6D19
330
10
100
AcDbDictionary
280
     1
281
     1
  3
ADSK_XREC_LAYER_RECONCILED
360
6D1A
  0
DICTIONARY
  5
6C23
330
1D
100
AcDbDictionary
280
     1
281
     1
  3
ACAD_SORTENTS
360
6C24
  0
XRECORD
  5
5757
102
{ACAD_REACTORS
330
C
102
}
330
C
100
AcDbXrecord
280
     1
300
ACD
300
2021
300

  0
DICTIONARY
  5
5752
102
{ACAD_REACTORS
330
C
102
}
330
C
100
AcDbDictionary
281
     1
  0
DICTIONARY
  5
574E
102
{ACAD_REACTORS
330
C
102
}
330
C
100
AcDbDictionary
281
     1
  3
Imperial24
350
5754
  0
DICTIONARY
  5
D
102
{ACAD_REACTORS
330
C
102
}
330
C
100
AcDbDictionary
281
     1
  0
DICTIONARY
  5
1A
102
{ACAD_REACTORS
330
C
102
}
330
C
100
AcDbDictionary
281
     1
  3
Layout1
350
1C
  3
Model
350
1E
  0
DICTIONARY
  5
5701
102
{ACAD_REACTORS
330
C
102
}
330
C
100
AcDbDictionary
281
     1
  3
ByBlock
350
5703
  3
ByLayer
350
5702
  3
Global
350
5704
  0
DICTIONARY
  5
5707
102
{ACAD_REACTORS
330
C
102
}
330
C
100
AcDbDictionary
281
     1
  3
Standard
350
5708
  0
DICTIONARY
  5
17
102
{ACAD_REACTORS
330
C
102
}
330
C
100
AcDbDictionary
281
     1
  3
Standard
350
18
  0
DICTIONARY
  5
19
102
{ACAD_REACTORS
330
C
102
}
330
C
100
AcDbDictionary
281
     1
  0
ACDBDICTIONARYWDFLT
  5
E
102
{ACAD_REACTORS
330
C
102
}
330
C
100
AcDbDictionary
281
     1
  3
Normal
350
F
100
AcDbDictionaryWithDefault
340
F
  0
DICTIONARY
  5
56C2
102
{ACAD_REACTORS
330
C
102
}
330
C
100
AcDbDictionary
281
     1
  3
A0
350
56C3
  3
A1
350
56C4
  3
A2
350
56C5
  3
A3
350
56C6
  3
A4
350
56C7
  3
A5
350
56C8
  3
A6
350
56C9
  3
A7
350
56CA
  3
A8
350
56CB
  3
A9
350
56CC
  3
B0
350
56CD
  3
B1
350
56CE
  3
B2
350
56CF
  3
B3
350
56D0
  3
B4
350
56D1
  3
B5
350
56D2
  3
B6
350
56D3
  3
B7
350
56D4
  3
B8
350
56D5
  3
B9
350
56D6
  3
C0
350
56D7
  3
C1
350
56D8
  3
C2
350
56D9
  3
C3
350
56DA
  3
C4
350
56DB
  3
C5
350
56DC
  3
C6
350
56DD
  3
C7
350
56DE
  3
C8
350
56DF
  3
C9
350
56E0
  3
D0
350
56E1
  3
D1
350
56E2
  3
D2
350
56E3
  0
DICTIONARY
  5
574F
102
{ACAD_REACTORS
330
C
102
}
330
C
100
AcDbDictionary
281
     1
  3
Imperial24
350
5753
  0
DICTIONARY
  5
5705
102
{ACAD_REACTORS
330
C
102
}
330
C
100
AcDbDictionary
281
     1
  3
Standard
350
5706
  0
DICTIONARY
  5
56E8
102
{ACAD_REACTORS
330
C
102
}
330
C
100
AcDbDictionary
281
     1
  3
2dWireframe
350
56ED
  3
Basic
350
56F0
  3
Brighten
350
56F4
  3
ColorChange
350
56F8
  3
Conceptual
350
56F2
  3
Dim
350
56F3
  3
EdgeColorOff
350
56FB
  3
Facepattern
350
56F7
  3
Flat
350
56E9
  3
FlatWithEdges
350
56EA
  3
Gouraud
350
56EB
  3
GouraudWithEdges
350
56EC
  3
Hidden
350
56EF
  3
JitterOff
350
56F9
  3
Linepattern
350
56F6
  3
OverhangOff
350
56FA
  3
Realistic
350
56F1
  3
Shaded
350
5700
  3
Shaded with edges
350
56FF
  3
Shades of Gray
350
56FC
  3
Sketchy
350
56FD
  3
Thicken
350
56F5
  3
Wireframe
350
56EE
  3
X-Ray
350
56FE
  0
XRECORD
  5
6D5D
102
{ACAD_REACTORS
330
C
102
}
330
C
100
AcDbXrecord
280
     1
 90
        1
330
5706
  0
DICTIONARY
  5
570B
102
{ACAD_REACTORS
330
C
102
}
330
C
100
AcDbDictionary
281
     1
  3
CANNOSCALE
350
570C
  3
CMLEADERSTYLE
350
574C
  3
CTABLESTYLE
350
574B
  3
CVIEWDETAILSTYLE
350
6D1B
  3
CVIEWSECTIONSTYLE
350
6D1C
  3
LAYEREVAL
350
6D1E
  3
LAYERNOTIFY
350
6D1F
  3
LIGHTINGUNITS
350
6D1D
  3
MSLTSCALE
350
574D
  3
XCLIPFRAME
350
6D5B
  0
XRECORD
  5
6D1A
102
{ACAD_REACTORS
330
6D19
102
}
330
6D19
100
AcDbXrecord
280
     1
290
     1
  0
SORTENTSTABLE
  5
6C24
102
{ACAD_REACTORS
330
6C23
102
}
330
6C23
100
AcDbSortentsTable
330
1D
331
59D6
  5
5802
331
59D7
  5
5803
331
59D8
  5
5804
331
59D9
  5
5805
331
59DA
  5
5806
331
59DB
  5
5807
331
59DC
  5
5808
331
59DD
  5
5809
331
59DE
  5
580A
331
59DF
  5
580B
331
59E0
  5
580C
331
59E1
  5
580D
331
59E2
  5
580E
331
59E3
  5
580F
331
59E4
  5
5810
331
59E5
  5
5811
331
59E6
  5
5812
331
59E7
  5
5813
331
59E8
  5
5814
331
59E9
  5
5815
331
59EA
  5
5816
331
59EB
  5
5817
331
59EC
  5
5818
331
59ED
  5
5819
331
59EE
  5
581A
331
59EF
  5
581B
331
59F0
  5
581C
331
59F1
  5
581D
331
59F2
  5
581E
331
59F3
  5
581F
331
59F4
  5
5820
331
59F5
  5
5821
331
59F6
  5
5822
331
59F7
  5
5823
331
59F8
  5
5824
331
59F9
  5
5825
331
59FA
  5
5826
331
59FB
  5
5827
331
59FC
  5
5828
331
59FD
  5
5829
331
59FE
  5
582A
331
59FF
  5
582B
331
5A00
  5
582C
331
5A01
  5
582D
331
5A02
  5
582E
331
5A03
  5
582F
331
5A04
  5
5830
331
5A05
  5
5831
331
5A06
  5
5832
331
5A07
  5
5833
331
5A08
  5
5834
331
5A09
  5
5835
331
5A0A
  5
5836
331
5A3F
  5
586B
331
5A40
  5
586C
331
5A41
  5
586D
331
5A42
  5
586E
331
5A43
  5
586F
331
5A5E
  5
588A
331
5A5F
  5
588B
331
5A60
  5
588C
331
5A61
  5
588D
331
5C36
  5
5A62
331
5C37
  5
5A63
331
5C38
  5
5A64
331
5C39
  5
5A65
331
5C3A
  5
5A66
331
5C3B
  5
5A67
331
5C3C
  5
5A68
331
5C3D
  5
5A69
331
5C3E
  5
5A6A
331
5C3F
  5
5A6B
331
5C40
  5
5A6C
331
5C41
  5
5A6D
331
5C42
  5
5A6E
331
5C43
  5
5A6F
331
5C44
  5
5A70
331
5C45
  5
5A71
331
5C46
  5
5A72
331
5C47
  5
5A73
331
5C48
  5
5A74
331
5C49
  5
5A75
331
5C4A
  5
5A76
331
5C4B
  5
5A77
331
5C4C
  5
5A78
331
5C4D
  5
5A79
331
5C4E
  5
5A7A
331
5C4F
  5
5A7B
331
5C50
  5
5A7C
331
5C51
  5
5A7D
331
5C52
  5
5A7E
331
5C53
  5
5A7F
331
5C54
  5
5A80
331
5C55
  5
5A81
331
5C56
  5
5A82
331
5C57
  5
5A83
331
5C58
  5
5A84
331
5C59
  5
5A85
331
5C5A
  5
5A86
331
5C5B
  5
5A87
331
5C87
  5
5AB3
331
5C88
  5
5AB4
331
5C89
  5
5AB5
331
5C8A
  5
5AB6
331
5C8B
  5
5AB7
331
5C8C
  5
5AB8
331
5C8D
  5
5AB9
331
5C8E
  5
5ABA
331
5C8F
  5
5ABB
331
5C90
  5
5ABC
331
5C91
  5
5ABD
331
5C92
  5
5ABE
331
5C93
  5
5ABF
331
5C94
  5
5AC0
331
5C95
  5
5AC1
331
5C96
  5
5AC2
331
5C97
  5
5AC3
331
5C98
  5
5AC4
331
5C99
  5
5AC5
331
5C9A
  5
5AC6
331
5C9B
  5
5AC7
331
5C9C
  5
5AC8
331
5C9D
  5
5AC9
331
5C9E
  5
5ACA
331
5C9F
  5
5ACB
331
5CA0
  5
5ACC
331
5CA1
  5
5ACD
331
5CA2
  5
5ACE
331
5CA3
  5
5ACF
331
5CA4
  5
5AD0
331
5CA5
  5
5AD1
331
5CA6
  5
5AD2
331
5CA7
  5
5AD3
331
5CA8
  5
5AD4
331
5CA9
  5
5AD5
331
5CAA
  5
5AD6
331
5CAB
  5
5AD7
331
5CAC
  5
5AD8
331
5CAD
  5
5AD9
331
5CAE
  5
5ADA
331
5CAF
  5
5ADB
331
5CB0
  5
5ADC
331
5CB1
  5
5ADD
331
5CB2
  5
5ADE
331
5CB3
  5
5ADF
331
5CB4
  5
5AE0
331
5CB5
  5
5AE1
331
5CB6
  5
5AE2
331
5CB7
  5
5AE3
331
5CB8
  5
5AE4
331
5CB9
  5
5AE5
331
5CBA
  5
5AE6
331
5CBB
  5
5AE7
331
5CBC
  5
5AE8
331
5CBD
  5
5AE9
331
5CBE
  5
5AEA
331
5CBF
  5
5AEB
331
5CC0
  5
5AEC
331
5CC1
  5
5AED
331
5CC2
  5
5AEE
331
5CC3
  5
5AEF
331
5CC4
  5
5AF0
331
5CC5
  5
5AF1
331
5CC6
  5
5AF2
331
5CC7
  5
5AF3
331
5CC8
  5
5AF4
331
5CC9
  5
5AF5
331
5CCA
  5
5AF6
331
5CCB
  5
5AF7
331
5CCC
  5
5AF8
331
5CCD
  5
5AF9
331
5CCE
  5
5AFA
331
5CCF
  5
5AFB
331
5CD0
  5
5AFC
331
5CD1
  5
5AFD
331
5CD2
  5
5AFE
331
5CD3
  5
5AFF
331
5CD4
  5
5B00
331
5CD5
  5
5B01
331
5CD6
  5
5B02
331
5CD7
  5
5B03
331
5CD8
  5
5B04
331
5CD9
  5
5B05
331
5CDA
  5
5B06
331
5CDB
  5
5B07
331
5CDC
  5
5B08
331
5CDD
  5
5B09
331
5CDE
  5
5B0A
331
5CDF
  5
5B0B
331
5CE0
  5
5B0C
331
5CE1
  5
5B0D
331
5CE2
  5
5B0E
331
5CE3
  5
5B0F
331
5CE4
  5
5B10
331
5CE5
  5
5B11
331
5CE6
  5
5B12
331
5CE9
  5
5B15
331
5CEA
  5
5B16
331
5CEB
  5
5B17
331
5CEC
  5
5B18
331
5CED
  5
5B19
331
5CEE
  5
5B1A
331
5CEF
  5
5B1B
331
5CF0
  5
5B1C
331
5CF1
  5
5B1D
331
5CF2
  5
5B1E
331
5CF3
  5
5B1F
331
5CF4
  5
5B20
331
5CF5
  5
5B21
331
5CF6
  5
5B22
331
5CF7
  5
5B23
331
5CF8
  5
5B24
331
5CF9
  5
5B25
331
5CFA
  5
5B26
331
5CFB
  5
5B27
331
5CFC
  5
5B28
331
5CFD
  5
5B29
331
5CFE
  5
5B2A
331
5CFF
  5
5B2B
331
5D00
  5
5B2C
331
5D01
  5
5B2D
331
5D02
  5
5B2E
331
5D03
  5
5B2F
331
5D04
  5
5B30
331
5D05
  5
5B31
331
5D06
  5
5B32
331
5D07
  5
5B33
331
5D08
  5
5B34
331
5D09
  5
5B35
331
5D0A
  5
5B36
331
5D0B
  5
5B37
331
5D0C
  5
5B38
331
5D0D
  5
5B39
331
5D0E
  5
5B3A
331
5D0F
  5
5B3B
331
5D10
  5
5B3C
331
5D11
  5
5B3D
331
5D12
  5
5B3E
331
5D13
  5
5B3F
331
5D14
  5
5B40
331
5D15
  5
5B41
331
5D16
  5
5B42
331
5D17
  5
5B43
331
5D18
  5
5B44
331
5D19
  5
5B45
331
5D1A
  5
5B46
331
5D1B
  5
5B47
331
5D1C
  5
5B48
331
5D1D
  5
5B49
331
5D1E
  5
5B4A
331
5D1F
  5
5B4B
331
5D20
  5
5B4C
331
5D21
  5
5B4D
331
5D22
  5
5B4E
331
5D23
  5
5B4F
331
5D24
  5
5B50
331
5D25
  5
5B51
331
5D26
  5
5B52
331
5D27
  5
5B53
331
5D28
  5
5B54
331
5D29
  5
5B55
331
5D2A
  5
5B56
331
5D2B
  5
5B57
331
5D2C
  5
5B58
331
5D2D
  5
5B59
331
5D2E
  5
5B5A
331
5D2F
  5
5B5B
331
5D30
  5
5B5C
331
5D31
  5
5B5D
331
5D32
  5
5B5E
331
5D33
  5
5B5F
331
5D34
  5
5B60
331
5D35
  5
5B61
331
5D36
  5
5B62
331
5D37
  5
5B63
331
5D38
  5
5B64
331
5D39
  5
5B65
331
5D3A
  5
5B66
331
5D3B
  5
5B67
331
5D3C
  5
5B68
331
5D3D
  5
5B69
331
5D3E
  5
5B6A
331
5D3F
  5
5B6B
331
5D40
  5
5B6C
331
5D41
  5
5B6D
331
5D42
  5
5B6E
331
5D43
  5
5B6F
331
5D44
  5
5B70
331
5D45
  5
5B71
331
5D46
  5
5B72
331
5D47
  5
5B73
331
5D48
  5
5B74
331
5D49
  5
5B75
331
5D4A
  5
5B76
331
5D4B
  5
5B77
331
5D4C
  5
5B78
331
5D4D
  5
5B79
331
5D4E
  5
5B7A
331
5D4F
  5
5B7B
331
5D50
  5
5B7C
331
5D51
  5
5B7D
331
5D52
  5
5B7E
331
5D53
  5
5B7F
331
5D54
  5
5B80
331
5D55
  5
5B81
331
5D56
  5
5B82
331
5D57
  5
5B83
331
5D58
  5
5B84
331
5D59
  5
5B85
331
5D5A
  5
5B86
331
5D5B
  5
5B87
331
5D5C
  5
5B88
331
5D5D
  5
5B89
331
5D5E
  5
5B8A
331
5D5F
  5
5B8B
331
5D60
  5
5B8C
331
5D61
  5
5B8D
331
5D62
  5
5B8E
331
5D63
  5
5B8F
331
5D64
  5
5B90
331
5D65
  5
5B91
331
5D66
  5
5B92
331
5D67
  5
5B93
331
5D68
  5
5B94
331
5D69
  5
5B95
331
5D6A
  5
5B96
331
5D6B
  5
5B97
331
5D6C
  5
5B98
331
5D9E
  5
5BCA
331
5D9F
  5
5BCB
331
5DA0
  5
5BCC
331
5DA1
  5
5BCD
331
5DA2
  5
5BCE
331
5DA3
  5
5BCF
331
5DA4
  5
5BD0
331
5DA5
  5
5BD1
331
5DA6
  5
5BD2
331
5DA7
  5
5BD3
331
5DA8
  5
5BD4
331
5DA9
  5
5BD5
331
5DAA
  5
5BD6
331
5DAB
  5
5BD7
331
5DAC
  5
5BD8
331
5DAD
  5
5BD9
331
5DAE
  5
5BDA
331
5DAF
  5
5BDB
331
5DB0
  5
5BDC
331
5DB1
  5
5BDD
331
5DB2
  5
5BDE
331
5DB3
  5
5BDF
331
5DB4
  5
5BE0
331
5DB5
  5
5BE1
331
5DB6
  5
5BE2
331
5DB7
  5
5BE3
331
5DB8
  5
5BE4
331
5DB9
  5
5BE5
331
5DBA
  5
5BE6
331
5DBB
  5
5BE7
331
5DBC
  5
5BE8
331
5DBD
  5
5BE9
331
5DBE
  5
5BEA
331
5DBF
  5
5BEB
331
5DC0
  5
5BEC
331
5DC1
  5
5BED
331
5DC2
  5
5BEE
331
5DC3
  5
5BEF
331
5DC4
  5
5BF0
331
5DC5
  5
5BF1
331
5DC6
  5
5BF2
331
5DC7
  5
5BF3
331
5DC8
  5
5BF4
331
5DC9
  5
5BF5
331
5DCA
  5
5BF6
331
5DCB
  5
5BF7
331
5DCC
  5
5BF8
331
5DCD
  5
5BF9
331
5DCE
  5
5BFA
331
5DCF
  5
5BFB
331
5DD0
  5
5BFC
331
5DD1
  5
5BFD
331
5DD2
  5
5BFE
331
5DD3
  5
5BFF
331
5DD4
  5
5C00
331
5DD5
  5
5C01
331
5DD6
  5
5C02
331
5DD7
  5
5C03
331
5DD8
  5
5C04
331
5DD9
  5
5C05
331
5DDA
  5
5C06
331
5DDB
  5
5C07
331
5DDC
  5
5C08
331
5DDD
  5
5C09
331
5DDE
  5
5C0A
331
5DDF
  5
5C0B
331
5DE0
  5
5C0C
331
5DE1
  5
5C0D
331
5DE2
  5
5C0E
331
5DE3
  5
5C0F
331
5DE4
  5
5C10
331
5DE5
  5
5C11
331
5DE6
  5
5C12
331
5DE7
  5
5C13
331
5DE8
  5
5C14
331
5DE9
  5
5C15
331
5DEA
  5
5C16
331
5DEB
  5
5C17
331
5DEC
  5
5C18
331
5DED
  5
5C19
331
5DEE
  5
5C1A
331
5DEF
  5
5C1B
331
5DF0
  5
5C1C
331
5DF1
  5
5C1D
331
5DF2
  5
5C1E
331
5DF3
  5
5C1F
331
5DF4
  5
5C20
331
5DF5
  5
5C21
331
5DF6
  5
5C22
331
5DF7
  5
5C23
331
5DF8
  5
5C24
331
5DF9
  5
5C25
331
5DFA
  5
5C26
331
5DFB
  5
5C27
331
5DFC
  5
5C28
331
5DFD
  5
5C29
331
5DFE
  5
5C2A
331
5DFF
  5
5C2B
331
5E00
  5
5C2C
331
5E01
  5
5C2D
331
5E02
  5
5C2E
331
5E03
  5
5C2F
331
5E04
  5
5C30
331
5E05
  5
5C31
331
5E06
  5
5C32
331
5E07
  5
5C33
331
5E08
  5
5C34
331
5E09
  5
5C35
331
5E0A
  5
5C36
331
5E0B
  5
5C37
331
5E0C
  5
5C38
331
5E0D
  5
5C39
331
5E0E
  5
5C3A
331
5E0F
  5
5C3B
331
5E10
  5
5C3C
331
5E11
  5
5C3D
331
5E12
  5
5C3E
331
5E13
  5
5C3F
331
5E14
  5
5C40
331
5E15
  5
5C41
331
5E16
  5
5C42
331
5E17
  5
5C43
331
5E18
  5
5C44
331
5E19
  5
5C45
331
5E1A
  5
5C46
331
5E1B
  5
5C47
331
5E1C
  5
5C48
331
5E1D
  5
5C49
331
5E1E
  5
5C4A
331
5E1F
  5
5C4B
331
5E20
  5
5C4C
331
5E21
  5
5C4D
331
5E22
  5
5C4E
331
5E23
  5
5C4F
331
5E24
  5
5C50
331
5E25
  5
5C51
331
5E26
  5
5C52
331
5E27
  5
5C53
331
5E28
  5
5C54
331
5E29
  5
5C55
331
5E2A
  5
5C56
331
5E2B
  5
5C57
331
5E2C
  5
5C58
331
5E2D
  5
5C59
331
5E2E
  5
5C5A
331
5E2F
  5
5C5B
331
5E30
  5
5C5C
331
5E31
  5
5C5D
331
5E32
  5
5C5E
331
5E33
  5
5C5F
331
5E34
  5
5C60
331
5E35
  5
5C61
331
5E36
  5
5C62
331
5E37
  5
5C63
331
5E38
  5
5C64
331
5E39
  5
5C65
331
5E3A
  5
5C66
331
5E3B
  5
5C67
331
5E3C
  5
5C68
331
5E3D
  5
5C69
331
5E3E
  5
5C6A
331
5E3F
  5
5C6B
331
5E40
  5
5C6C
331
5E41
  5
5C6D
331
5E42
  5
5C6E
331
5E43
  5
5C6F
331
5E44
  5
5C70
331
5E45
  5
5C71
331
5E46
  5
5C72
331
5E47
  5
5C73
331
5E48
  5
5C74
331
5E49
  5
5C75
331
5E4A
  5
5C76
331
5E4B
  5
5C77
331
5E4C
  5
5C78
331
5E4D
  5
5C79
331
5E4E
  5
5C7A
331
5E4F
  5
5C7B
331
5E50
  5
5C7C
331
5E51
  5
5C7D
331
5E52
  5
5C7E
331
5E53
  5
5C7F
331
5E54
  5
5C80
331
5E55
  5
5C81
331
5E56
  5
5C82
331
5E57
  5
5C83
331
5E58
  5
5C84
331
5E59
  5
5C85
331
5E5A
  5
5C86
331
5E5B
  5
5C87
331
5E5C
  5
5C88
331
5E5D
  5
5C89
331
5E5E
  5
5C8A
331
5E5F
  5
5C8B
331
5E60
  5
5C8C
331
5E61
  5
5C8D
331
5E62
  5
5C8E
331
5E63
  5
5C8F
331
5E64
  5
5C90
331
5E65
  5
5C91
331
5E66
  5
5C92
331
5E67
  5
5C93
331
5E68
  5
5C94
331
5E69
  5
5C95
331
5E6A
  5
5C96
331
5E6B
  5
5C97
331
5E6C
  5
5C98
331
5E6D
  5
5C99
331
5E6E
  5
5C9A
331
5E6F
  5
5C9B
331
5E70
  5
5C9C
331
5E71
  5
5C9D
331
5E72
  5
5C9E
331
5E73
  5
5C9F
331
5E74
  5
5CA0
331
5E75
  5
5CA1
331
5E76
  5
5CA2
331
5E77
  5
5CA3
331
5E78
  5
5CA4
331
5E79
  5
5CA5
331
5E7A
  5
5CA6
331
5E7B
  5
5CA7
331
5E7C
  5
5CA8
331
5E7D
  5
5CA9
331
5E7E
  5
5CAA
331
5E7F
  5
5CAB
331
5E80
  5
5CAC
331
5E81
  5
5CAD
331
5E82
  5
5CAE
331
5E83
  5
5CAF
331
5E84
  5
5CB0
331
5E85
  5
5CB1
331
5E86
  5
5CB2
331
5E87
  5
5CB3
331
5E88
  5
5CB4
331
5E89
  5
5CB5
331
5E8A
  5
5CB6
331
5E8B
  5
5CB7
331
5E8C
  5
5CB8
331
5E8D
  5
5CB9
331
5E8E
  5
5CBA
331
5E8F
  5
5CBB
331
5E90
  5
5CBC
331
5E91
  5
5CBD
331
5E92
  5
5CBE
331
5E93
  5
5CBF
331
5E94
  5
5CC0
331
5E95
  5
5CC1
331
5E96
  5
5CC2
331
5E97
  5
5CC3
331
5E98
  5
5CC4
331
5E99
  5
5CC5
331
5E9A
  5
5CC6
331
5E9B
  5
5CC7
331
5E9C
  5
5CC8
331
5E9D
  5
5CC9
331
5E9E
  5
5CCA
331
5E9F
  5
5CCB
331
5EA0
  5
5CCC
331
5EA1
  5
5CCD
331
5EA2
  5
5CCE
331
5EA3
  5
5CCF
331
5EA4
  5
5CD0
331
5EA5
  5
5CD1
331
5EA6
  5
5CD2
331
5EA7
  5
5CD3
331
5EA8
  5
5CD4
331
5EA9
  5
5CD5
331
5EAA
  5
5CD6
331
5EAB
  5
5CD7
331
5EAC
  5
5CD8
331
5EAD
  5
5CD9
331
5EAE
  5
5CDA
331
5EAF
  5
5CDB
331
5EB0
  5
5CDC
331
5EB1
  5
5CDD
331
5EB2
  5
5CDE
331
5EB3
  5
5CDF
331
5EB4
  5
5CE0
331
5EB5
  5
5CE1
331
5F3A
  5
5D66
331
5F3B
  5
5D67
331
5F3C
  5
5D68
331
5F3D
  5
5D69
331
5F3E
  5
5D6A
331
5F3F
  5
5D6B
331
5F40
  5
5D6C
331
5F41
  5
5D6D
331
5F42
  5
5D6E
331
5F43
  5
5D6F
331
5F44
  5
5D70
331
5F45
  5
5D71
331
5F46
  5
5D72
331
5F47
  5
5D73
331
5F48
  5
5D74
331
5F49
  5
5D75
331
5F4A
  5
5D76
331
5F7B
  5
5DA7
331
5F7C
  5
5DA8
331
5F7D
  5
5DA9
331
5F7E
  5
5DAA
331
5F7F
  5
5DAB
331
5F80
  5
5DAC
331
5F81
  5
5DAD
331
5F82
  5
5DAE
331
5F83
  5
5DAF
331
5F84
  5
5DB0
331
5F85
  5
5DB1
331
5F86
  5
5DB2
331
5F87
  5
5DB3
331
5F88
  5
5DB4
331
5F89
  5
5DB5
331
5F8A
  5
5DB6
331
5F8B
  5
5DB7
331
5F8C
  5
5DB8
331
5F8D
  5
5DB9
331
5F8E
  5
5DBA
331
5F8F
  5
5DBB
331
5F90
  5
5DBC
331
5F91
  5
5DBD
331
5F92
  5
5DBE
331
5F93
  5
5DBF
331
5F94
  5
5DC0
331
5F95
  5
5DC1
331
5F96
  5
5DC2
331
5F97
  5
5DC3
331
5F98
  5
5DC4
331
5F99
  5
5DC5
331
5F9A
  5
5DC6
331
5F9B
  5
5DC7
331
5F9C
  5
5DC8
331
5F9D
  5
5DC9
331
5F9E
  5
5DCA
331
5F9F
  5
5DCB
331
5FA0
  5
5DCC
331
5FA1
  5
5DCD
331
5FA2
  5
5DCE
331
5FA3
  5
5DCF
331
5FA4
  5
5DD0
331
5FA5
  5
5DD1
331
5FA6
  5
5DD2
331
5FA7
  5
5DD3
331
5FA8
  5
5DD4
331
5FA9
  5
5DD5
331
5FAA
  5
5DD6
331
5FAB
  5
5DD7
331
5FAC
  5
5DD8
331
5FAD
  5
5DD9
331
5FAE
  5
5DDA
331
5FAF
  5
5DDB
331
5FB0
  5
5DDC
331
5FB1
  5
5DDD
331
5FB2
  5
5DDE
331
5FB3
  5
5DDF
331
5FB4
  5
5DE0
331
5FB5
  5
5DE1
331
5FB6
  5
5DE2
331
5FB7
  5
5DE3
331
5FB8
  5
5DE4
331
5FB9
  5
5DE5
331
5FBA
  5
5DE6
331
5FBB
  5
5DE7
331
5FBC
  5
5DE8
331
5FBD
  5
5DE9
331
5FBE
  5
5DEA
331
5FBF
  5
5DEB
331
5FC0
  5
5DEC
331
5FC1
  5
5DED
331
5FC2
  5
5DEE
331
5FC3
  5
5DEF
331
5FC4
  5
5DF0
331
5FC5
  5
5DF1
331
5FC6
  5
5DF2
331
5FC7
  5
5DF3
331
5FC8
  5
5DF4
331
5FC9
  5
5DF5
331
5FCA
  5
5DF6
331
5FCB
  5
5DF7
331
5FCC
  5
5DF8
331
5FCD
  5
5DF9
331
5FCE
  5
5DFA
331
5FCF
  5
5DFB
331
5FD0
  5
5DFC
331
5FD1
  5
5DFD
331
5FD2
  5
5DFE
331
5FD3
  5
5DFF
331
5FD6
  5
5E02
331
5FD7
  5
5E03
331
5FD8
  5
5E04
331
5FD9
  5
5E05
331
5FDA
  5
5E06
331
5FDB
  5
5E07
331
5FDC
  5
5E08
331
5FDD
  5
5E09
331
5FDE
  5
5E0A
331
5FDF
  5
5E0B
331
5FE0
  5
5E0C
331
5FE1
  5
5E0D
331
5FE2
  5
5E0E
331
5FE3
  5
5E0F
331
5FE4
  5
5E10
331
5FE5
  5
5E11
331
5FE6
  5
5E12
331
5FE7
  5
5E13
331
5FE8
  5
5E14
331
5FE9
  5
5E15
331
5FEA
  5
5E16
331
5FEB
  5
5E17
331
5FEC
  5
5E18
331
5FED
  5
5E19
331
5FEE
  5
5E1A
331
5FEF
  5
5E1B
331
5FF0
  5
5E1C
331
5FF1
  5
5E1D
331
5FF2
  5
5E1E
331
5FF3
  5
5E1F
331
5FF4
  5
5E20
331
5FF5
  5
5E21
331
5FF6
  5
5E22
331
5FF7
  5
5E23
331
5FF8
  5
5E24
331
5FF9
  5
5E25
331
5FFC
  5
5E28
331
5FFD
  5
5E29
331
5FFE
  5
5E2A
331
5FFF
  5
5E2B
331
6000
  5
5E2C
331
6001
  5
5E2D
331
6002
  5
5E2E
331
6003
  5
5E2F
331
6004
  5
5E30
331
6005
  5
5E31
331
6006
  5
5E32
331
6007
  5
5E33
331
6008
  5
5E34
331
6009
  5
5E35
331
600A
  5
5E36
331
600B
  5
5E37
331
600C
  5
5E38
331
600D
  5
5E39
331
600E
  5
5E3A
331
600F
  5
5E3B
331
6010
  5
5E3C
331
6011
  5
5E3D
331
6012
  5
5E3E
331
6013
  5
5E3F
331
6014
  5
5E40
331
6015
  5
5E41
331
6016
  5
5E42
331
6017
  5
5E43
331
6018
  5
5E44
331
6019
  5
5E45
331
601A
  5
5E46
331
601B
  5
5E47
331
601C
  5
5E48
331
601D
  5
5E49
331
601E
  5
5E4A
331
601F
  5
5E4B
331
6020
  5
5E4C
331
6021
  5
5E4D
331
6022
  5
5E4E
331
6023
  5
5E4F
331
6024
  5
5E50
331
6025
  5
5E51
331
6026
  5
5E52
331
6027
  5
5E53
331
6028
  5
5E54
331
6029
  5
5E55
331
602A
  5
5E56
331
602B
  5
5E57
331
602C
  5
5E58
331
602D
  5
5E59
331
602E
  5
5E5A
331
602F
  5
5E5B
331
6030
  5
5E5C
331
6031
  5
5E5D
331
6032
  5
5E5E
331
6033
  5
5E5F
331
6034
  5
5E60
331
6035
  5
5E61
331
6036
  5
5E62
331
6037
  5
5E63
331
6038
  5
5E64
331
6039
  5
5E65
331
603A
  5
5E66
331
603B
  5
5E67
331
603C
  5
5E68
331
603D
  5
5E69
331
603E
  5
5E6A
331
603F
  5
5E6B
331
6040
  5
5E6C
331
6041
  5
5E6D
331
6042
  5
5E6E
331
6043
  5
5E6F
331
6044
  5
5E70
331
6045
  5
5E71
331
6046
  5
5E72
331
6047
  5
5E73
331
6048
  5
5E74
331
6049
  5
5E75
331
604A
  5
5E76
331
604B
  5
5E77
331
604C
  5
5E78
331
604D
  5
5E79
331
604E
  5
5E7A
331
604F
  5
5E7B
331
6050
  5
5E7C
331
6051
  5
5E7D
331
6052
  5
5E7E
331
6053
  5
5E7F
331
6054
  5
5E80
331
6055
  5
5E81
331
6056
  5
5E82
331
6057
  5
5E83
331
6058
  5
5E84
331
6059
  5
5E85
331
605A
  5
5E86
331
605B
  5
5E87
331
605C
  5
5E88
331
605D
  5
5E89
331
605E
  5
5E8A
331
605F
  5
5E8B
331
6060
  5
5E8C
331
6061
  5
5E8D
331
6062
  5
5E8E
331
6063
  5
5E8F
331
6064
  5
5E90
331
60B9
  5
5EE5
331
60BA
  5
5EE6
331
60BB
  5
5EE7
331
60BC
  5
5EE8
331
60BD
  5
5EE9
331
60BE
  5
5EEA
331
60BF
  5
5EEB
331
60C0
  5
5EEC
331
60C1
  5
5EED
331
60C2
  5
5EEE
331
60C3
  5
5EEF
331
60C4
  5
5EF0
331
60C5
  5
5EF1
331
60C6
  5
5EF2
331
60C7
  5
5EF3
331
60C8
  5
5EF4
331
60C9
  5
5EF5
331
60CA
  5
5EF6
331
60CB
  5
5EF7
331
60CC
  5
5EF8
331
60CD
  5
5EF9
331
60CE
  5
5EFA
331
60CF
  5
5EFB
331
60D0
  5
5EFC
331
60D1
  5
5EFD
331
60D2
  5
5EFE
331
60D3
  5
5EFF
331
60D4
  5
5F00
331
60D5
  5
5F01
331
60D6
  5
5F02
331
60D7
  5
5F03
331
60D8
  5
5F04
331
60D9
  5
5F05
331
60DA
  5
5F06
331
60DB
  5
5F07
331
60DC
  5
5F08
331
60DD
  5
5F09
331
60DE
  5
5F0A
331
60DF
  5
5F0B
331
60E0
  5
5F0C
331
60E1
  5
5F0D
331
60E2
  5
5F0E
331
60E3
  5
5F0F
331
60E4
  5
5F10
331
60E5
  5
5F11
331
60E6
  5
5F12
331
60E7
  5
5F13
331
60E8
  5
5F14
331
60E9
  5
5F15
331
60EA
  5
5F16
331
60EB
  5
5F17
331
60EC
  5
5F18
331
60ED
  5
5F19
331
60EE
  5
5F1A
331
60EF
  5
5F1B
331
60F0
  5
5F1C
331
60F1
  5
5F1D
331
60F2
  5
5F1E
331
60F3
  5
5F1F
331
60F4
  5
5F20
331
60F5
  5
5F21
331
60F6
  5
5F22
331
60F7
  5
5F23
331
60F8
  5
5F24
331
60F9
  5
5F25
331
60FA
  5
5F26
331
60FB
  5
5F27
331
60FC
  5
5F28
331
60FD
  5
5F29
331
60FE
  5
5F2A
331
60FF
  5
5F2B
331
6100
  5
5F2C
331
6101
  5
5F2D
331
6102
  5
5F2E
331
6103
  5
5F2F
331
6104
  5
5F30
331
6105
  5
5F31
331
6106
  5
5F32
331
6107
  5
5F33
331
6108
  5
5F34
331
6109
  5
5F35
331
610A
  5
5F36
331
610B
  5
5F37
331
610C
  5
5F38
331
610D
  5
5F39
331
610E
  5
5F3A
331
610F
  5
5F3B
331
6110
  5
5F3C
331
6111
  5
5F3D
331
6112
  5
5F3E
331
6113
  5
5F3F
331
6114
  5
5F40
331
6115
  5
5F41
331
6116
  5
5F42
331
6117
  5
5F43
331
6118
  5
5F44
331
6119
  5
5F45
331
611A
  5
5F46
331
611B
  5
5F47
331
611C
  5
5F48
331
611D
  5
5F49
331
611E
  5
5F4A
331
611F
  5
5F4B
331
6120
  5
5F4C
331
6121
  5
5F4D
331
6122
  5
5F4E
331
6123
  5
5F4F
331
6124
  5
5F50
331
6129
  5
5F55
331
612A
  5
5F56
331
612B
  5
5F57
331
612C
  5
5F58
331
612D
  5
5F59
331
612E
  5
5F5A
331
612F
  5
5F5B
331
6130
  5
5F5C
331
6131
  5
5F5D
331
6132
  5
5F5E
331
6133
  5
5F5F
331
6134
  5
5F60
331
6135
  5
5F61
331
6136
  5
5F62
331
6137
  5
5F63
331
6138
  5
5F64
331
6139
  5
5F65
331
613A
  5
5F66
331
613B
  5
5F67
331
613C
  5
5F68
331
613D
  5
5F69
331
613E
  5
5F6A
331
613F
  5
5F6B
331
6140
  5
5F6C
331
6141
  5
5F6D
331
6142
  5
5F6E
331
6143
  5
5F6F
331
6144
  5
5F70
331
6145
  5
5F71
331
6146
  5
5F72
331
6147
  5
5F73
331
6148
  5
5F74
331
6149
  5
5F75
331
614A
  5
5F76
331
614B
  5
5F77
331
614C
  5
5F78
331
614D
  5
5F79
331
614E
  5
5F7A
331
614F
  5
5F7B
331
6150
  5
5F7C
331
6151
  5
5F7D
331
6152
  5
5F7E
331
6153
  5
5F7F
331
6154
  5
5F80
331
6155
  5
5F81
331
6156
  5
5F82
331
6157
  5
5F83
331
6158
  5
5F84
331
6159
  5
5F85
331
615A
  5
5F86
331
615B
  5
5F87
331
615C
  5
5F88
331
615D
  5
5F89
331
615E
  5
5F8A
331
615F
  5
5F8B
331
6160
  5
5F8C
331
6161
  5
5F8D
331
6162
  5
5F8E
331
6163
  5
5F8F
331
6164
  5
5F90
331
6165
  5
5F91
331
6166
  5
5F92
331
6167
  5
5F93
331
6168
  5
5F94
331
6169
  5
5F95
331
616A
  5
5F96
331
616B
  5
5F97
331
616C
  5
5F98
331
616D
  5
5F99
331
616E
  5
5F9A
331
616F
  5
5F9B
331
6170
  5
5F9C
331
6171
  5
5F9D
331
6172
  5
5F9E
331
6173
  5
5F9F
331
6174
  5
5FA0
331
6175
  5
5FA1
331
6176
  5
5FA2
331
6177
  5
5FA3
331
6178
  5
5FA4
331
6179
  5
5FA5
331
617A
  5
5FA6
331
617B
  5
5FA7
331
617C
  5
5FA8
331
617D
  5
5FA9
331
617E
  5
5FAA
331
617F
  5
5FAB
331
6180
  5
5FAC
331
6181
  5
5FAD
331
6182
  5
5FAE
331
6183
  5
5FAF
331
6184
  5
5FB0
331
6185
  5
5FB1
331
6186
  5
5FB2
331
6187
  5
5FB3
331
6188
  5
5FB4
331
6189
  5
5FB5
331
618A
  5
5FB6
331
618B
  5
5FB7
331
618C
  5
5FB8
331
618D
  5
5FB9
331
618E
  5
5FBA
331
618F
  5
5FBB
331
6190
  5
5FBC
331
6191
  5
5FBD
331
6192
  5
5FBE
331
6193
  5
5FBF
331
6194
  5
5FC0
331
6195
  5
5FC1
331
6196
  5
5FC2
331
6197
  5
5FC3
331
6198
  5
5FC4
331
6199
  5
5FC5
331
619A
  5
5FC6
331
619B
  5
5FC7
331
619C
  5
5FC8
331
619D
  5
5FC9
331
619E
  5
5FCA
331
619F
  5
5FCB
331
61A0
  5
5FCC
331
61A1
  5
5FCD
331
61A2
  5
5FCE
331
61A3
  5
5FCF
331
61A4
  5
5FD0
331
61A5
  5
5FD1
331
61A6
  5
5FD2
331
61A7
  5
5FD3
331
61A8
  5
5FD4
331
61A9
  5
5FD5
331
61AA
  5
5FD6
331
61AB
  5
5FD7
331
61AC
  5
5FD8
331
61AD
  5
5FD9
331
61AE
  5
5FDA
331
61AF
  5
5FDB
331
61B0
  5
5FDC
331
61B1
  5
5FDD
331
61B2
  5
5FDE
331
61B3
  5
5FDF
331
61B4
  5
5FE0
331
61B5
  5
5FE1
331
61B6
  5
5FE2
331
61B7
  5
5FE3
331
61B8
  5
5FE4
331
61B9
  5
5FE5
331
61BA
  5
5FE6
331
61BB
  5
5FE7
331
61BC
  5
5FE8
331
61BD
  5
5FE9
331
61BE
  5
5FEA
331
61BF
  5
5FEB
331
61C0
  5
5FEC
331
61C1
  5
5FED
331
61C2
  5
5FEE
331
61C3
  5
5FEF
331
61C4
  5
5FF0
331
61C5
  5
5FF1
331
61C6
  5
5FF2
331
61C7
  5
5FF3
331
61C8
  5
5FF4
331
61C9
  5
5FF5
331
61CA
  5
5FF6
331
61CB
  5
5FF7
331
61CC
  5
5FF8
331
61CD
  5
5FF9
331
61CE
  5
5FFA
331
61CF
  5
5FFB
331
61D0
  5
5FFC
331
61D1
  5
5FFD
331
61D2
  5
5FFE
331
61D3
  5
5FFF
331
61D4
  5
6000
331
61D5
  5
6001
331
61D6
  5
6002
331
61D7
  5
6003
331
61D8
  5
6004
331
61D9
  5
6005
331
61DA
  5
6006
331
61DB
  5
6007
331
61DC
  5
6008
331
61DD
  5
6009
331
61DE
  5
600A
331
61DF
  5
600B
331
61E0
  5
600C
331
61E1
  5
600D
331
61E2
  5
600E
331
61E3
  5
600F
331
61E4
  5
6010
331
61E5
  5
6011
331
61E6
  5
6012
331
61E7
  5
6013
331
61E8
  5
6014
331
61E9
  5
6015
331
61EA
  5
6016
331
61EB
  5
6017
331
61EC
  5
6018
331
61ED
  5
6019
331
61EE
  5
601A
331
61EF
  5
601B
331
61F0
  5
601C
331
61F1
  5
601D
331
61F2
  5
601E
331
61F3
  5
601F
331
61F4
  5
6020
331
61F5
  5
6021
331
61F6
  5
6022
331
61F7
  5
6023
331
61F8
  5
6024
331
61F9
  5
6025
331
61FA
  5
6026
331
61FB
  5
6027
331
61FC
  5
6028
331
61FD
  5
6029
331
61FE
  5
602A
331
61FF
  5
602B
331
6200
  5
602C
331
6201
  5
602D
331
6202
  5
602E
331
6203
  5
602F
331
6204
  5
6030
331
6205
  5
6031
331
6206
  5
6032
331
6207
  5
6033
331
6208
  5
6034
331
6209
  5
6035
331
620A
  5
6036
331
620B
  5
6037
331
620C
  5
6038
331
620D
  5
6039
331
620E
  5
603A
331
620F
  5
603B
331
6210
  5
603C
331
6211
  5
603D
331
6212
  5
603E
331
6213
  5
603F
331
6214
  5
6040
331
6215
  5
6041
331
6216
  5
6042
331
6217
  5
6043
331
6218
  5
6044
331
6219
  5
6045
331
621A
  5
6046
331
621B
  5
6047
331
621C
  5
6048
331
621D
  5
6049
331
621E
  5
604A
331
621F
  5
604B
331
6220
  5
604C
331
6221
  5
604D
331
6222
  5
604E
331
6223
  5
604F
331
6224
  5
6050
331
6225
  5
6051
331
6226
  5
6052
331
6227
  5
6053
331
6228
  5
6054
331
6229
  5
6055
331
622A
  5
6056
331
622B
  5
6057
331
622C
  5
6058
331
622D
  5
6059
331
622E
  5
605A
331
622F
  5
605B
331
6230
  5
605C
331
6231
  5
605D
331
6232
  5
605E
331
6233
  5
605F
331
6234
  5
6060
331
6235
  5
6061
331
6236
  5
6062
331
6237
  5
6063
331
6238
  5
6064
331
6239
  5
6065
331
6256
  5
6082
331
6257
  5
6083
331
6258
  5
6084
331
6259
  5
6085
331
625A
  5
6086
331
625B
  5
6087
331
625C
  5
6088
331
625D
  5
6089
331
625E
  5
608A
331
625F
  5
608B
331
6260
  5
608C
331
6261
  5
608D
331
6262
  5
608E
331
6263
  5
608F
331
6264
  5
6090
331
6265
  5
6091
331
6266
  5
6092
331
6267
  5
6093
331
6268
  5
6094
331
6269
  5
6095
331
626A
  5
6096
331
626B
  5
6097
331
626C
  5
6098
331
626D
  5
6099
331
626E
  5
609A
331
626F
  5
609B
331
6270
  5
609C
331
6271
  5
609D
331
6272
  5
609E
331
6273
  5
609F
331
6274
  5
60A0
331
6275
  5
60A1
331
6276
  5
60A2
331
6277
  5
60A3
331
6278
  5
60A4
331
6279
  5
60A5
331
627A
  5
60A6
331
627B
  5
60A7
331
627C
  5
60A8
331
627D
  5
60A9
331
627E
  5
60AA
331
627F
  5
60AB
331
6280
  5
60AC
331
6281
  5
60AD
331
6282
  5
60AE
331
6283
  5
60AF
331
6284
  5
60B0
331
6285
  5
60B1
331
6286
  5
60B2
331
6287
  5
60B3
331
6288
  5
60B4
331
6289
  5
60B5
331
628A
  5
60B6
331
628B
  5
60B7
331
628C
  5
60B8
331
628D
  5
60B9
331
628E
  5
60BA
331
628F
  5
60BB
331
6290
  5
60BC
331
6291
  5
60BD
331
6292
  5
60BE
331
6293
  5
60BF
331
6294
  5
60C0
331
6295
  5
60C1
331
6296
  5
60C2
331
6297
  5
60C3
331
6298
  5
60C4
331
6299
  5
60C5
331
629A
  5
60C6
331
629B
  5
60C7
331
629C
  5
60C8
331
629D
  5
60C9
331
629E
  5
60CA
331
629F
  5
60CB
331
62A0
  5
60CC
331
62A1
  5
60CD
331
62A2
  5
60CE
331
62A3
  5
60CF
331
62A4
  5
60D0
331
62A5
  5
60D1
331
62A6
  5
60D2
331
62A7
  5
60D3
331
62A8
  5
60D4
331
62A9
  5
60D5
331
62AA
  5
60D6
331
62AB
  5
60D7
331
62AC
  5
60D8
331
62AD
  5
60D9
331
62AE
  5
60DA
331
62AF
  5
60DB
331
62B0
  5
60DC
331
62B1
  5
60DD
331
62B2
  5
60DE
331
62B3
  5
60DF
331
62B4
  5
60E0
331
62B5
  5
60E1
331
62B6
  5
60E2
331
62B7
  5
60E3
331
62B8
  5
60E4
331
62B9
  5
60E5
331
62BA
  5
60E6
331
62BB
  5
60E7
331
62BC
  5
60E8
331
62C4
  5
60F0
331
62C5
  5
60F1
331
62DC
  5
6108
331
62DD
  5
6109
331
62DE
  5
610A
331
62DF
  5
610B
331
62E0
  5
610C
331
62E1
  5
610D
331
62E2
  5
610E
331
62E3
  5
610F
331
62E4
  5
6110
331
62E5
  5
6111
331
62E6
  5
6112
331
62E7
  5
6113
331
62E8
  5
6114
331
62E9
  5
6115
331
62EA
  5
6116
331
62EB
  5
6117
331
62EC
  5
6118
331
62ED
  5
6119
331
62EE
  5
611A
331
62EF
  5
611B
331
62F0
  5
611C
331
62F1
  5
611D
331
62F2
  5
611E
331
62F3
  5
611F
331
62F4
  5
6120
331
62F5
  5
6121
331
62F6
  5
6122
331
62F7
  5
6123
331
62F8
  5
6124
331
62F9
  5
6125
331
62FA
  5
6126
331
62FB
  5
6127
331
62FC
  5
6128
331
62FD
  5
6129
331
62FE
  5
612A
331
62FF
  5
612B
331
6300
  5
612C
331
6301
  5
612D
331
6302
  5
612E
331
6303
  5
612F
331
6304
  5
6130
331
6305
  5
6131
331
631A
  5
6146
331
631B
  5
6147
331
631C
  5
6148
331
631D
  5
6149
331
631E
  5
614A
331
631F
  5
614B
331
6320
  5
614C
331
6321
  5
614D
331
6322
  5
614E
331
6323
  5
614F
331
6324
  5
6150
331
6325
  5
6151
331
6326
  5
6152
331
6327
  5
6153
331
6328
  5
6154
331
6329
  5
6155
331
632A
  5
6156
331
632B
  5
6157
331
632C
  5
6158
331
632D
  5
6159
331
632E
  5
615A
331
632F
  5
615B
331
6330
  5
615C
331
6331
  5
615D
331
6332
  5
615E
331
6333
  5
615F
331
6334
  5
6160
331
6335
  5
6161
331
6336
  5
6162
331
6337
  5
6163
331
6338
  5
6164
331
6339
  5
6165
331
633A
  5
6166
331
634C
  5
6178
331
634D
  5
6179
331
634E
  5
617A
331
634F
  5
617B
331
6350
  5
617C
331
6351
  5
617D
331
6352
  5
617E
331
6353
  5
617F
331
6354
  5
6180
331
6355
  5
6181
331
6356
  5
6182
331
6357
  5
6183
331
6358
  5
6184
331
6359
  5
6185
331
635A
  5
6186
331
635B
  5
6187
331
635C
  5
6188
331
635D
  5
6189
331
635E
  5
618A
331
635F
  5
618B
331
6360
  5
618C
331
6361
  5
618D
331
6362
  5
618E
331
6363
  5
618F
331
6364
  5
6190
331
6365
  5
6191
331
6366
  5
6192
331
6367
  5
6193
331
6368
  5
6194
331
6369
  5
6195
331
636A
  5
6196
331
636B
  5
6197
331
636C
  5
6198
331
636D
  5
6199
331
636E
  5
619A
331
636F
  5
619B
331
6370
  5
619C
331
6371
  5
619D
331
6372
  5
619E
331
6373
  5
619F
331
642E
  5
625A
331
642F
  5
625B
331
6430
  5
625C
331
6431
  5
625D
331
6432
  5
625E
331
6433
  5
625F
331
6434
  5
6260
331
6435
  5
6261
331
6436
  5
6262
331
6437
  5
6263
331
6438
  5
6264
331
6439
  5
6265
331
643A
  5
6266
331
643B
  5
6267
331
643C
  5
6268
331
643D
  5
6269
331
643E
  5
626A
331
643F
  5
626B
331
6440
  5
626C
331
6441
  5
626D
331
6442
  5
626E
331
6443
  5
626F
331
6444
  5
6270
331
6445
  5
6271
331
6446
  5
6272
331
6447
  5
6273
331
6448
  5
6274
331
6449
  5
6275
331
645A
  5
6286
331
645B
  5
6287
331
645C
  5
6288
331
645D
  5
6289
331
645E
  5
628A
331
645F
  5
628B
331
6460
  5
628C
331
6461
  5
628D
331
6462
  5
628E
331
6463
  5
628F
331
6464
  5
6290
331
6465
  5
6291
331
6466
  5
6292
331
6467
  5
6293
331
6468
  5
6294
331
6469
  5
6295
331
646A
  5
6296
331
646B
  5
6297
331
646C
  5
6298
331
646D
  5
6299
331
646E
  5
629A
331
646F
  5
629B
331
6718
  5
6544
331
6719
  5
6545
331
671A
  5
6546
331
6727
  5
6553
331
6728
  5
6554
331
6729
  5
6555
331
672A
  5
6556
331
672B
  5
6557
331
672C
  5
6558
331
672D
  5
6559
331
672E
  5
655A
331
672F
  5
655B
331
6730
  5
655C
331
6731
  5
655D
331
6732
  5
655E
331
6733
  5
655F
331
6734
  5
6560
331
6735
  5
6561
331
6736
  5
6562
331
6737
  5
6563
331
6738
  5
6564
331
6739
  5
6565
331
673A
  5
6566
331
673B
  5
6567
331
673C
  5
6568
331
673D
  5
6569
331
673E
  5
656A
331
673F
  5
656B
331
6740
  5
656C
331
6741
  5
656D
331
6742
  5
656E
331
6743
  5
656F
331
6744
  5
6570
331
6745
  5
6571
331
6746
  5
6572
331
6747
  5
6573
331
6748
  5
6574
331
6749
  5
6575
331
674A
  5
6576
331
674B
  5
6577
331
674C
  5
6578
331
674D
  5
6579
331
674E
  5
657A
331
674F
  5
657B
331
6750
  5
657C
331
6751
  5
657D
331
6752
  5
657E
331
6753
  5
657F
331
6754
  5
6580
331
6755
  5
6581
331
6786
  5
65B2
331
6787
  5
65B3
331
6788
  5
65B4
331
6789
  5
65B5
331
678A
  5
65B6
331
678C
  5
65B8
331
678D
  5
65B9
331
678E
  5
65BA
331
678F
  5
65BB
331
6791
  5
65BD
331
6792
  5
65BE
331
6793
  5
65BF
331
6794
  5
65C0
331
6795
  5
65C1
331
6796
  5
65C2
331
6797
  5
65C3
331
6798
  5
65C4
331
6799
  5
65C5
331
679A
  5
65C6
331
679B
  5
65C7
331
679C
  5
65C8
331
679D
  5
65C9
331
679E
  5
65CA
331
679F
  5
65CB
331
67A0
  5
65CC
331
67A1
  5
65CD
331
67A2
  5
65CE
331
67A3
  5
65CF
331
67A4
  5
65D0
331
67A5
  5
65D1
331
67A6
  5
65D2
331
67A7
  5
65D3
331
67A8
  5
65D4
331
67A9
  5
65D5
331
67AA
  5
65D6
331
67AB
  5
65D7
331
67AC
  5
65D8
331
67AD
  5
65D9
331
67AE
  5
65DA
331
67AF
  5
65DB
331
67B0
  5
65DC
331
67B1
  5
65DD
331
67B2
  5
65DE
331
67B3
  5
65DF
331
67B4
  5
65E0
331
67B5
  5
65E1
331
67B6
  5
65E2
331
67B7
  5
65E3
331
67B8
  5
65E4
331
67B9
  5
65E5
331
67BA
  5
65E6
331
67BB
  5
65E7
331
67BC
  5
65E8
331
67BD
  5
65E9
331
67BE
  5
65EA
331
67BF
  5
65EB
331
67C0
  5
65EC
331
67C1
  5
65ED
331
67C2
  5
65EE
331
67C3
  5
65EF
331
67C4
  5
65F0
331
67C5
  5
65F1
331
67C6
  5
65F2
331
6832
  5
665E
331
6833
  5
665F
331
6834
  5
6660
331
6835
  5
6661
331
6836
  5
6662
331
6837
  5
6663
331
6838
  5
6664
331
6839
  5
6665
331
683A
  5
6666
331
683B
  5
6667
331
683C
  5
6668
331
683D
  5
6669
331
683E
  5
666A
331
683F
  5
666B
331
6840
  5
666C
331
6841
  5
666D
331
6842
  5
666E
331
6843
  5
666F
331
6844
  5
6670
331
6845
  5
6671
331
6846
  5
6672
331
6847
  5
6673
331
6848
  5
6674
331
6849
  5
6675
331
684A
  5
6676
331
684B
  5
6677
331
684C
  5
6678
331
684D
  5
6679
331
684E
  5
667A
331
684F
  5
667B
331
6850
  5
667C
331
6851
  5
667D
331
6852
  5
667E
331
6853
  5
667F
331
6854
  5
6680
331
6855
  5
6681
331
6856
  5
6682
331
6857
  5
6683
331
6858
  5
6684
331
6859
  5
6685
331
685A
  5
6686
331
685B
  5
6687
331
685C
  5
6688
331
685D
  5
6689
331
685E
  5
668A
331
685F
  5
668B
331
6860
  5
668C
331
6861
  5
668D
331
6862
  5
668E
331
6863
  5
668F
331
6864
  5
6690
331
6865
  5
6691
331
6866
  5
6692
331
6867
  5
6693
331
6868
  5
6694
331
6869
  5
6695
331
686A
  5
6696
331
686B
  5
6697
331
686C
  5
6698
331
686D
  5
6699
331
686E
  5
669A
331
686F
  5
669B
331
6870
  5
669C
331
6871
  5
669D
331
6872
  5
669E
331
6873
  5
669F
331
6874
  5
66A0
331
6875
  5
66A1
331
6876
  5
66A2
331
6877
  5
66A3
331
6878
  5
66A4
331
6879
  5
66A5
331
687A
  5
66A6
331
687B
  5
66A7
331
687C
  5
66A8
331
687D
  5
66A9
331
687E
  5
66AA
331
687F
  5
66AB
331
6880
  5
66AC
331
6881
  5
66AD
331
6882
  5
66AE
331
6883
  5
66AF
331
6884
  5
66B0
331
6885
  5
66B1
331
6886
  5
66B2
331
6887
  5
66B3
331
6888
  5
66B4
331
6889
  5
66B5
331
688A
  5
66B6
331
688B
  5
66B7
331
688C
  5
66B8
331
688D
  5
66B9
331
688E
  5
66BA
331
688F
  5
66BB
331
6890
  5
66BC
331
6891
  5
66BD
331
6892
  5
66BE
331
6893
  5
66BF
331
6894
  5
66C0
331
6895
  5
66C1
331
6896
  5
66C2
331
6897
  5
66C3
331
6898
  5
66C4
331
6899
  5
66C5
331
689A
  5
66C6
331
689B
  5
66C7
331
689C
  5
66C8
331
689D
  5
66C9
331
689E
  5
66CA
331
689F
  5
66CB
331
68A0
  5
66CC
331
68A1
  5
66CD
331
68A2
  5
66CE
331
68A3
  5
66CF
331
68A4
  5
66D0
331
68A5
  5
66D1
331
68A6
  5
66D2
331
68A7
  5
66D3
331
68A8
  5
66D4
331
68A9
  5
66D5
331
68AA
  5
66D6
331
68AB
  5
66D7
331
68AC
  5
66D8
331
68AD
  5
66D9
331
68AE
  5
66DA
331
68AF
  5
66DB
331
68B0
  5
66DC
331
68B1
  5
66DD
331
68B2
  5
66DE
331
68B3
  5
66DF
331
68B4
  5
66E0
331
68B5
  5
66E1
331
68B6
  5
66E2
331
68B7
  5
66E3
331
68B8
  5
66E4
331
68B9
  5
66E5
331
68BA
  5
66E6
331
68BB
  5
66E7
331
68BC
  5
66E8
331
68BD
  5
66E9
331
68BE
  5
66EA
331
68BF
  5
66EB
331
68C0
  5
66EC
331
68C1
  5
66ED
331
68C2
  5
66EE
331
68C3
  5
66EF
331
68C4
  5
66F0
331
68C5
  5
66F1
331
68C6
  5
66F2
331
68C7
  5
66F3
331
68C8
  5
66F4
331
68C9
  5
66F5
331
68CA
  5
66F6
331
68CB
  5
66F7
331
68D9
  5
6705
331
68DA
  5
6706
331
68DB
  5
6707
331
68DC
  5
6708
331
68DD
  5
6709
331
68DE
  5
670A
331
68DF
  5
670B
331
68E0
  5
670C
331
68E1
  5
670D
331
68E2
  5
670E
331
68E3
  5
670F
331
68E4
  5
6710
331
68E5
  5
6711
331
6990
  5
67BC
331
6991
  5
67BD
331
6992
  5
67BE
331
6993
  5
67BF
331
6994
  5
67C0
331
6995
  5
67C1
331
6996
  5
67C2
331
6997
  5
67C3
331
6998
  5
67C4
331
6999
  5
67C5
331
699A
  5
67C6
331
699B
  5
67C7
331
699C
  5
67C8
331
699D
  5
67C9
331
699E
  5
67CA
331
699F
  5
67CB
331
69A0
  5
67CC
331
69A1
  5
67CD
331
69A2
  5
67CE
331
69A3
  5
67CF
331
69A4
  5
67D0
331
69A5
  5
67D1
331
69A6
  5
67D2
331
69A7
  5
67D3
331
69A8
  5
67D4
331
69A9
  5
67D5
331
69AA
  5
67D6
331
69AB
  5
67D7
331
69AC
  5
67D8
331
69AD
  5
67D9
331
69AE
  5
67DA
331
69AF
  5
67DB
331
69B0
  5
67DC
331
69B1
  5
67DD
331
69B2
  5
67DE
331
69B3
  5
67DF
331
69B4
  5
67E0
331
69B5
  5
67E1
331
69B6
  5
67E2
331
69B7
  5
67E3
331
69B8
  5
67E4
331
69B9
  5
67E5
331
69BA
  5
67E6
331
69BB
  5
67E7
331
69BC
  5
67E8
331
69BD
  5
67E9
331
69BE
  5
67EA
331
69BF
  5
67EB
331
69C0
  5
67EC
331
69C1
  5
67ED
331
69C2
  5
67EE
331
69C3
  5
67EF
331
69C4
  5
67F0
331
69C5
  5
67F1
331
69C6
  5
67F2
331
69C7
  5
67F3
331
69C8
  5
67F4
331
69C9
  5
67F5
331
69CA
  5
67F6
331
69CB
  5
67F7
331
69CC
  5
67F8
331
69CD
  5
67F9
331
69CE
  5
67FA
331
69CF
  5
67FB
331
69D0
  5
67FC
331
69D1
  5
67FD
331
69D2
  5
67FE
331
69D3
  5
67FF
331
69D4
  5
6800
331
69D5
  5
6801
331
69D6
  5
6802
331
69D7
  5
6803
331
69D8
  5
6804
331
69D9
  5
6805
331
69DA
  5
6806
331
69DB
  5
6807
331
69DC
  5
6808
331
69DD
  5
6809
331
69DE
  5
680A
331
69DF
  5
680B
331
69E0
  5
680C
331
69E1
  5
680D
331
69E2
  5
680E
331
69E3
  5
680F
331
69E4
  5
6810
331
69E5
  5
6811
331
69E6
  5
6812
331
69E7
  5
6813
331
69E8
  5
6814
331
69E9
  5
6815
331
69EA
  5
6816
331
6B9B
  5
69C7
331
6B9C
  5
69C8
331
6B9D
  5
69C9
331
6B9E
  5
69CA
331
6BB0
  5
69DC
331
6BB1
  5
69DD
  0
ACDBDETAILVIEWSTYLE
  5
5754
102
{ACAD_XDICTIONARY
360
6D90
102
}
102
{ACAD_REACTORS
330
574E
102
}
330
574E
100
AcDbModelDocViewStyle
 70
     0
  3
Imperial24
290
     0
100
AcDbDetailViewStyle
 70
     0
 71
     0
 90
        3
 71
     1
340
11
 62
   256
 40
0.24
340
0
 62
   256
 40
0.24
300

 40
0.36
280
     3
 71
     2
340
16
 90
       25
 62
   256
 71
     3
340
11
 62
   256
 40
0.24
 90
        1
 40
0.75
 90
        1
300
%<\AcVar ViewType \f "%tc1">% %<\AcVar ViewDetailId>%\PSCALE %<\AcVar ViewScale \f "%sn">%
 71
     4
340
16
 90
       25
 62
   256
340
16
 90
       25
 62
   256
280
     0
  0
LAYOUT
  5
1C
102
{ACAD_REACTORS
330
1A
102
}
330
1A
100
AcDbPlotSettings
  1

  2
none_device
  4

  6

 40
0.0
 41
0.0
 42
0.0
 43
0.0
 44
0.0
 45
0.0
 46
0.0
 47
0.0
 48
0.0
 49
0.0
140
0.0
141
0.0
142
1.0
143
1.0
 70
   688
 72
     0
 73
     0
 74
     5
  7

 75
    16
147
1.0
 76
     0
 77
     2
 78
   300
148
0.0
149
0.0
100
AcDbLayout
  1
Layout1
 70
     1
 71
     1
 10
0.0
 20
0.0
 11
12.0
 21
9.0
 12
0.0
 22
0.0
 32
0.0
 14
1.000000000000000E+20
 24
1.000000000000000E+20
 34
1.000000000000000E+20
 15
-1.000000000000000E+20
 25
-1.000000000000000E+20
 35
-1.000000000000000E+20
146
0.0
 13
0.0
 23
0.0
 33
0.0
 16
1.0
 26
0.0
 36
0.0
 17
0.0
 27
1.0
 37
0.0
 76
     0
330
1B
  0
LAYOUT
  5
1E
102
{ACAD_REACTORS
330
1A
102
}
330
1A
100
AcDbPlotSettings
  1

  2
none_device
  4
Letter_(8.50_x_11.00_Inches)
  6

 40
6.349999999999998
 41
6.349999999999998
 42
6.350005079999998
 43
6.350005079999998
 44
215.9
 45
279.4
 46
0.0
 47
0.0
 48
0.0
 49
0.0
140
0.0
141
0.0
142
1.0
143
1.0
 70
  1712
 72
     0
 73
     0
 74
     0
  7

 75
     0
147
1.0
 76
     0
 77
     2
 78
   300
148
0.0
149
0.0
100
AcDbLayout
  1
Model
 70
     1
 71
     0
 10
0.0
 20
0.0
 11
12.0
 21
9.0
 12
0.0
 22
0.0
 32
0.0
 14
0.0
 24
0.0
 34
0.0
 15
322.5798
 25
380.7
 35
0.0
146
0.0
 13
0.0
 23
0.0
 33
0.0
 16
1.0
 26
0.0
 36
0.0
 17
0.0
 27
1.0
 37
0.0
 76
     0
330
1D
331
21
  0
MATERIAL
  5
5703
102
{ACAD_XDICTIONARY
360
5740
102
}
102
{ACAD_REACTORS
330
5701
102
}
330
5701
100
AcDbMaterial
  1
ByBlock
  0
MATERIAL
  5
5702
102
{ACAD_XDICTIONARY
360
573E
102
}
102
{ACAD_REACTORS
330
5701
102
}
330
5701
100
AcDbMaterial
  1
ByLayer
  0
MATERIAL
  5
5704
102
{ACAD_XDICTIONARY
360
5742
102
}
102
{ACAD_REACTORS
330
5701
102
}
330
5701
100
AcDbMaterial
  1
Global
  0
MLEADERSTYLE
  5
5708
102
{ACAD_REACTORS
330
5707
102
}
330
5707
100
AcDbMLeaderStyle
170
     2
171
     1
172
     0
 90
        2
 40
0.0
 41
0.0
173
     1
 91
-1056964608
340
14
 92
       -2
290
     1
 42
0.09
291
     1
 43
0.36
  3
Standard
 44
0.18
300

342
11
174
     1
178
     6
175
     1
176
     0
 93
-1056964608
 45
0.18
292
     0
297
     0
 46
0.18
 94
-1056964608
 47
1.0
 49
1.0
140
1.0
293
     1
141
0.0
294
     1
177
     0
142
1.0
295
     0
296
     0
143
0.125
1001
ACAD_MLEADERVER
1070
     2
  0
MLINESTYLE
  5
18
102
{ACAD_REACTORS
330
17
102
}
330
17
100
AcDbMlineStyle
  2
STANDARD
 70
     0
  3

 62
   256
 51
90.0
 52
90.0
 71
     2
 49
0.5
 62
   256
  6
BYLAYER
 49
-0.5
 62
   256
  6
BYLAYER
  0
ACDBPLACEHOLDER
  5
F
102
{ACAD_REACTORS
330
E
102
}
330
E
  0
SCALE
  5
56C3
102
{ACAD_REACTORS
330
56C2
102
}
330
56C2
100
AcDbScale
 70
     0
300
1:1
140
1.0
141
1.0
290
     1
  0
SCALE
  5
56C4
102
{ACAD_REACTORS
330
56C2
102
}
330
56C2
100
AcDbScale
 70
     0
300
1:2
140
1.0
141
2.0
290
     0
  0
SCALE
  5
56C5
102
{ACAD_REACTORS
330
56C2
102
}
330
56C2
100
AcDbScale
 70
     0
300
1:4
140
1.0
141
4.0
290
     0
  0
SCALE
  5
56C6
102
{ACAD_REACTORS
330
56C2
102
}
330
56C2
100
AcDbScale
 70
     0
300
1:5
140
1.0
141
5.0
290
     0
  0
SCALE
  5
56C7
102
{ACAD_REACTORS
330
56C2
102
}
330
56C2
100
AcDbScale
 70
     0
300
1:8
140
1.0
141
8.0
290
     0
  0
SCALE
  5
56C8
102
{ACAD_REACTORS
330
56C2
102
}
330
56C2
100
AcDbScale
 70
     0
300
1:10
140
1.0
141
10.0
290
     0
  0
SCALE
  5
56C9
102
{ACAD_REACTORS
330
56C2
102
}
330
56C2
100
AcDbScale
 70
     0
300
1:16
140
1.0
141
16.0
290
     0
  0
SCALE
  5
56CA
102
{ACAD_REACTORS
330
56C2
102
}
330
56C2
100
AcDbScale
 70
     0
300
1:20
140
1.0
141
20.0
290
     0
  0
SCALE
  5
56CB
102
{ACAD_REACTORS
330
56C2
102
}
330
56C2
100
AcDbScale
 70
     0
300
1:30
140
1.0
141
30.0
290
     0
  0
SCALE
  5
56CC
102
{ACAD_REACTORS
330
56C2
102
}
330
56C2
100
AcDbScale
 70
     0
300
1:40
140
1.0
141
40.0
290
     0
  0
SCALE
  5
56CD
102
{ACAD_REACTORS
330
56C2
102
}
330
56C2
100
AcDbScale
 70
     0
300
1:50
140
1.0
141
50.0
290
     0
  0
SCALE
  5
56CE
102
{ACAD_REACTORS
330
56C2
102
}
330
56C2
100
AcDbScale
 70
     0
300
1:100
140
1.0
141
100.0
290
     0
  0
SCALE
  5
56CF
102
{ACAD_REACTORS
330
56C2
102
}
330
56C2
100
AcDbScale
 70
     0
300
2:1
140
2.0
141
1.0
290
     0
  0
SCALE
  5
56D0
102
{ACAD_REACTORS
330
56C2
102
}
330
56C2
100
AcDbScale
 70
     0
300
4:1
140
4.0
141
1.0
290
     0
  0
SCALE
  5
56D1
102
{ACAD_REACTORS
330
56C2
102
}
330
56C2
100
AcDbScale
 70
     0
300
8:1
140
8.0
141
1.0
290
     0
  0
SCALE
  5
56D2
102
{ACAD_REACTORS
330
56C2
102
}
330
56C2
100
AcDbScale
 70
     0
300
10:1
140
10.0
141
1.0
290
     0
  0
SCALE
  5
56D3
102
{ACAD_REACTORS
330
56C2
102
}
330
56C2
100
AcDbScale
 70
     0
300
100:1
140
100.0
141
1.0
290
     0
  0
SCALE
  5
56D4
102
{ACAD_REACTORS
330
56C2
102
}
330
56C2
100
AcDbScale
 70
     0
300
1/128" = 1'-0"
140
0.0078125
141
12.0
290
     0
  0
SCALE
  5
56D5
102
{ACAD_REACTORS
330
56C2
102
}
330
56C2
100
AcDbScale
 70
     0
300
1/64" = 1'-0"
140
0.015625
141
12.0
290
     0
  0
SCALE
  5
56D6
102
{ACAD_REACTORS
330
56C2
102
}
330
56C2
100
AcDbScale
 70
     0
300
1/32" = 1'-0"
140
0.03125
141
12.0
290
     0
  0
SCALE
  5
56D7
102
{ACAD_REACTORS
330
56C2
102
}
330
56C2
100
AcDbScale
 70
     0
300
1/16" = 1'-0"
140
0.0625
141
12.0
290
     0
  0
SCALE
  5
56D8
102
{ACAD_REACTORS
330
56C2
102
}
330
56C2
100
AcDbScale
 70
     0
300
3/32" = 1'-0"
140
0.09375
141
12.0
290
     0
  0
SCALE
  5
56D9
102
{ACAD_REACTORS
330
56C2
102
}
330
56C2
100
AcDbScale
 70
     0
300
1/8" = 1'-0"
140
0.125
141
12.0
290
     0
  0
SCALE
  5
56DA
102
{ACAD_REACTORS
330
56C2
102
}
330
56C2
100
AcDbScale
 70
     0
300
3/16" = 1'-0"
140
0.1875
141
12.0
290
     0
  0
SCALE
  5
56DB
102
{ACAD_REACTORS
330
56C2
102
}
330
56C2
100
AcDbScale
 70
     0
300
1/4" = 1'-0"
140
0.25
141
12.0
290
     0
  0
SCALE
  5
56DC
102
{ACAD_REACTORS
330
56C2
102
}
330
56C2
100
AcDbScale
 70
     0
300
3/8" = 1'-0"
140
0.375
141
12.0
290
     0
  0
SCALE
  5
56DD
102
{ACAD_REACTORS
330
56C2
102
}
330
56C2
100
AcDbScale
 70
     0
300
1/2" = 1'-0"
140
0.5
141
12.0
290
     0
  0
SCALE
  5
56DE
102
{ACAD_REACTORS
330
56C2
102
}
330
56C2
100
AcDbScale
 70
     0
300
3/4" = 1'-0"
140
0.75
141
12.0
290
     0
  0
SCALE
  5
56DF
102
{ACAD_REACTORS
330
56C2
102
}
330
56C2
100
AcDbScale
 70
     0
300
1" = 1'-0"
140
1.0
141
12.0
290
     0
  0
SCALE
  5
56E0
102
{ACAD_REACTORS
330
56C2
102
}
330
56C2
100
AcDbScale
 70
     0
300
1-1/2" = 1'-0"
140
1.5
141
12.0
290
     0
  0
SCALE
  5
56E1
102
{ACAD_REACTORS
330
56C2
102
}
330
56C2
100
AcDbScale
 70
     0
300
3" = 1'-0"
140
3.0
141
12.0
290
     0
  0
SCALE
  5
56E2
102
{ACAD_REACTORS
330
56C2
102
}
330
56C2
100
AcDbScale
 70
     0
300
6" = 1'-0"
140
6.0
141
12.0
290
     0
  0
SCALE
  5
56E3
102
{ACAD_REACTORS
330
56C2
102
}
330
56C2
100
AcDbScale
 70
     0
300
1'-0" = 1'-0"
140
12.0
141
12.0
290
     0
  0
ACDBSECTIONVIEWSTYLE
  5
5753
102
{ACAD_XDICTIONARY
360
6D8E
102
}
102
{ACAD_REACTORS
330
574F
102
}
330
574F
100
AcDbModelDocViewStyle
 70
     0
  3
Imperial24
290
     0
100
AcDbSectionViewStyle
 70
     0
 71
     0
 90
       78
 71
     1
340
11
 62
   256
 40
0.24
340
0
340
0
 62
   256
 40
0.24
300
I, O, Q, S, X, Z
 40
0.48
 90
        3
 40
0.18
 90
        1
 71
     2
340
16
 90
       25
 62
   256
340
16
 90
       50
 62
   256
 40
0.24
 40
0.0
 40
0.24
 71
     3
340
11
 62
   256
 40
0.24
 90
        1
 40
0.75
 90
        1
300
%<\AcVar ViewType \f "%tc1">% %<\AcVar ViewSectionStartId>%-%<\AcVar ViewSectionEndId>%\PSCALE %<\AcVar ViewScale \f "%sn">%
 71
     4
 62
   256
 62
   257
300
ANSI31
 40
1.0
 90
        0
290
     0
290
     0
 90
        6
 40
0.0
 40
1.570796326794896
 40
0.2617993877991494
 40
1.308996938995747
 40
-0.2617993877991494
 40
1.832595714594045
  0
TABLESTYLE
  5
5706
102
{ACAD_XDICTIONARY
360
5744
102
}
102
{ACAD_REACTORS
330
5705
102
}
330
5705
100
AcDbTableStyle
  3
Standard
 70
     0
 71
     0
 40
0.06
 41
0.06
280
     0
281
     0
  7
Standard
140
0.18
170
     2
 62
     0
 63
     7
283
     0
 90
        4
 91
        0
  1

274
    -2
284
     1
 64
     0
275
    -2
285
     1
 65
     0
276
    -2
286
     1
 66
     0
277
    -2
287
     1
 67
     0
278
    -2
288
     1
 68
     0
279
    -2
289
     1
 69
     0
  7
Standard
140
0.25
170
     5
 62
     0
 63
     7
283
     0
 90
        4
 91
        0
  1

274
    -2
284
     1
 64
     0
275
    -2
285
     1
 65
     0
276
    -2
286
     1
 66
     0
277
    -2
287
     1
 67
     0
278
    -2
288
     1
 68
     0
279
    -2
289
     1
 69
     0
  7
Standard
140
0.18
170
     5
 62
     0
 63
     7
283
     0
 90
        4
 91
        0
  1

274
    -2
284
     1
 64
     0
275
    -2
285
     1
 65
     0
276
    -2
286
     1
 66
     0
277
    -2
287
     1
 67
     0
278
    -2
288
     1
 68
     0
279
    -2
289
     1
 69
     0
  0
VISUALSTYLE
  5
56ED
102
{ACAD_XDICTIONARY
360
6D66
102
}
102
{ACAD_REACTORS
330
56E8
102
}
330
56E8
100
AcDbVisualStyle
  2

 70
     4
 71
     0
 72
     2
 73
     0
 90
        0
 40
-0.6
 41
-30.0
 62
     5
 63
     7
421
 16777215
 74
     1
 91
        4
 64
     7
 65
   257
 75
     1
175
     1
 42
1.0
 92
        0
 66
   257
 43
1.0
 76
     1
 77
     6
 78
     2
 67
     7
 79
     5
170
     0
171
     0
290
     0
174
     0
 93
        1
 44
0.0
173
     0
291
     0
 45
0.0
1001
ACAD
1000
AcDbSavedByObjectVersion
1070
     0
  0
VISUALSTYLE
  5
56F0
102
{ACAD_XDICTIONARY
360
6D6C
102
}
102
{ACAD_REACTORS
330
56E8
102
}
330
56E8
100
AcDbVisualStyle
  2

 70
     7
 71
     1
 72
     0
 73
     1
 90
        0
 40
-0.6
 41
-30.0
 62
     5
 63
     7
421
 16777215
 74
     0
 91
        4
 64
     7
 65
   257
 75
     1
175
     1
 42
1.0
 92
        8
 66
     7
 43
1.0
 76
     1
 77
     6
 78
     2
 67
     7
 79
     5
170
     0
171
     0
290
     0
174
     0
 93
        1
 44
0.0
173
     0
291
     1
 45
0.0
1001
ACAD
1000
AcDbSavedByObjectVersion
1070
     0
  0
VISUALSTYLE
  5
56F4
102
{ACAD_XDICTIONARY
360
6D74
102
}
102
{ACAD_REACTORS
330
56E8
102
}
330
56E8
100
AcDbVisualStyle
  2

 70
    12
 71
     2
 72
     2
 73
     0
 90
        0
 40
-0.6
 41
-30.0
 62
     5
 63
     7
421
 16777215
 74
     1
 91
        4
 64
     7
 65
   257
 75
     1
175
     1
 42
1.0
 92
        8
 66
     7
 43
1.0
 76
     1
 77
     6
 78
     2
 67
     7
 79
     5
170
     0
171
     0
290
     0
174
     0
 93
        1
 44
50.0
173
     0
291
     1
 45
0.0
1001
ACAD
1000
AcDbSavedByObjectVersion
1070
     0
  0
VISUALSTYLE
  5
56F8
102
{ACAD_XDICTIONARY
360
6D7C
102
}
102
{ACAD_REACTORS
330
56E8
102
}
330
56E8
100
AcDbVisualStyle
  2

 70
    16
 71
     2
 72
     2
 73
     3
 90
        0
 40
-0.6
 41
-30.0
 62
     5
 63
     8
421
  8421504
 74
     1
 91
        4
 64
     7
 65
   257
 75
     1
175
     1
 42
1.0
 92
        8
 66
     8
424
  8421504
 43
1.0
 76
     1
 77
     6
 78
     2
 67
     7
 79
     5
170
     0
171
     0
290
     0
174
     0
 93
        1
 44
0.0
173
     0
291
     1
 45
0.0
1001
ACAD
1000
AcDbSavedByObjectVersion
1070
     0
  0
VISUALSTYLE
  5
56F2
102
{ACAD_XDICTIONARY
360
6D70
102
}
102
{ACAD_REACTORS
330
56E8
102
}
330
56E8
100
AcDbVisualStyle
  2

 70
     9
 71
     3
 72
     2
 73
     0
 90
        0
 40
-0.6
 41
-30.0
 62
     5
 63
     7
421
 16777215
 74
     2
 91
        2
 64
     7
 65
   257
 75
     1
175
     1
 42
179.0
 92
        8
 66
     7
 43
1.0
 76
     1
 77
     6
 78
     2
 67
     7
 79
     3
170
     0
171
     0
290
     0
174
     0
 93
        1
 44
0.0
173
     0
291
     0
 45
0.0
1001
ACAD
1000
AcDbSavedByObjectVersion
1070
     0
  0
VISUALSTYLE
  5
56F3
102
{ACAD_XDICTIONARY
360
6D72
102
}
102
{ACAD_REACTORS
330
56E8
102
}
330
56E8
100
AcDbVisualStyle
  2

 70
    11
 71
     2
 72
     2
 73
     0
 90
        0
 40
-0.6
 41
-30.0
 62
     5
 63
     7
421
 16777215
 74
     1
 91
        4
 64
     7
 65
   257
 75
     1
175
     1
 42
1.0
 92
        8
 66
     7
 43
1.0
 76
     1
 77
     6
 78
     2
 67
     7
 79
     5
170
     0
171
     0
290
     0
174
     0
 93
        1
 44
-50.0
173
     0
291
     1
 45
0.0
1001
ACAD
1000
AcDbSavedByObjectVersion
1070
     0
  0
VISUALSTYLE
  5
56FB
102
{ACAD_XDICTIONARY
360
6D82
102
}
102
{ACAD_REACTORS
330
56E8
102
}
330
56E8
100
AcDbVisualStyle
  2

 70
    22
 71
     2
 72
     2
 73
     0
 90
        0
 40
-0.6
 41
-30.0
 62
     5
 63
     7
421
 16777215
 74
     1
 91
        4
 64
     7
 65
   257
 75
     1
175
     1
 42
1.0
 92
        8
 66
     7
 43
1.0
 76
     1
 77
     6
 78
     2
 67
     7
 79
     5
170
     0
171
     0
290
     0
174
     0
 93
        1
 44
0.0
173
     0
291
     1
 45
0.0
1001
ACAD
1000
AcDbSavedByObjectVersion
1070
     0
  0
VISUALSTYLE
  5
56F7
102
{ACAD_XDICTIONARY
360
6D7A
102
}
102
{ACAD_REACTORS
330
56E8
102
}
330
56E8
100
AcDbVisualStyle
  2

 70
    15
 71
     2
 72
     2
 73
     0
 90
        0
 40
-0.6
 41
-30.0
 62
     5
 63
     7
421
 16777215
 74
     1
 91
        4
 64
     7
 65
   257
 75
     1
175
     1
 42
1.0
 92
        8
 66
     7
 43
1.0
 76
     1
 77
     6
 78
     2
 67
     7
 79
     5
170
     0
171
     0
290
     0
174
     0
 93
        1
 44
0.0
173
     0
291
     1
 45
0.0
1001
ACAD
1000
AcDbSavedByObjectVersion
1070
     0
  0
VISUALSTYLE
  5
56E9
102
{ACAD_XDICTIONARY
360
6D5E
102
}
102
{ACAD_REACTORS
330
56E8
102
}
330
56E8
100
AcDbVisualStyle
  2

 70
     0
 71
     2
 72
     1
 73
     1
 90
        2
 40
-0.6
 41
30.0
 62
     5
 63
     7
421
 16777215
 74
     0
 91
        0
 64
     7
 65
   257
 75
     1
175
     1
 42
1.0
 92
        8
 66
     7
 43
1.0
 76
     1
 77
     6
 78
     2
 67
     7
 79
     5
170
     0
171
     0
290
     0
174
     0
 93
       13
 44
0.0
173
     0
291
     1
 45
0.0
1001
ACAD
1000
AcDbSavedByObjectVersion
1070
     0
  0
VISUALSTYLE
  5
56EA
102
{ACAD_XDICTIONARY
360
6D60
102
}
102
{ACAD_REACTORS
330
56E8
102
}
330
56E8
100
AcDbVisualStyle
  2

 70
     1
 71
     2
 72
     1
 73
     1
 90
        2
 40
-0.6
 41
30.0
 62
     5
 63
     7
421
 16777215
 74
     1
 91
        0
 64
     7
 65
   257
 75
     1
175
     1
 42
1.0
 92
        0
 66
   257
 43
1.0
 76
     1
 77
     6
 78
     2
 67
     7
 79
     5
170
     0
171
     0
290
     0
174
     0
 93
       13
 44
0.0
173
     0
291
     1
 45
0.0
1001
ACAD
1000
AcDbSavedByObjectVersion
1070
     0
  0
VISUALSTYLE
  5
56EB
102
{ACAD_XDICTIONARY
360
6D62
102
}
102
{ACAD_REACTORS
330
56E8
102
}
330
56E8
100
AcDbVisualStyle
  2

 70
     2
 71
     2
 72
     2
 73
     1
 90
        2
 40
-0.6
 41
30.0
 62
     5
 63
     7
421
 16777215
 74
     0
 91
        0
 64
     7
 65
   257
 75
     1
175
     1
 42
1.0
 92
        0
 66
     7
 43
1.0
 76
     1
 77
     6
 78
     2
 67
     7
 79
     5
170
     0
171
     0
290
     0
174
     0
 93
       13
 44
0.0
173
     0
291
     1
 45
0.0
1001
ACAD
1000
AcDbSavedByObjectVersion
1070
     0
  0
VISUALSTYLE
  5
56EC
102
{ACAD_XDICTIONARY
360
6D64
102
}
102
{ACAD_REACTORS
330
56E8
102
}
330
56E8
100
AcDbVisualStyle
  2

 70
     3
 71
     2
 72
     2
 73
     1
 90
        2
 40
-0.6
 41
30.0
 62
     5
 63
     7
421
 16777215
 74
     1
 91
        0
 64
     7
 65
   257
 75
     1
175
     1
 42
1.0
 92
        0
 66
   257
 43
1.0
 76
     1
 77
     6
 78
     2
 67
     7
 79
     5
170
     0
171
     0
290
     0
174
     0
 93
       13
 44
0.0
173
     0
291
     1
 45
0.0
1001
ACAD
1000
AcDbSavedByObjectVersion
1070
     0
  0
VISUALSTYLE
  5
56EF
102
{ACAD_XDICTIONARY
360
6D6A
102
}
102
{ACAD_REACTORS
330
56E8
102
}
330
56E8
100
AcDbVisualStyle
  2

 70
     6
 71
     1
 72
     2
 73
     2
 90
        0
 40
-0.6
 41
-30.0
 62
     5
 63
     7
421
 16777215
 74
     2
 91
        2
 64
     7
 65
   257
 75
     2
175
     1
 42
40.0
 92
        0
 66
   257
 43
1.0
 76
     1
 77
     6
 78
     2
 67
     7
 79
     3
170
     0
171
     0
290
     0
174
     0
 93
        1
 44
0.0
173
     0
291
     0
 45
0.0
1001
ACAD
1000
AcDbSavedByObjectVersion
1070
     0
  0
VISUALSTYLE
  5
56F9
102
{ACAD_XDICTIONARY
360
6D7E
102
}
102
{ACAD_REACTORS
330
56E8
102
}
330
56E8
100
AcDbVisualStyle
  2

 70
    20
 71
     2
 72
     2
 73
     0
 90
        0
 40
-0.6
 41
-30.0
 62
     5
 63
     7
421
 16777215
 74
     1
 91
        4
 64
     7
 65
   257
 75
     1
175
     1
 42
1.0
 92
       10
 66
     7
 43
1.0
 76
     1
 77
     6
 78
     2
 67
     7
 79
     5
170
     0
171
     0
290
     0
174
     0
 93
        1
 44
0.0
173
     0
291
     1
 45
0.0
1001
ACAD
1000
AcDbSavedByObjectVersion
1070
     0
  0
VISUALSTYLE
  5
56F6
102
{ACAD_XDICTIONARY
360
6D78
102
}
102
{ACAD_REACTORS
330
56E8
102
}
330
56E8
100
AcDbVisualStyle
  2

 70
    14
 71
     2
 72
     2
 73
     0
 90
        0
 40
-0.6
 41
-30.0
 62
     5
 63
     7
421
 16777215
 74
     1
 91
        4
 64
     7
 65
   257
 75
     7
175
     7
 42
1.0
 92
        8
 66
     7
 43
1.0
 76
     1
 77
     6
 78
     2
 67
     7
 79
     5
170
     0
171
     0
290
     0
174
     0
 93
        1
 44
0.0
173
     0
291
     1
 45
0.0
1001
ACAD
1000
AcDbSavedByObjectVersion
1070
     0
  0
VISUALSTYLE
  5
56FA
102
{ACAD_XDICTIONARY
360
6D80
102
}
102
{ACAD_REACTORS
330
56E8
102
}
330
56E8
100
AcDbVisualStyle
  2

 70
    21
 71
     2
 72
     2
 73
     0
 90
        0
 40
-0.6
 41
-30.0
 62
     5
 63
     7
421
 16777215
 74
     1
 91
        4
 64
     7
 65
   257
 75
     1
175
     1
 42
1.0
 92
        9
 66
     7
 43
1.0
 76
     1
 77
     6
 78
     2
 67
     7
 79
     5
170
     0
171
     0
290
     0
174
     0
 93
        1
 44
0.0
173
     0
291
     1
 45
0.0
1001
ACAD
1000
AcDbSavedByObjectVersion
1070
     0
  0
VISUALSTYLE
  5
56F1
102
{ACAD_XDICTIONARY
360
6D6E
102
}
102
{ACAD_REACTORS
330
56E8
102
}
330
56E8
100
AcDbVisualStyle
  2

 70
     8
 71
     2
 72
     3
 73
     0
 90
        2
 40
-0.6
 41
30.0
 62
     5
 63
     7
421
 16777215
 74
     0
 91
        0
 64
     7
 65
   257
 75
     1
175
     1
 42
1.0
 92
        8
 66
   257
 43
1.0
 76
     1
 77
     6
 78
     2
 67
     7
 79
     3
170
     0
171
     0
290
     0
174
     0
 93
       13
 44
0.0
173
     0
291
     0
 45
0.0
1001
ACAD
1000
AcDbSavedByObjectVersion
1070
     0
  0
VISUALSTYLE
  5
5700
102
{ACAD_XDICTIONARY
360
6D8C
102
}
102
{ACAD_REACTORS
330
56E8
102
}
330
56E8
100
AcDbVisualStyle
  2

 70
    27
 71
     2
 72
     2
 73
     1
 90
        2
 40
-0.6
 41
30.0
 62
     5
 63
     7
421
 16777215
 74
     0
 91
        4
 64
     7
 65
   257
 75
     1
175
     1
 42
1.0
 92
        8
 66
   257
 43
1.0
 76
     1
 77
     6
 78
     2
 67
     8
425
  7895160
 79
     3
170
     0
171
     0
290
     0
174
     0
 93
        5
 44
0.0
173
     0
291
     0
 45
0.0
1001
ACAD
1000
AcDbSavedByObjectVersion
1070
     0
  0
VISUALSTYLE
  5
56FF
102
{ACAD_XDICTIONARY
360
6D8A
102
}
102
{ACAD_REACTORS
330
56E8
102
}
330
56E8
100
AcDbVisualStyle
  2

 70
    26
 71
     2
 72
     2
 73
     1
 90
        2
 40
-0.6
 41
30.0
 62
     5
 63
     7
421
 16777215
 74
     1
 91
       10
 64
     7
 65
   257
 75
     2
175
     1
 42
1.0
 92
        8
 66
   257
 43
1.0
 76
     1
 77
     6
 78
     2
 67
     7
 79
     3
170
     0
171
     0
290
     0
174
     0
 93
        5
 44
0.0
173
     0
291
     0
 45
0.0
1001
ACAD
1000
AcDbSavedByObjectVersion
1070
     0
  0
VISUALSTYLE
  5
56FC
102
{ACAD_XDICTIONARY
360
6D84
102
}
102
{ACAD_REACTORS
330
56E8
102
}
330
56E8
100
AcDbVisualStyle
  2

 70
    23
 71
     2
 72
     2
 73
     3
 90
        0
 40
-0.6
 41
-30.0
 62
     5
 63
     7
421
 16777215
 74
     2
 91
        2
 64
     7
 65
     7
 75
     1
175
     1
 42
40.0
 92
        8
 66
     7
 43
1.0
 76
     1
 77
     6
 78
     2
 67
     7
 79
     3
170
     0
171
     0
290
     0
174
     0
 93
        1
 44
0.0
173
     0
291
     0
 45
0.0
1001
ACAD
1000
AcDbSavedByObjectVersion
1070
     0
  0
VISUALSTYLE
  5
56FD
102
{ACAD_XDICTIONARY
360
6D86
102
}
102
{ACAD_REACTORS
330
56E8
102
}
330
56E8
100
AcDbVisualStyle
  2

 70
    24
 71
     1
 72
     2
 73
     2
 90
        0
 40
-0.6
 41
-30.0
 62
     5
 63
     7
421
 16777215
 74
     2
 91
        2
 64
     7
 65
     7
 75
     1
175
     1
 42
40.0
 92
       11
 66
     7
 43
1.0
 76
     1
 77
     6
 78
     2
 67
     7
 79
     6
170
     0
171
     0
290
     0
174
     0
 93
        1
 44
0.0
173
     0
291
     0
 45
0.0
1001
ACAD
1000
AcDbSavedByObjectVersion
1070
     0
  0
VISUALSTYLE
  5
56F5
102
{ACAD_XDICTIONARY
360
6D76
102
}
102
{ACAD_REACTORS
330
56E8
102
}
330
56E8
100
AcDbVisualStyle
  2

 70
    13
 71
     2
 72
     2
 73
     0
 90
        0
 40
-0.6
 41
-30.0
 62
     5
 63
     7
421
 16777215
 74
     1
 91
        4
 64
     7
 65
   257
 75
     1
175
     1
 42
1.0
 92
       12
 66
     7
 43
1.0
 76
     1
 77
     6
 78
     2
 67
     7
 79
     5
170
     0
171
     0
290
     0
174
     0
 93
        1
 44
0.0
173
     0
291
     1
 45
0.0
1001
ACAD
1000
AcDbSavedByObjectVersion
1070
     0
  0
VISUALSTYLE
  5
56EE
102
{ACAD_XDICTIONARY
360
6D68
102
}
102
{ACAD_REACTORS
330
56E8
102
}
330
56E8
100
AcDbVisualStyle
  2

 70
     5
 71
     0
 72
     2
 73
     0
 90
        0
 40
-0.6
 41
-30.0
 62
     5
 63
     7
421
 16777215
 74
     1
 91
        4
 64
     7
 65
   257
 75
     1
175
     1
 42
1.0
 92
        0
 66
   257
 43
1.0
 76
     1
 77
     6
 78
     2
 67
     7
 79
     3
170
     0
171
     0
290
     0
174
     0
 93
        1
 44
0.0
173
     0
291
     0
 45
0.0
1001
ACAD
1000
AcDbSavedByObjectVersion
1070
     0
  0
VISUALSTYLE
  5
56FE
102
{ACAD_XDICTIONARY
360
6D88
102
}
102
{ACAD_REACTORS
330
56E8
102
}
330
56E8
100
AcDbVisualStyle
  2

 70
    25
 71
     2
 72
     2
 73
     1
 90
        1
 40
0.5
 41
-30.0
 62
     5
 63
     7
421
 16777215
 74
     1
 91
        0
 64
     7
 65
   257
 75
     1
175
     1
 42
1.0
 92
        8
 66
     7
 43
1.0
 76
     1
 77
     6
 78
     2
 67
     7
 79
     3
170
     0
171
     0
290
     0
174
     0
 93
       13
 44
0.0
173
     0
291
     0
 45
0.0
1001
ACAD
1000
AcDbSavedByObjectVersion
1070
     0
  0
DICTIONARYVAR
  5
570C
102
{ACAD_REACTORS
330
570B
102
}
330
570B
100
DictionaryVariables
280
     0
  1
1:1
  0
DICTIONARYVAR
  5
574C
102
{ACAD_REACTORS
330
570B
102
}
330
570B
100
DictionaryVariables
280
     0
  1
STANDARD
  0
DICTIONARYVAR
  5
574B
102
{ACAD_REACTORS
330
570B
102
}
330
570B
100
DictionaryVariables
280
     0
  1
STANDARD
  0
DICTIONARYVAR
  5
6D1B
102
{ACAD_REACTORS
330
570B
102
}
330
570B
100
DictionaryVariables
280
     0
  1
Imperial24
  0
DICTIONARYVAR
  5
6D1C
102
{ACAD_REACTORS
330
570B
102
}
330
570B
100
DictionaryVariables
280
     0
  1
Imperial24
  0
DICTIONARYVAR
  5
6D1E
102
{ACAD_REACTORS
330
570B
102
}
330
570B
100
DictionaryVariables
280
     0
  1
1
  0
DICTIONARYVAR
  5
6D1F
102
{ACAD_REACTORS
330
570B
102
}
330
570B
100
DictionaryVariables
280
     0
  1
15
  0
DICTIONARYVAR
  5
6D1D
102
{ACAD_REACTORS
330
570B
102
}
330
570B
100
DictionaryVariables
280
     0
  1
0
  0
DICTIONARYVAR
  5
574D
102
{ACAD_REACTORS
330
570B
102
}
330
570B
100
DictionaryVariables
280
     0
  1
0
  0
DICTIONARYVAR
  5
6D5B
102
{ACAD_REACTORS
330
570B
102
}
330
570B
100
DictionaryVariables
280
     0
  1
2
  0
DICTIONARY
  5
6D90
330
5754
100
AcDbDictionary
280
     1
281
     1
  3
ACAD_XREC_ROUNDTRIP
360
6D91
  0
DICTIONARY
  5
5740
330
5703
100
AcDbDictionary
280
     1
281
     1
  3
ACAD_XREC_ROUNDTRIP
360
5741
  0
DICTIONARY
  5
573E
330
5702
100
AcDbDictionary
280
     1
281
     1
  3
ACAD_XREC_ROUNDTRIP
360
573F
  0
DICTIONARY
  5
5742
330
5704
100
AcDbDictionary
280
     1
281
     1
  3
ACAD_XREC_ROUNDTRIP
360
5743
  0
DICTIONARY
  5
6D8E
330
5753
100
AcDbDictionary
280
     1
281
     1
  3
ACAD_XREC_ROUNDTRIP
360
6D8F
  0
DICTIONARY
  5
5744
330
5706
100
AcDbDictionary
280
     1
281
     1
  3
ACAD_ROUNDTRIP_2008_TABLESTYLE_CELLSTYLEMAP
360
6D5C
  0
DICTIONARY
  5
6D66
330
56ED
100
AcDbDictionary
280
     1
281
     1
  3
ACAD_XREC_ROUNDTRIP
360
6D67
  0
DICTIONARY
  5
6D6C
330
56F0
100
AcDbDictionary
280
     1
281
     1
  3
ACAD_XREC_ROUNDTRIP
360
6D6D
  0
DICTIONARY
  5
6D74
330
56F4
100
AcDbDictionary
280
     1
281
     1
  3
ACAD_XREC_ROUNDTRIP
360
6D75
  0
DICTIONARY
  5
6D7C
330
56F8
100
AcDbDictionary
280
     1
281
     1
  3
ACAD_XREC_ROUNDTRIP
360
6D7D
  0
DICTIONARY
  5
6D70
330
56F2
100
AcDbDictionary
280
     1
281
     1
  3
ACAD_XREC_ROUNDTRIP
360
6D71
  0
DICTIONARY
  5
6D72
330
56F3
100
AcDbDictionary
280
     1
281
     1
  3
ACAD_XREC_ROUNDTRIP
360
6D73
  0
DICTIONARY
  5
6D82
330
56FB
100
AcDbDictionary
280
     1
281
     1
  3
ACAD_XREC_ROUNDTRIP
360
6D83
  0
DICTIONARY
  5
6D7A
330
56F7
100
AcDbDictionary
280
     1
281
     1
  3
ACAD_XREC_ROUNDTRIP
360
6D7B
  0
DICTIONARY
  5
6D5E
330
56E9
100
AcDbDictionary
280
     1
281
     1
  3
ACAD_XREC_ROUNDTRIP
360
6D5F
  0
DICTIONARY
  5
6D60
330
56EA
100
AcDbDictionary
280
     1
281
     1
  3
ACAD_XREC_ROUNDTRIP
360
6D61
  0
DICTIONARY
  5
6D62
330
56EB
100
AcDbDictionary
280
     1
281
     1
  3
ACAD_XREC_ROUNDTRIP
360
6D63
  0
DICTIONARY
  5
6D64
330
56EC
100
AcDbDictionary
280
     1
281
     1
  3
ACAD_XREC_ROUNDTRIP
360
6D65
  0
DICTIONARY
  5
6D6A
330
56EF
100
AcDbDictionary
280
     1
281
     1
  3
ACAD_XREC_ROUNDTRIP
360
6D6B
  0
DICTIONARY
  5
6D7E
330
56F9
100
AcDbDictionary
280
     1
281
     1
  3
ACAD_XREC_ROUNDTRIP
360
6D7F
  0
DICTIONARY
  5
6D78
330
56F6
100
AcDbDictionary
280
     1
281
     1
  3
ACAD_XREC_ROUNDTRIP
360
6D79
  0
DICTIONARY
  5
6D80
330
56FA
100
AcDbDictionary
280
     1
281
     1
  3
ACAD_XREC_ROUNDTRIP
360
6D81
  0
DICTIONARY
  5
6D6E
330
56F1
100
AcDbDictionary
280
     1
281
     1
  3
ACAD_XREC_ROUNDTRIP
360
6D6F
  0
DICTIONARY
  5
6D8C
330
5700
100
AcDbDictionary
280
     1
281
     1
  3
ACAD_XREC_ROUNDTRIP
360
6D8D
  0
DICTIONARY
  5
6D8A
330
56FF
100
AcDbDictionary
280
     1
281
     1
  3
ACAD_XREC_ROUNDTRIP
360
6D8B
  0
DICTIONARY
  5
6D84
330
56FC
100
AcDbDictionary
280
     1
281
     1
  3
ACAD_XREC_ROUNDTRIP
360
6D85
  0
DICTIONARY
  5
6D86
330
56FD
100
AcDbDictionary
280
     1
281
     1
  3
ACAD_XREC_ROUNDTRIP
360
6D87
  0
DICTIONARY
  5
6D76
330
56F5
100
AcDbDictionary
280
     1
281
     1
  3
ACAD_XREC_ROUNDTRIP
360
6D77
  0
DICTIONARY
  5
6D68
330
56EE
100
AcDbDictionary
280
     1
281
     1
  3
ACAD_XREC_ROUNDTRIP
360
6D69
  0
DICTIONARY
  5
6D88
330
56FE
100
AcDbDictionary
280
     1
281
     1
  3
ACAD_XREC_ROUNDTRIP
360
6D89
  0
XRECORD
  5
6D91
102
{ACAD_REACTORS
330
6D90
102
}
330
6D90
100
AcDbXrecord
280
     1
102
DISPLAYNAME
  1
Imperial24
102
FLAGS
 90
        0
  0
XRECORD
  5
5741
102
{ACAD_REACTORS
330
5740
102
}
330
5740
100
AcDbXrecord
280
     1
102
MATERIAL
148
0.0
149
0.0
149
0.0
 93
        0
 94
      127
282
     0
 72
     1
 77
     1
171
     1
175
     1
179
     1
273
     0
  0
XRECORD
  5
573F
102
{ACAD_REACTORS
330
573E
102
}
330
573E
100
AcDbXrecord
280
     1
102
MATERIAL
148
0.0
149
0.0
149
0.0
 93
        0
 94
      127
282
     0
 72
     1
 77
     1
171
     1
175
     1
179
     1
273
     0
  0
XRECORD
  5
5743
102
{ACAD_REACTORS
330
5742
102
}
330
5742
100
AcDbXrecord
280
     1
102
MATERIAL
148
0.0
149
0.0
149
0.0
 93
        0
 94
      127
282
     0
 72
     1
 77
     1
171
     1
175
     1
179
     1
273
     0
  0
XRECORD
  5
6D8F
102
{ACAD_REACTORS
330
6D8E
102
}
330
6D8E
100
AcDbXrecord
280
     1
102
DISPLAYNAME
  1
Imperial24
102
FLAGS
 90
        0
  0
CELLSTYLEMAP
  5
6D5C
102
{ACAD_REACTORS
330
5744
102
}
330
5744
100
AcDbCellStyleMap
 90
        3
300
CELLSTYLE
  1
TABLEFORMAT_BEGIN
 90
        5
170
     1
 91
        0
 92
    32768
 62
   257
 93
        1
300
CONTENTFORMAT
  1
CONTENTFORMAT_BEGIN
 90
        0
 91
        0
 92
        4
 93
        0
300

 40
0.0
140
1.0
 94
        5
 62
     0
340
11
144
0.25
309
CONTENTFORMAT_END
171
     1
301
MARGIN
  1
CELLMARGIN_BEGIN
 40
0.06
 40
0.06
 40
0.06
 40
0.06
 40
0.18
 40
0.18
309
CELLMARGIN_END
 94
        6
 95
        1
302
GRIDFORMAT
  1
GRIDFORMAT_BEGIN
 90
        0
 91
        1
 62
     0
 92
       -2
340
14
 93
        0
 40
0.045
309
GRIDFORMAT_END
 95
        2
302
GRIDFORMAT
  1
GRIDFORMAT_BEGIN
 90
        0
 91
        1
 62
     0
 92
       -2
340
14
 93
        0
 40
0.045
309
GRIDFORMAT_END
 95
        4
302
GRIDFORMAT
  1
GRIDFORMAT_BEGIN
 90
        0
 91
        1
 62
     0
 92
       -2
340
14
 93
        0
 40
0.045
309
GRIDFORMAT_END
 95
        8
302
GRIDFORMAT
  1
GRIDFORMAT_BEGIN
 90
        0
 91
        1
 62
     0
 92
       -2
340
14
 93
        0
 40
0.045
309
GRIDFORMAT_END
 95
       16
302
GRIDFORMAT
  1
GRIDFORMAT_BEGIN
 90
        0
 91
        1
 62
     0
 92
       -2
340
14
 93
        0
 40
0.045
309
GRIDFORMAT_END
 95
       32
302
GRIDFORMAT
  1
GRIDFORMAT_BEGIN
 90
        0
 91
        1
 62
     0
 92
       -2
340
14
 93
        0
 40
0.045
309
GRIDFORMAT_END
309
TABLEFORMAT_END
  1
CELLSTYLE_BEGIN
 90
        1
 91
        1
300
_TITLE
309
CELLSTYLE_END
300
CELLSTYLE
  1
TABLEFORMAT_BEGIN
 90
        5
170
     1
 91
        0
 92
        0
 62
   257
 93
        1
300
CONTENTFORMAT
  1
CONTENTFORMAT_BEGIN
 90
        0
 91
        0
 92
        4
 93
        0
300

 40
0.0
140
1.0
 94
        5
 62
     0
340
11
144
0.18
309
CONTENTFORMAT_END
171
     1
301
MARGIN
  1
CELLMARGIN_BEGIN
 40
0.06
 40
0.06
 40
0.06
 40
0.06
 40
0.18
 40
0.18
309
CELLMARGIN_END
 94
        6
 95
        1
302
GRIDFORMAT
  1
GRIDFORMAT_BEGIN
 90
        0
 91
        1
 62
     0
 92
       -2
340
14
 93
        0
 40
0.045
309
GRIDFORMAT_END
 95
        2
302
GRIDFORMAT
  1
GRIDFORMAT_BEGIN
 90
        0
 91
        1
 62
     0
 92
       -2
340
14
 93
        0
 40
0.045
309
GRIDFORMAT_END
 95
        4
302
GRIDFORMAT
  1
GRIDFORMAT_BEGIN
 90
        0
 91
        1
 62
     0
 92
       -2
340
14
 93
        0
 40
0.045
309
GRIDFORMAT_END
 95
        8
302
GRIDFORMAT
  1
GRIDFORMAT_BEGIN
 90
        0
 91
        1
 62
     0
 92
       -2
340
14
 93
        0
 40
0.045
309
GRIDFORMAT_END
 95
       16
302
GRIDFORMAT
  1
GRIDFORMAT_BEGIN
 90
        0
 91
        1
 62
     0
 92
       -2
340
14
 93
        0
 40
0.045
309
GRIDFORMAT_END
 95
       32
302
GRIDFORMAT
  1
GRIDFORMAT_BEGIN
 90
        0
 91
        1
 62
     0
 92
       -2
340
14
 93
        0
 40
0.045
309
GRIDFORMAT_END
309
TABLEFORMAT_END
  1
CELLSTYLE_BEGIN
 90
        2
 91
        1
300
_HEADER
309
CELLSTYLE_END
300
CELLSTYLE
  1
TABLEFORMAT_BEGIN
 90
        5
170
     1
 91
        0
 92
        0
 62
   257
 93
        1
300
CONTENTFORMAT
  1
CONTENTFORMAT_BEGIN
 90
        0
 91
        0
 92
        4
 93
        0
300

 40
0.0
140
1.0
 94
        2
 62
     0
340
11
144
0.18
309
CONTENTFORMAT_END
171
     1
301
MARGIN
  1
CELLMARGIN_BEGIN
 40
0.06
 40
0.06
 40
0.06
 40
0.06
 40
0.18
 40
0.18
309
CELLMARGIN_END
 94
        6
 95
        1
302
GRIDFORMAT
  1
GRIDFORMAT_BEGIN
 90
        0
 91
        1
 62
     0
 92
       -2
340
14
 93
        0
 40
0.045
309
GRIDFORMAT_END
 95
        2
302
GRIDFORMAT
  1
GRIDFORMAT_BEGIN
 90
        0
 91
        1
 62
     0
 92
       -2
340
14
 93
        0
 40
0.045
309
GRIDFORMAT_END
 95
        4
302
GRIDFORMAT
  1
GRIDFORMAT_BEGIN
 90
        0
 91
        1
 62
     0
 92
       -2
340
14
 93
        0
 40
0.045
309
GRIDFORMAT_END
 95
        8
302
GRIDFORMAT
  1
GRIDFORMAT_BEGIN
 90
        0
 91
        1
 62
     0
 92
       -2
340
14
 93
        0
 40
0.045
309
GRIDFORMAT_END
 95
       16
302
GRIDFORMAT
  1
GRIDFORMAT_BEGIN
 90
        0
 91
        1
 62
     0
 92
       -2
340
14
 93
        0
 40
0.045
309
GRIDFORMAT_END
 95
       32
302
GRIDFORMAT
  1
GRIDFORMAT_BEGIN
 90
        0
 91
        1
 62
     0
 92
       -2
340
14
 93
        0
 40
0.045
309
GRIDFORMAT_END
309
TABLEFORMAT_END
  1
CELLSTYLE_BEGIN
 90
        3
 91
        2
300
_DATA
309
CELLSTYLE_END
  0
XRECORD
  5
6D67
102
{ACAD_REACTORS
330
6D66
102
}
330
6D66
100
AcDbXrecord
280
     1
102
RTVSPost2010Prop28
280
     1
102
RTVSPost2010PropOp28
 70
     1
102
RTVSPost2010Prop29
280
     1
102
RTVSPost2010PropOp29
 70
     1
102
RTVSPost2010Prop30
280
     0
102
RTVSPost2010PropOp30
 70
     1
102
RTVSPost2010Prop31
280
     0
102
RTVSPost2010PropOp31
 70
     1
102
RTVSPost2010Prop32
280
     0
102
RTVSPost2010PropOp32
 70
     1
102
RTVSPost2010Prop33
280
     0
102
RTVSPost2010PropOp33
 70
     1
102
RTVSPost2010Prop34
280
     0
102
RTVSPost2010PropOp34
 70
     1
102
RTVSPost2010Prop35
280
     0
102
RTVSPost2010PropOp35
 70
     1
102
RTVSPost2010Prop36
280
     0
102
RTVSPost2010PropOp36
 70
     1
102
RTVSPost2010Prop37
 90
       50
102
RTVSPost2010PropOp37
 70
     1
102
RTVSPost2010Prop38
140
0.0
102
RTVSPost2010PropOp38
 70
     1
102
RTVSPost2010Prop39
140
1.0
102
RTVSPost2010PropOp39
 70
     1
102
RTVSPost2010Prop40
 90
        0
102
RTVSPost2010PropOp40
 70
     1
102
RTVSPost2010Prop41ColorIndex
 90
       18
102
RTVSPost2010Prop41ColorRGB
 90
        0
102
RTVSPost2010PropOp41
 70
     1
102
RTVSPost2010Prop42
 90
       50
102
RTVSPost2010PropOp42
 70
     1
102
RTVSPost2010Prop43
 90
        3
102
RTVSPost2010PropOp43
 70
     1
102
RTVSPost2010Prop44ColorIndex
 90
        5
102
RTVSPost2010Prop44ColorRGB
 90
      255
102
RTVSPost2010PropOp44
 70
     1
102
RTVSPost2010Prop45
280
     0
102
RTVSPost2010PropOp45
 70
     1
102
RTVSPost2010Prop46
 90
       50
102
RTVSPost2010PropOp46
 70
     1
102
RTVSPost2010Prop47
 90
       50
102
RTVSPost2010PropOp47
 70
     1
102
RTVSPost2010Prop48
 90
       50
102
RTVSPost2010PropOp48
 70
     1
102
RTVSPost2010Prop49
280
     0
102
RTVSPost2010PropOp49
 70
     1
102
RTVSPost2010Prop50
 90
       50
102
RTVSPost2010PropOp50
 70
     1
102
RTVSPost2010Prop51ColorIndex
 90
      256
102
RTVSPost2010Prop51ColorRGB
 90
-16777216
102
RTVSPost2010PropOp51
 70
     0
102
RTVSPost2010Prop52
140
1.0
102
RTVSPost2010PropOp52
 70
     0
102
RTVSPost2010Prop53
 90
        2
102
RTVSPost2010PropOp53
 70
     1
102
RTVSPost2010Prop54
  1
strokes_ogs.tif
102
RTVSPost2010PropOp54
 70
     1
102
RTVSPost2010Prop55
280
     0
102
RTVSPost2010PropOp55
 70
     1
102
RTVSPost2010Prop56
140
1.0
102
RTVSPost2010PropOp56
 70
     1
102
RTVSPost2010Prop57
140
1.0
102
RTVSPost2010PropOp57
 70
     1
102
RTVSPropertyOp0
 70
     1
102
RTVSPropertyOp1
 70
     1
102
RTVSPropertyOp2
 70
     1
102
RTVSPropertyOp3
 70
     1
102
RTVSPropertyOp4
 70
     1
102
RTVSPropertyOp5
 70
     1
102
RTVSPropertyOp6
 70
     1
102
RTVSPropertyOp7
 70
     1
102
RTVSPropertyOp8
 70
     1
102
RTVSPropertyOp9
 70
     1
102
RTVSPropertyOp10
 70
     1
102
RTVSPropertyOp11
 70
     1
102
RTVSPropertyOp12
 70
     1
102
RTVSPropertyOp13
 70
     1
102
RTVSPropertyOp14
 70
     1
102
RTVSPropertyOp15
 70
     1
102
RTVSPropertyOp16
 70
     1
102
RTVSPropertyOp17
 70
     1
102
RTVSPropertyOp18
 70
     1
102
RTVSPropertyOp19
 70
     1
102
RTVSPropertyOp20
 70
     1
102
RTVSPropertyOp21
 70
     1
102
RTVSPropertyOp22
 70
     1
102
RTVSPropertyOp23
 70
     1
102
RTVSPropertyOp24
 70
     1
102
RTVSPropertyOp25
 70
     1
102
RTVSPropertyOp26
 70
     1
102
RTVSPropertyOp27
 70
     1
102
RTVSPropertyOp28
 70
     1
102
RTVSPropertyOp29
 70
     1
102
RTVSPropertyOp30
 70
     1
102
RTVSPropertyOp31
 70
     1
102
RTVSPropertyOp32
 70
     1
102
RTVSPropertyOp33
 70
     1
102
RTVSPropertyOp34
 70
     1
102
RTVSPropertyOp35
 70
     1
102
RTVSPropertyOp36
 70
     1
102
RTVSPropertyOp37
 70
     1
102
RTVSPropertyOp38
 70
     1
102
RTVSPropertyOp39
 70
     1
102
RTVSPropertyOp40
 70
     1
102
RTVSPropertyOp41
 70
     1
102
RTVSPropertyOp42
 70
     1
102
RTVSPropertyOp43
 70
     1
102
RTVSPropertyOp44
 70
     1
102
RTVSPropertyOp45
 70
     1
102
RTVSPropertyOp46
 70
     1
102
RTVSPropertyOp47
 70
     1
102
RTVSPropertyOp48
 70
     1
102
RTVSPropertyOp49
 70
     1
102
RTVSPropertyOp50
 70
     1
102
RTVSPropertyOp51
 70
     0
102
RTVSPropertyOp52
 70
     0
102
RTVSPropertyOp53
 70
     1
102
RTVSPropertyOp54
 70
     1
102
RTVSPropertyOp55
 70
     1
102
RTVSPropertyOp56
 70
     1
102
RTVSPropertyOp57
 70
     1
102
RTVSPropertyOp58
 70
     1
102
RTVSPropertyOp59
 70
     1
102
RTVSPropertyOp60
 70
     1
102
RTVSPropertyOp61
 70
     1
102
RTVSPropertyOp62
 70
     1
  0
XRECORD
  5
6D6D
102
{ACAD_REACTORS
330
6D6C
102
}
330
6D6C
100
AcDbXrecord
280
     1
102
RTVSPost2010Prop28
280
     0
102
RTVSPost2010PropOp28
 70
     1
102
RTVSPost2010Prop29
280
     1
102
RTVSPost2010PropOp29
 70
     1
102
RTVSPost2010Prop30
280
     1
102
RTVSPost2010PropOp30
 70
     1
102
RTVSPost2010Prop31
280
     0
102
RTVSPost2010PropOp31
 70
     1
102
RTVSPost2010Prop32
280
     0
102
RTVSPost2010PropOp32
 70
     1
102
RTVSPost2010Prop33
280
     0
102
RTVSPost2010PropOp33
 70
     1
102
RTVSPost2010Prop34
280
     0
102
RTVSPost2010PropOp34
 70
     1
102
RTVSPost2010Prop35
280
     0
102
RTVSPost2010PropOp35
 70
     1
102
RTVSPost2010Prop36
280
     0
102
RTVSPost2010PropOp36
 70
     1
102
RTVSPost2010Prop37
 90
       50
102
RTVSPost2010PropOp37
 70
     1
102
RTVSPost2010Prop38
140
0.0
102
RTVSPost2010PropOp38
 70
     1
102
RTVSPost2010Prop39
140
1.0
102
RTVSPost2010PropOp39
 70
     1
102
RTVSPost2010Prop40
 90
        0
102
RTVSPost2010PropOp40
 70
     1
102
RTVSPost2010Prop41ColorIndex
 90
       18
102
RTVSPost2010Prop41ColorRGB
 90
        0
102
RTVSPost2010PropOp41
 70
     1
102
RTVSPost2010Prop42
 90
       50
102
RTVSPost2010PropOp42
 70
     1
102
RTVSPost2010Prop43
 90
        3
102
RTVSPost2010PropOp43
 70
     1
102
RTVSPost2010Prop44ColorIndex
 90
        5
102
RTVSPost2010Prop44ColorRGB
 90
      255
102
RTVSPost2010PropOp44
 70
     1
102
RTVSPost2010Prop45
280
     0
102
RTVSPost2010PropOp45
 70
     1
102
RTVSPost2010Prop46
 90
       50
102
RTVSPost2010PropOp46
 70
     1
102
RTVSPost2010Prop47
 90
       50
102
RTVSPost2010PropOp47
 70
     1
102
RTVSPost2010Prop48
 90
       50
102
RTVSPost2010PropOp48
 70
     1
102
RTVSPost2010Prop49
280
     0
102
RTVSPost2010PropOp49
 70
     1
102
RTVSPost2010Prop50
 90
       50
102
RTVSPost2010PropOp50
 70
     1
102
RTVSPost2010Prop51ColorIndex
 90
      256
102
RTVSPost2010Prop51ColorRGB
 90
-16777216
102
RTVSPost2010PropOp51
 70
     0
102
RTVSPost2010Prop52
140
1.0
102
RTVSPost2010PropOp52
 70
     0
102
RTVSPost2010Prop53
 90
        2
102
RTVSPost2010PropOp53
 70
     1
102
RTVSPost2010Prop54
  1
strokes_ogs.tif
102
RTVSPost2010PropOp54
 70
     1
102
RTVSPost2010Prop55
280
     0
102
RTVSPost2010PropOp55
 70
     1
102
RTVSPost2010Prop56
140
1.0
102
RTVSPost2010PropOp56
 70
     1
102
RTVSPost2010Prop57
140
1.0
102
RTVSPost2010PropOp57
 70
     1
102
RTVSPropertyOp0
 70
     1
102
RTVSPropertyOp1
 70
     1
102
RTVSPropertyOp2
 70
     1
102
RTVSPropertyOp3
 70
     1
102
RTVSPropertyOp4
 70
     1
102
RTVSPropertyOp5
 70
     1
102
RTVSPropertyOp6
 70
     1
102
RTVSPropertyOp7
 70
     1
102
RTVSPropertyOp8
 70
     1
102
RTVSPropertyOp9
 70
     1
102
RTVSPropertyOp10
 70
     1
102
RTVSPropertyOp11
 70
     1
102
RTVSPropertyOp12
 70
     1
102
RTVSPropertyOp13
 70
     1
102
RTVSPropertyOp14
 70
     1
102
RTVSPropertyOp15
 70
     1
102
RTVSPropertyOp16
 70
     1
102
RTVSPropertyOp17
 70
     1
102
RTVSPropertyOp18
 70
     1
102
RTVSPropertyOp19
 70
     1
102
RTVSPropertyOp20
 70
     1
102
RTVSPropertyOp21
 70
     1
102
RTVSPropertyOp22
 70
     1
102
RTVSPropertyOp23
 70
     1
102
RTVSPropertyOp24
 70
     1
102
RTVSPropertyOp25
 70
     1
102
RTVSPropertyOp26
 70
     1
102
RTVSPropertyOp27
 70
     1
102
RTVSPropertyOp28
 70
     1
102
RTVSPropertyOp29
 70
     1
102
RTVSPropertyOp30
 70
     1
102
RTVSPropertyOp31
 70
     1
102
RTVSPropertyOp32
 70
     1
102
RTVSPropertyOp33
 70
     1
102
RTVSPropertyOp34
 70
     1
102
RTVSPropertyOp35
 70
     1
102
RTVSPropertyOp36
 70
     1
102
RTVSPropertyOp37
 70
     1
102
RTVSPropertyOp38
 70
     1
102
RTVSPropertyOp39
 70
     1
102
RTVSPropertyOp40
 70
     1
102
RTVSPropertyOp41
 70
     1
102
RTVSPropertyOp42
 70
     1
102
RTVSPropertyOp43
 70
     1
102
RTVSPropertyOp44
 70
     1
102
RTVSPropertyOp45
 70
     1
102
RTVSPropertyOp46
 70
     1
102
RTVSPropertyOp47
 70
     1
102
RTVSPropertyOp48
 70
     1
102
RTVSPropertyOp49
 70
     1
102
RTVSPropertyOp50
 70
     1
102
RTVSPropertyOp51
 70
     0
102
RTVSPropertyOp52
 70
     0
102
RTVSPropertyOp53
 70
     1
102
RTVSPropertyOp54
 70
     1
102
RTVSPropertyOp55
 70
     1
102
RTVSPropertyOp56
 70
     1
102
RTVSPropertyOp57
 70
     1
102
RTVSPropertyOp58
 70
     1
102
RTVSPropertyOp59
 70
     1
102
RTVSPropertyOp60
 70
     1
102
RTVSPropertyOp61
 70
     1
102
RTVSPropertyOp62
 70
     1
  0
XRECORD
  5
6D75
102
{ACAD_REACTORS
330
6D74
102
}
330
6D74
100
AcDbXrecord
280
     1
102
RTVSPost2010Prop28
280
     0
102
RTVSPost2010PropOp28
 70
     1
102
RTVSPost2010Prop29
280
     1
102
RTVSPost2010PropOp29
 70
     1
102
RTVSPost2010Prop30
280
     1
102
RTVSPost2010PropOp30
 70
     1
102
RTVSPost2010Prop31
280
     0
102
RTVSPost2010PropOp31
 70
     1
102
RTVSPost2010Prop32
280
     0
102
RTVSPost2010PropOp32
 70
     1
102
RTVSPost2010Prop33
280
     0
102
RTVSPost2010PropOp33
 70
     1
102
RTVSPost2010Prop34
280
     0
102
RTVSPost2010PropOp34
 70
     1
102
RTVSPost2010Prop35
280
     0
102
RTVSPost2010PropOp35
 70
     1
102
RTVSPost2010Prop36
280
     0
102
RTVSPost2010PropOp36
 70
     1
102
RTVSPost2010Prop37
 90
       50
102
RTVSPost2010PropOp37
 70
     1
102
RTVSPost2010Prop38
140
0.0
102
RTVSPost2010PropOp38
 70
     1
102
RTVSPost2010Prop39
140
1.0
102
RTVSPost2010PropOp39
 70
     1
102
RTVSPost2010Prop40
 90
        0
102
RTVSPost2010PropOp40
 70
     1
102
RTVSPost2010Prop41ColorIndex
 90
       18
102
RTVSPost2010Prop41ColorRGB
 90
        0
102
RTVSPost2010PropOp41
 70
     1
102
RTVSPost2010Prop42
 90
       50
102
RTVSPost2010PropOp42
 70
     1
102
RTVSPost2010Prop43
 90
        3
102
RTVSPost2010PropOp43
 70
     1
102
RTVSPost2010Prop44ColorIndex
 90
        5
102
RTVSPost2010Prop44ColorRGB
 90
      255
102
RTVSPost2010PropOp44
 70
     1
102
RTVSPost2010Prop45
280
     0
102
RTVSPost2010PropOp45
 70
     1
102
RTVSPost2010Prop46
 90
       50
102
RTVSPost2010PropOp46
 70
     1
102
RTVSPost2010Prop47
 90
       50
102
RTVSPost2010PropOp47
 70
     1
102
RTVSPost2010Prop48
 90
       50
102
RTVSPost2010PropOp48
 70
     1
102
RTVSPost2010Prop49
280
     0
102
RTVSPost2010PropOp49
 70
     1
102
RTVSPost2010Prop50
 90
       50
102
RTVSPost2010PropOp50
 70
     1
102
RTVSPost2010Prop51ColorIndex
 90
      256
102
RTVSPost2010Prop51ColorRGB
 90
-16777216
102
RTVSPost2010PropOp51
 70
     0
102
RTVSPost2010Prop52
140
1.0
102
RTVSPost2010PropOp52
 70
     0
102
RTVSPost2010Prop53
 90
        2
102
RTVSPost2010PropOp53
 70
     1
102
RTVSPost2010Prop54
  1
strokes_ogs.tif
102
RTVSPost2010PropOp54
 70
     1
102
RTVSPost2010Prop55
280
     0
102
RTVSPost2010PropOp55
 70
     1
102
RTVSPost2010Prop56
140
1.0
102
RTVSPost2010PropOp56
 70
     1
102
RTVSPost2010Prop57
140
1.0
102
RTVSPost2010PropOp57
 70
     1
102
RTVSPropertyOp0
 70
     1
102
RTVSPropertyOp1
 70
     1
102
RTVSPropertyOp2
 70
     1
102
RTVSPropertyOp3
 70
     1
102
RTVSPropertyOp4
 70
     1
102
RTVSPropertyOp5
 70
     1
102
RTVSPropertyOp6
 70
     1
102
RTVSPropertyOp7
 70
     1
102
RTVSPropertyOp8
 70
     1
102
RTVSPropertyOp9
 70
     1
102
RTVSPropertyOp10
 70
     1
102
RTVSPropertyOp11
 70
     1
102
RTVSPropertyOp12
 70
     1
102
RTVSPropertyOp13
 70
     1
102
RTVSPropertyOp14
 70
     1
102
RTVSPropertyOp15
 70
     1
102
RTVSPropertyOp16
 70
     1
102
RTVSPropertyOp17
 70
     1
102
RTVSPropertyOp18
 70
     1
102
RTVSPropertyOp19
 70
     1
102
RTVSPropertyOp20
 70
     1
102
RTVSPropertyOp21
 70
     1
102
RTVSPropertyOp22
 70
     1
102
RTVSPropertyOp23
 70
     1
102
RTVSPropertyOp24
 70
     1
102
RTVSPropertyOp25
 70
     1
102
RTVSPropertyOp26
 70
     1
102
RTVSPropertyOp27
 70
     1
102
RTVSPropertyOp28
 70
     1
102
RTVSPropertyOp29
 70
     1
102
RTVSPropertyOp30
 70
     1
102
RTVSPropertyOp31
 70
     1
102
RTVSPropertyOp32
 70
     1
102
RTVSPropertyOp33
 70
     1
102
RTVSPropertyOp34
 70
     1
102
RTVSPropertyOp35
 70
     1
102
RTVSPropertyOp36
 70
     1
102
RTVSPropertyOp37
 70
     1
102
RTVSPropertyOp38
 70
     1
102
RTVSPropertyOp39
 70
     1
102
RTVSPropertyOp40
 70
     1
102
RTVSPropertyOp41
 70
     1
102
RTVSPropertyOp42
 70
     1
102
RTVSPropertyOp43
 70
     1
102
RTVSPropertyOp44
 70
     1
102
RTVSPropertyOp45
 70
     1
102
RTVSPropertyOp46
 70
     1
102
RTVSPropertyOp47
 70
     1
102
RTVSPropertyOp48
 70
     1
102
RTVSPropertyOp49
 70
     1
102
RTVSPropertyOp50
 70
     1
102
RTVSPropertyOp51
 70
     0
102
RTVSPropertyOp52
 70
     0
102
RTVSPropertyOp53
 70
     1
102
RTVSPropertyOp54
 70
     1
102
RTVSPropertyOp55
 70
     1
102
RTVSPropertyOp56
 70
     1
102
RTVSPropertyOp57
 70
     1
102
RTVSPropertyOp58
 70
     1
102
RTVSPropertyOp59
 70
     1
102
RTVSPropertyOp60
 70
     1
102
RTVSPropertyOp61
 70
     1
102
RTVSPropertyOp62
 70
     1
  0
XRECORD
  5
6D7D
102
{ACAD_REACTORS
330
6D7C
102
}
330
6D7C
100
AcDbXrecord
280
     1
102
RTVSPost2010Prop28
280
     0
102
RTVSPost2010PropOp28
 70
     1
102
RTVSPost2010Prop29
280
     1
102
RTVSPost2010PropOp29
 70
     1
102
RTVSPost2010Prop30
280
     1
102
RTVSPost2010PropOp30
 70
     1
102
RTVSPost2010Prop31
280
     0
102
RTVSPost2010PropOp31
 70
     1
102
RTVSPost2010Prop32
280
     0
102
RTVSPost2010PropOp32
 70
     1
102
RTVSPost2010Prop33
280
     0
102
RTVSPost2010PropOp33
 70
     1
102
RTVSPost2010Prop34
280
     0
102
RTVSPost2010PropOp34
 70
     1
102
RTVSPost2010Prop35
280
     0
102
RTVSPost2010PropOp35
 70
     1
102
RTVSPost2010Prop36
280
     0
102
RTVSPost2010PropOp36
 70
     1
102
RTVSPost2010Prop37
 90
       50
102
RTVSPost2010PropOp37
 70
     1
102
RTVSPost2010Prop38
140
0.0
102
RTVSPost2010PropOp38
 70
     1
102
RTVSPost2010Prop39
140
1.0
102
RTVSPost2010PropOp39
 70
     1
102
RTVSPost2010Prop40
 90
        0
102
RTVSPost2010PropOp40
 70
     1
102
RTVSPost2010Prop41ColorIndex
 90
       18
102
RTVSPost2010Prop41ColorRGB
 90
        0
102
RTVSPost2010PropOp41
 70
     1
102
RTVSPost2010Prop42
 90
       50
102
RTVSPost2010PropOp42
 70
     1
102
RTVSPost2010Prop43
 90
        3
102
RTVSPost2010PropOp43
 70
     1
102
RTVSPost2010Prop44ColorIndex
 90
        5
102
RTVSPost2010Prop44ColorRGB
 90
      255
102
RTVSPost2010PropOp44
 70
     1
102
RTVSPost2010Prop45
280
     0
102
RTVSPost2010PropOp45
 70
     1
102
RTVSPost2010Prop46
 90
       50
102
RTVSPost2010PropOp46
 70
     1
102
RTVSPost2010Prop47
 90
       50
102
RTVSPost2010PropOp47
 70
     1
102
RTVSPost2010Prop48
 90
       50
102
RTVSPost2010PropOp48
 70
     1
102
RTVSPost2010Prop49
280
     0
102
RTVSPost2010PropOp49
 70
     1
102
RTVSPost2010Prop50
 90
       50
102
RTVSPost2010PropOp50
 70
     1
102
RTVSPost2010Prop51ColorIndex
 90
      256
102
RTVSPost2010Prop51ColorRGB
 90
-16777216
102
RTVSPost2010PropOp51
 70
     0
102
RTVSPost2010Prop52
140
1.0
102
RTVSPost2010PropOp52
 70
     0
102
RTVSPost2010Prop53
 90
        2
102
RTVSPost2010PropOp53
 70
     1
102
RTVSPost2010Prop54
  1
strokes_ogs.tif
102
RTVSPost2010PropOp54
 70
     1
102
RTVSPost2010Prop55
280
     0
102
RTVSPost2010PropOp55
 70
     1
102
RTVSPost2010Prop56
140
1.0
102
RTVSPost2010PropOp56
 70
     1
102
RTVSPost2010Prop57
140
1.0
102
RTVSPost2010PropOp57
 70
     1
102
RTVSPropertyOp0
 70
     1
102
RTVSPropertyOp1
 70
     1
102
RTVSPropertyOp2
 70
     1
102
RTVSPropertyOp3
 70
     1
102
RTVSPropertyOp4
 70
     1
102
RTVSPropertyOp5
 70
     1
102
RTVSPropertyOp6
 70
     1
102
RTVSPropertyOp7
 70
     1
102
RTVSPropertyOp8
 70
     1
102
RTVSPropertyOp9
 70
     1
102
RTVSPropertyOp10
 70
     1
102
RTVSPropertyOp11
 70
     1
102
RTVSPropertyOp12
 70
     1
102
RTVSPropertyOp13
 70
     1
102
RTVSPropertyOp14
 70
     1
102
RTVSPropertyOp15
 70
     1
102
RTVSPropertyOp16
 70
     1
102
RTVSPropertyOp17
 70
     1
102
RTVSPropertyOp18
 70
     1
102
RTVSPropertyOp19
 70
     1
102
RTVSPropertyOp20
 70
     1
102
RTVSPropertyOp21
 70
     1
102
RTVSPropertyOp22
 70
     1
102
RTVSPropertyOp23
 70
     1
102
RTVSPropertyOp24
 70
     1
102
RTVSPropertyOp25
 70
     1
102
RTVSPropertyOp26
 70
     1
102
RTVSPropertyOp27
 70
     1
102
RTVSPropertyOp28
 70
     1
102
RTVSPropertyOp29
 70
     1
102
RTVSPropertyOp30
 70
     1
102
RTVSPropertyOp31
 70
     1
102
RTVSPropertyOp32
 70
     1
102
RTVSPropertyOp33
 70
     1
102
RTVSPropertyOp34
 70
     1
102
RTVSPropertyOp35
 70
     1
102
RTVSPropertyOp36
 70
     1
102
RTVSPropertyOp37
 70
     1
102
RTVSPropertyOp38
 70
     1
102
RTVSPropertyOp39
 70
     1
102
RTVSPropertyOp40
 70
     1
102
RTVSPropertyOp41
 70
     1
102
RTVSPropertyOp42
 70
     1
102
RTVSPropertyOp43
 70
     1
102
RTVSPropertyOp44
 70
     1
102
RTVSPropertyOp45
 70
     1
102
RTVSPropertyOp46
 70
     1
102
RTVSPropertyOp47
 70
     1
102
RTVSPropertyOp48
 70
     1
102
RTVSPropertyOp49
 70
     1
102
RTVSPropertyOp50
 70
     1
102
RTVSPropertyOp51
 70
     0
102
RTVSPropertyOp52
 70
     0
102
RTVSPropertyOp53
 70
     1
102
RTVSPropertyOp54
 70
     1
102
RTVSPropertyOp55
 70
     1
102
RTVSPropertyOp56
 70
     1
102
RTVSPropertyOp57
 70
     1
102
RTVSPropertyOp58
 70
     1
102
RTVSPropertyOp59
 70
     1
102
RTVSPropertyOp60
 70
     1
102
RTVSPropertyOp61
 70
     1
102
RTVSPropertyOp62
 70
     1
  0
XRECORD
  5
6D71
102
{ACAD_REACTORS
330
6D70
102
}
330
6D70
100
AcDbXrecord
280
     1
102
RTVSPost2010Prop28
280
     0
102
RTVSPost2010PropOp28
 70
     1
102
RTVSPost2010Prop29
280
     1
102
RTVSPost2010PropOp29
 70
     1
102
RTVSPost2010Prop30
280
     1
102
RTVSPost2010PropOp30
 70
     1
102
RTVSPost2010Prop31
280
     0
102
RTVSPost2010PropOp31
 70
     1
102
RTVSPost2010Prop32
280
     0
102
RTVSPost2010PropOp32
 70
     1
102
RTVSPost2010Prop33
280
     0
102
RTVSPost2010PropOp33
 70
     1
102
RTVSPost2010Prop34
280
     0
102
RTVSPost2010PropOp34
 70
     1
102
RTVSPost2010Prop35
280
     0
102
RTVSPost2010PropOp35
 70
     1
102
RTVSPost2010Prop36
280
     0
102
RTVSPost2010PropOp36
 70
     1
102
RTVSPost2010Prop37
 90
       50
102
RTVSPost2010PropOp37
 70
     1
102
RTVSPost2010Prop38
140
0.0
102
RTVSPost2010PropOp38
 70
     1
102
RTVSPost2010Prop39
140
1.0
102
RTVSPost2010PropOp39
 70
     1
102
RTVSPost2010Prop40
 90
        0
102
RTVSPost2010PropOp40
 70
     1
102
RTVSPost2010Prop41ColorIndex
 90
       18
102
RTVSPost2010Prop41ColorRGB
 90
        0
102
RTVSPost2010PropOp41
 70
     1
102
RTVSPost2010Prop42
 90
       50
102
RTVSPost2010PropOp42
 70
     1
102
RTVSPost2010Prop43
 90
        3
102
RTVSPost2010PropOp43
 70
     1
102
RTVSPost2010Prop44ColorIndex
 90
        5
102
RTVSPost2010Prop44ColorRGB
 90
      255
102
RTVSPost2010PropOp44
 70
     1
102
RTVSPost2010Prop45
280
     0
102
RTVSPost2010PropOp45
 70
     1
102
RTVSPost2010Prop46
 90
       50
102
RTVSPost2010PropOp46
 70
     1
102
RTVSPost2010Prop47
 90
       50
102
RTVSPost2010PropOp47
 70
     1
102
RTVSPost2010Prop48
 90
       50
102
RTVSPost2010PropOp48
 70
     1
102
RTVSPost2010Prop49
280
     0
102
RTVSPost2010PropOp49
 70
     1
102
RTVSPost2010Prop50
 90
       50
102
RTVSPost2010PropOp50
 70
     1
102
RTVSPost2010Prop51ColorIndex
 90
      256
102
RTVSPost2010Prop51ColorRGB
 90
-16777216
102
RTVSPost2010PropOp51
 70
     0
102
RTVSPost2010Prop52
140
1.0
102
RTVSPost2010PropOp52
 70
     0
102
RTVSPost2010Prop53
 90
        2
102
RTVSPost2010PropOp53
 70
     1
102
RTVSPost2010Prop54
  1
strokes_ogs.tif
102
RTVSPost2010PropOp54
 70
     1
102
RTVSPost2010Prop55
280
     0
102
RTVSPost2010PropOp55
 70
     1
102
RTVSPost2010Prop56
140
1.0
102
RTVSPost2010PropOp56
 70
     1
102
RTVSPost2010Prop57
140
1.0
102
RTVSPost2010PropOp57
 70
     1
102
RTVSPropertyOp0
 70
     1
102
RTVSPropertyOp1
 70
     1
102
RTVSPropertyOp2
 70
     1
102
RTVSPropertyOp3
 70
     1
102
RTVSPropertyOp4
 70
     1
102
RTVSPropertyOp5
 70
     1
102
RTVSPropertyOp6
 70
     1
102
RTVSPropertyOp7
 70
     1
102
RTVSPropertyOp8
 70
     1
102
RTVSPropertyOp9
 70
     1
102
RTVSPropertyOp10
 70
     1
102
RTVSPropertyOp11
 70
     1
102
RTVSPropertyOp12
 70
     1
102
RTVSPropertyOp13
 70
     1
102
RTVSPropertyOp14
 70
     1
102
RTVSPropertyOp15
 70
     1
102
RTVSPropertyOp16
 70
     1
102
RTVSPropertyOp17
 70
     1
102
RTVSPropertyOp18
 70
     1
102
RTVSPropertyOp19
 70
     1
102
RTVSPropertyOp20
 70
     1
102
RTVSPropertyOp21
 70
     1
102
RTVSPropertyOp22
 70
     1
102
RTVSPropertyOp23
 70
     1
102
RTVSPropertyOp24
 70
     1
102
RTVSPropertyOp25
 70
     1
102
RTVSPropertyOp26
 70
     1
102
RTVSPropertyOp27
 70
     1
102
RTVSPropertyOp28
 70
     1
102
RTVSPropertyOp29
 70
     1
102
RTVSPropertyOp30
 70
     1
102
RTVSPropertyOp31
 70
     1
102
RTVSPropertyOp32
 70
     1
102
RTVSPropertyOp33
 70
     1
102
RTVSPropertyOp34
 70
     1
102
RTVSPropertyOp35
 70
     1
102
RTVSPropertyOp36
 70
     1
102
RTVSPropertyOp37
 70
     1
102
RTVSPropertyOp38
 70
     1
102
RTVSPropertyOp39
 70
     1
102
RTVSPropertyOp40
 70
     1
102
RTVSPropertyOp41
 70
     1
102
RTVSPropertyOp42
 70
     1
102
RTVSPropertyOp43
 70
     1
102
RTVSPropertyOp44
 70
     1
102
RTVSPropertyOp45
 70
     1
102
RTVSPropertyOp46
 70
     1
102
RTVSPropertyOp47
 70
     1
102
RTVSPropertyOp48
 70
     1
102
RTVSPropertyOp49
 70
     1
102
RTVSPropertyOp50
 70
     1
102
RTVSPropertyOp51
 70
     0
102
RTVSPropertyOp52
 70
     0
102
RTVSPropertyOp53
 70
     1
102
RTVSPropertyOp54
 70
     1
102
RTVSPropertyOp55
 70
     1
102
RTVSPropertyOp56
 70
     1
102
RTVSPropertyOp57
 70
     1
102
RTVSPropertyOp58
 70
     1
102
RTVSPropertyOp59
 70
     1
102
RTVSPropertyOp60
 70
     1
102
RTVSPropertyOp61
 70
     1
102
RTVSPropertyOp62
 70
     1
  0
XRECORD
  5
6D73
102
{ACAD_REACTORS
330
6D72
102
}
330
6D72
100
AcDbXrecord
280
     1
102
RTVSPost2010Prop28
280
     0
102
RTVSPost2010PropOp28
 70
     1
102
RTVSPost2010Prop29
280
     1
102
RTVSPost2010PropOp29
 70
     1
102
RTVSPost2010Prop30
280
     1
102
RTVSPost2010PropOp30
 70
     1
102
RTVSPost2010Prop31
280
     0
102
RTVSPost2010PropOp31
 70
     1
102
RTVSPost2010Prop32
280
     0
102
RTVSPost2010PropOp32
 70
     1
102
RTVSPost2010Prop33
280
     0
102
RTVSPost2010PropOp33
 70
     1
102
RTVSPost2010Prop34
280
     0
102
RTVSPost2010PropOp34
 70
     1
102
RTVSPost2010Prop35
280
     0
102
RTVSPost2010PropOp35
 70
     1
102
RTVSPost2010Prop36
280
     0
102
RTVSPost2010PropOp36
 70
     1
102
RTVSPost2010Prop37
 90
       50
102
RTVSPost2010PropOp37
 70
     1
102
RTVSPost2010Prop38
140
0.0
102
RTVSPost2010PropOp38
 70
     1
102
RTVSPost2010Prop39
140
1.0
102
RTVSPost2010PropOp39
 70
     1
102
RTVSPost2010Prop40
 90
        0
102
RTVSPost2010PropOp40
 70
     1
102
RTVSPost2010Prop41ColorIndex
 90
       18
102
RTVSPost2010Prop41ColorRGB
 90
        0
102
RTVSPost2010PropOp41
 70
     1
102
RTVSPost2010Prop42
 90
       50
102
RTVSPost2010PropOp42
 70
     1
102
RTVSPost2010Prop43
 90
        3
102
RTVSPost2010PropOp43
 70
     1
102
RTVSPost2010Prop44ColorIndex
 90
        5
102
RTVSPost2010Prop44ColorRGB
 90
      255
102
RTVSPost2010PropOp44
 70
     1
102
RTVSPost2010Prop45
280
     0
102
RTVSPost2010PropOp45
 70
     1
102
RTVSPost2010Prop46
 90
       50
102
RTVSPost2010PropOp46
 70
     1
102
RTVSPost2010Prop47
 90
       50
102
RTVSPost2010PropOp47
 70
     1
102
RTVSPost2010Prop48
 90
       50
102
RTVSPost2010PropOp48
 70
     1
102
RTVSPost2010Prop49
280
     0
102
RTVSPost2010PropOp49
 70
     1
102
RTVSPost2010Prop50
 90
       50
102
RTVSPost2010PropOp50
 70
     1
102
RTVSPost2010Prop51ColorIndex
 90
      256
102
RTVSPost2010Prop51ColorRGB
 90
-16777216
102
RTVSPost2010PropOp51
 70
     0
102
RTVSPost2010Prop52
140
1.0
102
RTVSPost2010PropOp52
 70
     0
102
RTVSPost2010Prop53
 90
        2
102
RTVSPost2010PropOp53
 70
     1
102
RTVSPost2010Prop54
  1
strokes_ogs.tif
102
RTVSPost2010PropOp54
 70
     1
102
RTVSPost2010Prop55
280
     0
102
RTVSPost2010PropOp55
 70
     1
102
RTVSPost2010Prop56
140
1.0
102
RTVSPost2010PropOp56
 70
     1
102
RTVSPost2010Prop57
140
1.0
102
RTVSPost2010PropOp57
 70
     1
102
RTVSPropertyOp0
 70
     1
102
RTVSPropertyOp1
 70
     1
102
RTVSPropertyOp2
 70
     1
102
RTVSPropertyOp3
 70
     1
102
RTVSPropertyOp4
 70
     1
102
RTVSPropertyOp5
 70
     1
102
RTVSPropertyOp6
 70
     1
102
RTVSPropertyOp7
 70
     1
102
RTVSPropertyOp8
 70
     1
102
RTVSPropertyOp9
 70
     1
102
RTVSPropertyOp10
 70
     1
102
RTVSPropertyOp11
 70
     1
102
RTVSPropertyOp12
 70
     1
102
RTVSPropertyOp13
 70
     1
102
RTVSPropertyOp14
 70
     1
102
RTVSPropertyOp15
 70
     1
102
RTVSPropertyOp16
 70
     1
102
RTVSPropertyOp17
 70
     1
102
RTVSPropertyOp18
 70
     1
102
RTVSPropertyOp19
 70
     1
102
RTVSPropertyOp20
 70
     1
102
RTVSPropertyOp21
 70
     1
102
RTVSPropertyOp22
 70
     1
102
RTVSPropertyOp23
 70
     1
102
RTVSPropertyOp24
 70
     1
102
RTVSPropertyOp25
 70
     1
102
RTVSPropertyOp26
 70
     1
102
RTVSPropertyOp27
 70
     1
102
RTVSPropertyOp28
 70
     1
102
RTVSPropertyOp29
 70
     1
102
RTVSPropertyOp30
 70
     1
102
RTVSPropertyOp31
 70
     1
102
RTVSPropertyOp32
 70
     1
102
RTVSPropertyOp33
 70
     1
102
RTVSPropertyOp34
 70
     1
102
RTVSPropertyOp35
 70
     1
102
RTVSPropertyOp36
 70
     1
102
RTVSPropertyOp37
 70
     1
102
RTVSPropertyOp38
 70
     1
102
RTVSPropertyOp39
 70
     1
102
RTVSPropertyOp40
 70
     1
102
RTVSPropertyOp41
 70
     1
102
RTVSPropertyOp42
 70
     1
102
RTVSPropertyOp43
 70
     1
102
RTVSPropertyOp44
 70
     1
102
RTVSPropertyOp45
 70
     1
102
RTVSPropertyOp46
 70
     1
102
RTVSPropertyOp47
 70
     1
102
RTVSPropertyOp48
 70
     1
102
RTVSPropertyOp49
 70
     1
102
RTVSPropertyOp50
 70
     1
102
RTVSPropertyOp51
 70
     0
102
RTVSPropertyOp52
 70
     0
102
RTVSPropertyOp53
 70
     1
102
RTVSPropertyOp54
 70
     1
102
RTVSPropertyOp55
 70
     1
102
RTVSPropertyOp56
 70
     1
102
RTVSPropertyOp57
 70
     1
102
RTVSPropertyOp58
 70
     1
102
RTVSPropertyOp59
 70
     1
102
RTVSPropertyOp60
 70
     1
102
RTVSPropertyOp61
 70
     1
102
RTVSPropertyOp62
 70
     1
  0
XRECORD
  5
6D83
102
{ACAD_REACTORS
330
6D82
102
}
330
6D82
100
AcDbXrecord
280
     1
102
RTVSPost2010Prop28
280
     0
102
RTVSPost2010PropOp28
 70
     0
102
RTVSPost2010Prop29
280
     1
102
RTVSPost2010PropOp29
 70
     0
102
RTVSPost2010Prop30
280
     1
102
RTVSPost2010PropOp30
 70
     0
102
RTVSPost2010Prop31
280
     0
102
RTVSPost2010PropOp31
 70
     0
102
RTVSPost2010Prop32
280
     0
102
RTVSPost2010PropOp32
 70
     0
102
RTVSPost2010Prop33
280
     0
102
RTVSPost2010PropOp33
 70
     0
102
RTVSPost2010Prop34
280
     0
102
RTVSPost2010PropOp34
 70
     0
102
RTVSPost2010Prop35
280
     0
102
RTVSPost2010PropOp35
 70
     0
102
RTVSPost2010Prop36
280
     0
102
RTVSPost2010PropOp36
 70
     0
102
RTVSPost2010Prop37
 90
       50
102
RTVSPost2010PropOp37
 70
     0
102
RTVSPost2010Prop38
140
0.0
102
RTVSPost2010PropOp38
 70
     0
102
RTVSPost2010Prop39
140
1.0
102
RTVSPost2010PropOp39
 70
     0
102
RTVSPost2010Prop40
 90
        0
102
RTVSPost2010PropOp40
 70
     0
102
RTVSPost2010Prop41ColorIndex
 90
       18
102
RTVSPost2010Prop41ColorRGB
 90
        0
102
RTVSPost2010PropOp41
 70
     0
102
RTVSPost2010Prop42
 90
       50
102
RTVSPost2010PropOp42
 70
     0
102
RTVSPost2010Prop43
 90
        3
102
RTVSPost2010PropOp43
 70
     0
102
RTVSPost2010Prop44ColorIndex
 90
        5
102
RTVSPost2010Prop44ColorRGB
 90
      255
102
RTVSPost2010PropOp44
 70
     0
102
RTVSPost2010Prop45
280
     0
102
RTVSPost2010PropOp45
 70
     0
102
RTVSPost2010Prop46
 90
       50
102
RTVSPost2010PropOp46
 70
     0
102
RTVSPost2010Prop47
 90
       50
102
RTVSPost2010PropOp47
 70
     0
102
RTVSPost2010Prop48
 90
       50
102
RTVSPost2010PropOp48
 70
     0
102
RTVSPost2010Prop49
280
     0
102
RTVSPost2010PropOp49
 70
     0
102
RTVSPost2010Prop50
 90
       50
102
RTVSPost2010PropOp50
 70
     0
102
RTVSPost2010Prop51ColorIndex
 90
      256
102
RTVSPost2010Prop51ColorRGB
 90
-16777216
102
RTVSPost2010PropOp51
 70
     0
102
RTVSPost2010Prop52
140
1.0
102
RTVSPost2010PropOp52
 70
     0
102
RTVSPost2010Prop53
 90
        2
102
RTVSPost2010PropOp53
 70
     0
102
RTVSPost2010Prop54
  1
strokes_ogs.tif
102
RTVSPost2010PropOp54
 70
     0
102
RTVSPost2010Prop55
280
     0
102
RTVSPost2010PropOp55
 70
     0
102
RTVSPost2010Prop56
140
1.0
102
RTVSPost2010PropOp56
 70
     0
102
RTVSPost2010Prop57
140
1.0
102
RTVSPost2010PropOp57
 70
     0
102
RTVSPropertyOp0
 70
     0
102
RTVSPropertyOp1
 70
     0
102
RTVSPropertyOp2
 70
     0
102
RTVSPropertyOp3
 70
     0
102
RTVSPropertyOp4
 70
     0
102
RTVSPropertyOp5
 70
     0
102
RTVSPropertyOp6
 70
     0
102
RTVSPropertyOp7
 70
     0
102
RTVSPropertyOp8
 70
     0
102
RTVSPropertyOp9
 70
     0
102
RTVSPropertyOp10
 70
     0
102
RTVSPropertyOp11
 70
     0
102
RTVSPropertyOp12
 70
     0
102
RTVSPropertyOp13
 70
     0
102
RTVSPropertyOp14
 70
     2
102
RTVSPropertyOp15
 70
     0
102
RTVSPropertyOp16
 70
     0
102
RTVSPropertyOp17
 70
     0
102
RTVSPropertyOp18
 70
     0
102
RTVSPropertyOp19
 70
     0
102
RTVSPropertyOp20
 70
     0
102
RTVSPropertyOp21
 70
     0
102
RTVSPropertyOp22
 70
     0
102
RTVSPropertyOp23
 70
     0
102
RTVSPropertyOp24
 70
     0
102
RTVSPropertyOp25
 70
     0
102
RTVSPropertyOp26
 70
     0
102
RTVSPropertyOp27
 70
     0
102
RTVSPropertyOp28
 70
     0
102
RTVSPropertyOp29
 70
     0
102
RTVSPropertyOp30
 70
     0
102
RTVSPropertyOp31
 70
     0
102
RTVSPropertyOp32
 70
     0
102
RTVSPropertyOp33
 70
     0
102
RTVSPropertyOp34
 70
     0
102
RTVSPropertyOp35
 70
     0
102
RTVSPropertyOp36
 70
     0
102
RTVSPropertyOp37
 70
     0
102
RTVSPropertyOp38
 70
     0
102
RTVSPropertyOp39
 70
     0
102
RTVSPropertyOp40
 70
     0
102
RTVSPropertyOp41
 70
     0
102
RTVSPropertyOp42
 70
     0
102
RTVSPropertyOp43
 70
     0
102
RTVSPropertyOp44
 70
     0
102
RTVSPropertyOp45
 70
     0
102
RTVSPropertyOp46
 70
     0
102
RTVSPropertyOp47
 70
     0
102
RTVSPropertyOp48
 70
     0
102
RTVSPropertyOp49
 70
     0
102
RTVSPropertyOp50
 70
     0
102
RTVSPropertyOp51
 70
     0
102
RTVSPropertyOp52
 70
     0
102
RTVSPropertyOp53
 70
     0
102
RTVSPropertyOp54
 70
     0
102
RTVSPropertyOp55
 70
     0
102
RTVSPropertyOp56
 70
     0
102
RTVSPropertyOp57
 70
     0
102
RTVSPropertyOp58
 70
     1
102
RTVSPropertyOp59
 70
     1
102
RTVSPropertyOp60
 70
     1
102
RTVSPropertyOp61
 70
     1
102
RTVSPropertyOp62
 70
     1
  0
XRECORD
  5
6D7B
102
{ACAD_REACTORS
330
6D7A
102
}
330
6D7A
100
AcDbXrecord
280
     1
102
RTVSPost2010Prop28
280
     0
102
RTVSPost2010PropOp28
 70
     1
102
RTVSPost2010Prop29
280
     1
102
RTVSPost2010PropOp29
 70
     1
102
RTVSPost2010Prop30
280
     1
102
RTVSPost2010PropOp30
 70
     1
102
RTVSPost2010Prop31
280
     0
102
RTVSPost2010PropOp31
 70
     1
102
RTVSPost2010Prop32
280
     0
102
RTVSPost2010PropOp32
 70
     1
102
RTVSPost2010Prop33
280
     0
102
RTVSPost2010PropOp33
 70
     1
102
RTVSPost2010Prop34
280
     0
102
RTVSPost2010PropOp34
 70
     1
102
RTVSPost2010Prop35
280
     0
102
RTVSPost2010PropOp35
 70
     1
102
RTVSPost2010Prop36
280
     0
102
RTVSPost2010PropOp36
 70
     1
102
RTVSPost2010Prop37
 90
       50
102
RTVSPost2010PropOp37
 70
     1
102
RTVSPost2010Prop38
140
0.0
102
RTVSPost2010PropOp38
 70
     1
102
RTVSPost2010Prop39
140
1.0
102
RTVSPost2010PropOp39
 70
     1
102
RTVSPost2010Prop40
 90
        0
102
RTVSPost2010PropOp40
 70
     1
102
RTVSPost2010Prop41ColorIndex
 90
       18
102
RTVSPost2010Prop41ColorRGB
 90
        0
102
RTVSPost2010PropOp41
 70
     1
102
RTVSPost2010Prop42
 90
       50
102
RTVSPost2010PropOp42
 70
     1
102
RTVSPost2010Prop43
 90
        3
102
RTVSPost2010PropOp43
 70
     1
102
RTVSPost2010Prop44ColorIndex
 90
        5
102
RTVSPost2010Prop44ColorRGB
 90
      255
102
RTVSPost2010PropOp44
 70
     1
102
RTVSPost2010Prop45
280
     0
102
RTVSPost2010PropOp45
 70
     1
102
RTVSPost2010Prop46
 90
       50
102
RTVSPost2010PropOp46
 70
     1
102
RTVSPost2010Prop47
 90
       50
102
RTVSPost2010PropOp47
 70
     1
102
RTVSPost2010Prop48
 90
       50
102
RTVSPost2010PropOp48
 70
     1
102
RTVSPost2010Prop49
280
     0
102
RTVSPost2010PropOp49
 70
     1
102
RTVSPost2010Prop50
 90
       50
102
RTVSPost2010PropOp50
 70
     1
102
RTVSPost2010Prop51ColorIndex
 90
      256
102
RTVSPost2010Prop51ColorRGB
 90
-16777216
102
RTVSPost2010PropOp51
 70
     0
102
RTVSPost2010Prop52
140
1.0
102
RTVSPost2010PropOp52
 70
     0
102
RTVSPost2010Prop53
 90
        2
102
RTVSPost2010PropOp53
 70
     1
102
RTVSPost2010Prop54
  1
strokes_ogs.tif
102
RTVSPost2010PropOp54
 70
     1
102
RTVSPost2010Prop55
280
     0
102
RTVSPost2010PropOp55
 70
     1
102
RTVSPost2010Prop56
140
1.0
102
RTVSPost2010PropOp56
 70
     1
102
RTVSPost2010Prop57
140
1.0
102
RTVSPost2010PropOp57
 70
     1
102
RTVSPropertyOp0
 70
     1
102
RTVSPropertyOp1
 70
     1
102
RTVSPropertyOp2
 70
     1
102
RTVSPropertyOp3
 70
     1
102
RTVSPropertyOp4
 70
     1
102
RTVSPropertyOp5
 70
     1
102
RTVSPropertyOp6
 70
     1
102
RTVSPropertyOp7
 70
     1
102
RTVSPropertyOp8
 70
     1
102
RTVSPropertyOp9
 70
     1
102
RTVSPropertyOp10
 70
     1
102
RTVSPropertyOp11
 70
     1
102
RTVSPropertyOp12
 70
     1
102
RTVSPropertyOp13
 70
     1
102
RTVSPropertyOp14
 70
     1
102
RTVSPropertyOp15
 70
     1
102
RTVSPropertyOp16
 70
     1
102
RTVSPropertyOp17
 70
     1
102
RTVSPropertyOp18
 70
     1
102
RTVSPropertyOp19
 70
     1
102
RTVSPropertyOp20
 70
     1
102
RTVSPropertyOp21
 70
     1
102
RTVSPropertyOp22
 70
     1
102
RTVSPropertyOp23
 70
     1
102
RTVSPropertyOp24
 70
     1
102
RTVSPropertyOp25
 70
     1
102
RTVSPropertyOp26
 70
     1
102
RTVSPropertyOp27
 70
     1
102
RTVSPropertyOp28
 70
     1
102
RTVSPropertyOp29
 70
     1
102
RTVSPropertyOp30
 70
     1
102
RTVSPropertyOp31
 70
     1
102
RTVSPropertyOp32
 70
     1
102
RTVSPropertyOp33
 70
     1
102
RTVSPropertyOp34
 70
     1
102
RTVSPropertyOp35
 70
     1
102
RTVSPropertyOp36
 70
     1
102
RTVSPropertyOp37
 70
     1
102
RTVSPropertyOp38
 70
     1
102
RTVSPropertyOp39
 70
     1
102
RTVSPropertyOp40
 70
     1
102
RTVSPropertyOp41
 70
     1
102
RTVSPropertyOp42
 70
     1
102
RTVSPropertyOp43
 70
     1
102
RTVSPropertyOp44
 70
     1
102
RTVSPropertyOp45
 70
     1
102
RTVSPropertyOp46
 70
     1
102
RTVSPropertyOp47
 70
     1
102
RTVSPropertyOp48
 70
     1
102
RTVSPropertyOp49
 70
     1
102
RTVSPropertyOp50
 70
     1
102
RTVSPropertyOp51
 70
     0
102
RTVSPropertyOp52
 70
     0
102
RTVSPropertyOp53
 70
     1
102
RTVSPropertyOp54
 70
     1
102
RTVSPropertyOp55
 70
     1
102
RTVSPropertyOp56
 70
     1
102
RTVSPropertyOp57
 70
     1
102
RTVSPropertyOp58
 70
     1
102
RTVSPropertyOp59
 70
     1
102
RTVSPropertyOp60
 70
     1
102
RTVSPropertyOp61
 70
     1
102
RTVSPropertyOp62
 70
     1
  0
XRECORD
  5
6D5F
102
{ACAD_REACTORS
330
6D5E
102
}
330
6D5E
100
AcDbXrecord
280
     1
102
RTVSPost2010Prop28
280
     0
102
RTVSPost2010PropOp28
 70
     1
102
RTVSPost2010Prop29
280
     1
102
RTVSPost2010PropOp29
 70
     1
102
RTVSPost2010Prop30
280
     1
102
RTVSPost2010PropOp30
 70
     1
102
RTVSPost2010Prop31
280
     0
102
RTVSPost2010PropOp31
 70
     1
102
RTVSPost2010Prop32
280
     0
102
RTVSPost2010PropOp32
 70
     1
102
RTVSPost2010Prop33
280
     0
102
RTVSPost2010PropOp33
 70
     1
102
RTVSPost2010Prop34
280
     0
102
RTVSPost2010PropOp34
 70
     1
102
RTVSPost2010Prop35
280
     0
102
RTVSPost2010PropOp35
 70
     1
102
RTVSPost2010Prop36
280
     0
102
RTVSPost2010PropOp36
 70
     1
102
RTVSPost2010Prop37
 90
       50
102
RTVSPost2010PropOp37
 70
     1
102
RTVSPost2010Prop38
140
0.0
102
RTVSPost2010PropOp38
 70
     1
102
RTVSPost2010Prop39
140
1.0
102
RTVSPost2010PropOp39
 70
     1
102
RTVSPost2010Prop40
 90
        0
102
RTVSPost2010PropOp40
 70
     1
102
RTVSPost2010Prop41ColorIndex
 90
       18
102
RTVSPost2010Prop41ColorRGB
 90
        0
102
RTVSPost2010PropOp41
 70
     1
102
RTVSPost2010Prop42
 90
       50
102
RTVSPost2010PropOp42
 70
     1
102
RTVSPost2010Prop43
 90
        3
102
RTVSPost2010PropOp43
 70
     1
102
RTVSPost2010Prop44ColorIndex
 90
        5
102
RTVSPost2010Prop44ColorRGB
 90
      255
102
RTVSPost2010PropOp44
 70
     1
102
RTVSPost2010Prop45
280
     0
102
RTVSPost2010PropOp45
 70
     1
102
RTVSPost2010Prop46
 90
       50
102
RTVSPost2010PropOp46
 70
     1
102
RTVSPost2010Prop47
 90
       50
102
RTVSPost2010PropOp47
 70
     1
102
RTVSPost2010Prop48
 90
       50
102
RTVSPost2010PropOp48
 70
     1
102
RTVSPost2010Prop49
280
     0
102
RTVSPost2010PropOp49
 70
     1
102
RTVSPost2010Prop50
 90
       50
102
RTVSPost2010PropOp50
 70
     1
102
RTVSPost2010Prop51ColorIndex
 90
      256
102
RTVSPost2010Prop51ColorRGB
 90
-16777216
102
RTVSPost2010PropOp51
 70
     0
102
RTVSPost2010Prop52
140
1.0
102
RTVSPost2010PropOp52
 70
     0
102
RTVSPost2010Prop53
 90
        2
102
RTVSPost2010PropOp53
 70
     1
102
RTVSPost2010Prop54
  1
strokes_ogs.tif
102
RTVSPost2010PropOp54
 70
     1
102
RTVSPost2010Prop55
280
     0
102
RTVSPost2010PropOp55
 70
     1
102
RTVSPost2010Prop56
140
1.0
102
RTVSPost2010PropOp56
 70
     1
102
RTVSPost2010Prop57
140
1.0
102
RTVSPost2010PropOp57
 70
     1
102
RTVSPropertyOp0
 70
     1
102
RTVSPropertyOp1
 70
     1
102
RTVSPropertyOp2
 70
     1
102
RTVSPropertyOp3
 70
     1
102
RTVSPropertyOp4
 70
     1
102
RTVSPropertyOp5
 70
     1
102
RTVSPropertyOp6
 70
     1
102
RTVSPropertyOp7
 70
     1
102
RTVSPropertyOp8
 70
     1
102
RTVSPropertyOp9
 70
     1
102
RTVSPropertyOp10
 70
     1
102
RTVSPropertyOp11
 70
     1
102
RTVSPropertyOp12
 70
     1
102
RTVSPropertyOp13
 70
     1
102
RTVSPropertyOp14
 70
     1
102
RTVSPropertyOp15
 70
     1
102
RTVSPropertyOp16
 70
     1
102
RTVSPropertyOp17
 70
     1
102
RTVSPropertyOp18
 70
     1
102
RTVSPropertyOp19
 70
     1
102
RTVSPropertyOp20
 70
     1
102
RTVSPropertyOp21
 70
     1
102
RTVSPropertyOp22
 70
     1
102
RTVSPropertyOp23
 70
     1
102
RTVSPropertyOp24
 70
     1
102
RTVSPropertyOp25
 70
     1
102
RTVSPropertyOp26
 70
     1
102
RTVSPropertyOp27
 70
     1
102
RTVSPropertyOp28
 70
     1
102
RTVSPropertyOp29
 70
     1
102
RTVSPropertyOp30
 70
     1
102
RTVSPropertyOp31
 70
     1
102
RTVSPropertyOp32
 70
     1
102
RTVSPropertyOp33
 70
     1
102
RTVSPropertyOp34
 70
     1
102
RTVSPropertyOp35
 70
     1
102
RTVSPropertyOp36
 70
     1
102
RTVSPropertyOp37
 70
     1
102
RTVSPropertyOp38
 70
     1
102
RTVSPropertyOp39
 70
     1
102
RTVSPropertyOp40
 70
     1
102
RTVSPropertyOp41
 70
     1
102
RTVSPropertyOp42
 70
     1
102
RTVSPropertyOp43
 70
     1
102
RTVSPropertyOp44
 70
     1
102
RTVSPropertyOp45
 70
     1
102
RTVSPropertyOp46
 70
     1
102
RTVSPropertyOp47
 70
     1
102
RTVSPropertyOp48
 70
     1
102
RTVSPropertyOp49
 70
     1
102
RTVSPropertyOp50
 70
     1
102
RTVSPropertyOp51
 70
     0
102
RTVSPropertyOp52
 70
     0
102
RTVSPropertyOp53
 70
     1
102
RTVSPropertyOp54
 70
     1
102
RTVSPropertyOp55
 70
     1
102
RTVSPropertyOp56
 70
     1
102
RTVSPropertyOp57
 70
     1
102
RTVSPropertyOp58
 70
     1
102
RTVSPropertyOp59
 70
     1
102
RTVSPropertyOp60
 70
     1
102
RTVSPropertyOp61
 70
     1
102
RTVSPropertyOp62
 70
     1
  0
XRECORD
  5
6D61
102
{ACAD_REACTORS
330
6D60
102
}
330
6D60
100
AcDbXrecord
280
     1
102
RTVSPost2010Prop28
280
     0
102
RTVSPost2010PropOp28
 70
     1
102
RTVSPost2010Prop29
280
     1
102
RTVSPost2010PropOp29
 70
     1
102
RTVSPost2010Prop30
280
     1
102
RTVSPost2010PropOp30
 70
     1
102
RTVSPost2010Prop31
280
     0
102
RTVSPost2010PropOp31
 70
     1
102
RTVSPost2010Prop32
280
     0
102
RTVSPost2010PropOp32
 70
     1
102
RTVSPost2010Prop33
280
     0
102
RTVSPost2010PropOp33
 70
     1
102
RTVSPost2010Prop34
280
     0
102
RTVSPost2010PropOp34
 70
     1
102
RTVSPost2010Prop35
280
     0
102
RTVSPost2010PropOp35
 70
     1
102
RTVSPost2010Prop36
280
     0
102
RTVSPost2010PropOp36
 70
     1
102
RTVSPost2010Prop37
 90
       50
102
RTVSPost2010PropOp37
 70
     1
102
RTVSPost2010Prop38
140
0.0
102
RTVSPost2010PropOp38
 70
     1
102
RTVSPost2010Prop39
140
1.0
102
RTVSPost2010PropOp39
 70
     1
102
RTVSPost2010Prop40
 90
        0
102
RTVSPost2010PropOp40
 70
     1
102
RTVSPost2010Prop41ColorIndex
 90
       18
102
RTVSPost2010Prop41ColorRGB
 90
        0
102
RTVSPost2010PropOp41
 70
     1
102
RTVSPost2010Prop42
 90
       50
102
RTVSPost2010PropOp42
 70
     1
102
RTVSPost2010Prop43
 90
        3
102
RTVSPost2010PropOp43
 70
     1
102
RTVSPost2010Prop44ColorIndex
 90
        5
102
RTVSPost2010Prop44ColorRGB
 90
      255
102
RTVSPost2010PropOp44
 70
     1
102
RTVSPost2010Prop45
280
     0
102
RTVSPost2010PropOp45
 70
     1
102
RTVSPost2010Prop46
 90
       50
102
RTVSPost2010PropOp46
 70
     1
102
RTVSPost2010Prop47
 90
       50
102
RTVSPost2010PropOp47
 70
     1
102
RTVSPost2010Prop48
 90
       50
102
RTVSPost2010PropOp48
 70
     1
102
RTVSPost2010Prop49
280
     0
102
RTVSPost2010PropOp49
 70
     1
102
RTVSPost2010Prop50
 90
       50
102
RTVSPost2010PropOp50
 70
     1
102
RTVSPost2010Prop51ColorIndex
 90
      256
102
RTVSPost2010Prop51ColorRGB
 90
-16777216
102
RTVSPost2010PropOp51
 70
     0
102
RTVSPost2010Prop52
140
1.0
102
RTVSPost2010PropOp52
 70
     0
102
RTVSPost2010Prop53
 90
        2
102
RTVSPost2010PropOp53
 70
     1
102
RTVSPost2010Prop54
  1
strokes_ogs.tif
102
RTVSPost2010PropOp54
 70
     1
102
RTVSPost2010Prop55
280
     0
102
RTVSPost2010PropOp55
 70
     1
102
RTVSPost2010Prop56
140
1.0
102
RTVSPost2010PropOp56
 70
     1
102
RTVSPost2010Prop57
140
1.0
102
RTVSPost2010PropOp57
 70
     1
102
RTVSPropertyOp0
 70
     1
102
RTVSPropertyOp1
 70
     1
102
RTVSPropertyOp2
 70
     1
102
RTVSPropertyOp3
 70
     1
102
RTVSPropertyOp4
 70
     1
102
RTVSPropertyOp5
 70
     1
102
RTVSPropertyOp6
 70
     1
102
RTVSPropertyOp7
 70
     1
102
RTVSPropertyOp8
 70
     1
102
RTVSPropertyOp9
 70
     1
102
RTVSPropertyOp10
 70
     1
102
RTVSPropertyOp11
 70
     1
102
RTVSPropertyOp12
 70
     1
102
RTVSPropertyOp13
 70
     1
102
RTVSPropertyOp14
 70
     1
102
RTVSPropertyOp15
 70
     1
102
RTVSPropertyOp16
 70
     1
102
RTVSPropertyOp17
 70
     1
102
RTVSPropertyOp18
 70
     1
102
RTVSPropertyOp19
 70
     1
102
RTVSPropertyOp20
 70
     1
102
RTVSPropertyOp21
 70
     1
102
RTVSPropertyOp22
 70
     1
102
RTVSPropertyOp23
 70
     1
102
RTVSPropertyOp24
 70
     1
102
RTVSPropertyOp25
 70
     1
102
RTVSPropertyOp26
 70
     1
102
RTVSPropertyOp27
 70
     1
102
RTVSPropertyOp28
 70
     1
102
RTVSPropertyOp29
 70
     1
102
RTVSPropertyOp30
 70
     1
102
RTVSPropertyOp31
 70
     1
102
RTVSPropertyOp32
 70
     1
102
RTVSPropertyOp33
 70
     1
102
RTVSPropertyOp34
 70
     1
102
RTVSPropertyOp35
 70
     1
102
RTVSPropertyOp36
 70
     1
102
RTVSPropertyOp37
 70
     1
102
RTVSPropertyOp38
 70
     1
102
RTVSPropertyOp39
 70
     1
102
RTVSPropertyOp40
 70
     1
102
RTVSPropertyOp41
 70
     1
102
RTVSPropertyOp42
 70
     1
102
RTVSPropertyOp43
 70
     1
102
RTVSPropertyOp44
 70
     1
102
RTVSPropertyOp45
 70
     1
102
RTVSPropertyOp46
 70
     1
102
RTVSPropertyOp47
 70
     1
102
RTVSPropertyOp48
 70
     1
102
RTVSPropertyOp49
 70
     1
102
RTVSPropertyOp50
 70
     1
102
RTVSPropertyOp51
 70
     0
102
RTVSPropertyOp52
 70
     0
102
RTVSPropertyOp53
 70
     1
102
RTVSPropertyOp54
 70
     1
102
RTVSPropertyOp55
 70
     1
102
RTVSPropertyOp56
 70
     1
102
RTVSPropertyOp57
 70
     1
102
RTVSPropertyOp58
 70
     1
102
RTVSPropertyOp59
 70
     1
102
RTVSPropertyOp60
 70
     1
102
RTVSPropertyOp61
 70
     1
102
RTVSPropertyOp62
 70
     1
  0
XRECORD
  5
6D63
102
{ACAD_REACTORS
330
6D62
102
}
330
6D62
100
AcDbXrecord
280
     1
102
RTVSPost2010Prop28
280
     0
102
RTVSPost2010PropOp28
 70
     1
102
RTVSPost2010Prop29
280
     1
102
RTVSPost2010PropOp29
 70
     1
102
RTVSPost2010Prop30
280
     1
102
RTVSPost2010PropOp30
 70
     1
102
RTVSPost2010Prop31
280
     0
102
RTVSPost2010PropOp31
 70
     1
102
RTVSPost2010Prop32
280
     0
102
RTVSPost2010PropOp32
 70
     1
102
RTVSPost2010Prop33
280
     0
102
RTVSPost2010PropOp33
 70
     1
102
RTVSPost2010Prop34
280
     0
102
RTVSPost2010PropOp34
 70
     1
102
RTVSPost2010Prop35
280
     0
102
RTVSPost2010PropOp35
 70
     1
102
RTVSPost2010Prop36
280
     0
102
RTVSPost2010PropOp36
 70
     1
102
RTVSPost2010Prop37
 90
       50
102
RTVSPost2010PropOp37
 70
     1
102
RTVSPost2010Prop38
140
0.0
102
RTVSPost2010PropOp38
 70
     1
102
RTVSPost2010Prop39
140
1.0
102
RTVSPost2010PropOp39
 70
     1
102
RTVSPost2010Prop40
 90
        0
102
RTVSPost2010PropOp40
 70
     1
102
RTVSPost2010Prop41ColorIndex
 90
       18
102
RTVSPost2010Prop41ColorRGB
 90
        0
102
RTVSPost2010PropOp41
 70
     1
102
RTVSPost2010Prop42
 90
       50
102
RTVSPost2010PropOp42
 70
     1
102
RTVSPost2010Prop43
 90
        3
102
RTVSPost2010PropOp43
 70
     1
102
RTVSPost2010Prop44ColorIndex
 90
        5
102
RTVSPost2010Prop44ColorRGB
 90
      255
102
RTVSPost2010PropOp44
 70
     1
102
RTVSPost2010Prop45
280
     0
102
RTVSPost2010PropOp45
 70
     1
102
RTVSPost2010Prop46
 90
       50
102
RTVSPost2010PropOp46
 70
     1
102
RTVSPost2010Prop47
 90
       50
102
RTVSPost2010PropOp47
 70
     1
102
RTVSPost2010Prop48
 90
       50
102
RTVSPost2010PropOp48
 70
     1
102
RTVSPost2010Prop49
280
     0
102
RTVSPost2010PropOp49
 70
     1
102
RTVSPost2010Prop50
 90
       50
102
RTVSPost2010PropOp50
 70
     1
102
RTVSPost2010Prop51ColorIndex
 90
      256
102
RTVSPost2010Prop51ColorRGB
 90
-16777216
102
RTVSPost2010PropOp51
 70
     0
102
RTVSPost2010Prop52
140
1.0
102
RTVSPost2010PropOp52
 70
     0
102
RTVSPost2010Prop53
 90
        2
102
RTVSPost2010PropOp53
 70
     1
102
RTVSPost2010Prop54
  1
strokes_ogs.tif
102
RTVSPost2010PropOp54
 70
     1
102
RTVSPost2010Prop55
280
     0
102
RTVSPost2010PropOp55
 70
     1
102
RTVSPost2010Prop56
140
1.0
102
RTVSPost2010PropOp56
 70
     1
102
RTVSPost2010Prop57
140
1.0
102
RTVSPost2010PropOp57
 70
     1
102
RTVSPropertyOp0
 70
     1
102
RTVSPropertyOp1
 70
     1
102
RTVSPropertyOp2
 70
     1
102
RTVSPropertyOp3
 70
     1
102
RTVSPropertyOp4
 70
     1
102
RTVSPropertyOp5
 70
     1
102
RTVSPropertyOp6
 70
     1
102
RTVSPropertyOp7
 70
     1
102
RTVSPropertyOp8
 70
     1
102
RTVSPropertyOp9
 70
     1
102
RTVSPropertyOp10
 70
     1
102
RTVSPropertyOp11
 70
     1
102
RTVSPropertyOp12
 70
     1
102
RTVSPropertyOp13
 70
     1
102
RTVSPropertyOp14
 70
     1
102
RTVSPropertyOp15
 70
     1
102
RTVSPropertyOp16
 70
     1
102
RTVSPropertyOp17
 70
     1
102
RTVSPropertyOp18
 70
     1
102
RTVSPropertyOp19
 70
     1
102
RTVSPropertyOp20
 70
     1
102
RTVSPropertyOp21
 70
     1
102
RTVSPropertyOp22
 70
     1
102
RTVSPropertyOp23
 70
     1
102
RTVSPropertyOp24
 70
     1
102
RTVSPropertyOp25
 70
     1
102
RTVSPropertyOp26
 70
     1
102
RTVSPropertyOp27
 70
     1
102
RTVSPropertyOp28
 70
     1
102
RTVSPropertyOp29
 70
     1
102
RTVSPropertyOp30
 70
     1
102
RTVSPropertyOp31
 70
     1
102
RTVSPropertyOp32
 70
     1
102
RTVSPropertyOp33
 70
     1
102
RTVSPropertyOp34
 70
     1
102
RTVSPropertyOp35
 70
     1
102
RTVSPropertyOp36
 70
     1
102
RTVSPropertyOp37
 70
     1
102
RTVSPropertyOp38
 70
     1
102
RTVSPropertyOp39
 70
     1
102
RTVSPropertyOp40
 70
     1
102
RTVSPropertyOp41
 70
     1
102
RTVSPropertyOp42
 70
     1
102
RTVSPropertyOp43
 70
     1
102
RTVSPropertyOp44
 70
     1
102
RTVSPropertyOp45
 70
     1
102
RTVSPropertyOp46
 70
     1
102
RTVSPropertyOp47
 70
     1
102
RTVSPropertyOp48
 70
     1
102
RTVSPropertyOp49
 70
     1
102
RTVSPropertyOp50
 70
     1
102
RTVSPropertyOp51
 70
     0
102
RTVSPropertyOp52
 70
     0
102
RTVSPropertyOp53
 70
     1
102
RTVSPropertyOp54
 70
     1
102
RTVSPropertyOp55
 70
     1
102
RTVSPropertyOp56
 70
     1
102
RTVSPropertyOp57
 70
     1
102
RTVSPropertyOp58
 70
     1
102
RTVSPropertyOp59
 70
     1
102
RTVSPropertyOp60
 70
     1
102
RTVSPropertyOp61
 70
     1
102
RTVSPropertyOp62
 70
     1
  0
XRECORD
  5
6D65
102
{ACAD_REACTORS
330
6D64
102
}
330
6D64
100
AcDbXrecord
280
     1
102
RTVSPost2010Prop28
280
     0
102
RTVSPost2010PropOp28
 70
     1
102
RTVSPost2010Prop29
280
     1
102
RTVSPost2010PropOp29
 70
     1
102
RTVSPost2010Prop30
280
     1
102
RTVSPost2010PropOp30
 70
     1
102
RTVSPost2010Prop31
280
     0
102
RTVSPost2010PropOp31
 70
     1
102
RTVSPost2010Prop32
280
     0
102
RTVSPost2010PropOp32
 70
     1
102
RTVSPost2010Prop33
280
     0
102
RTVSPost2010PropOp33
 70
     1
102
RTVSPost2010Prop34
280
     0
102
RTVSPost2010PropOp34
 70
     1
102
RTVSPost2010Prop35
280
     0
102
RTVSPost2010PropOp35
 70
     1
102
RTVSPost2010Prop36
280
     0
102
RTVSPost2010PropOp36
 70
     1
102
RTVSPost2010Prop37
 90
       50
102
RTVSPost2010PropOp37
 70
     1
102
RTVSPost2010Prop38
140
0.0
102
RTVSPost2010PropOp38
 70
     1
102
RTVSPost2010Prop39
140
1.0
102
RTVSPost2010PropOp39
 70
     1
102
RTVSPost2010Prop40
 90
        0
102
RTVSPost2010PropOp40
 70
     1
102
RTVSPost2010Prop41ColorIndex
 90
       18
102
RTVSPost2010Prop41ColorRGB
 90
        0
102
RTVSPost2010PropOp41
 70
     1
102
RTVSPost2010Prop42
 90
       50
102
RTVSPost2010PropOp42
 70
     1
102
RTVSPost2010Prop43
 90
        3
102
RTVSPost2010PropOp43
 70
     1
102
RTVSPost2010Prop44ColorIndex
 90
        5
102
RTVSPost2010Prop44ColorRGB
 90
      255
102
RTVSPost2010PropOp44
 70
     1
102
RTVSPost2010Prop45
280
     0
102
RTVSPost2010PropOp45
 70
     1
102
RTVSPost2010Prop46
 90
       50
102
RTVSPost2010PropOp46
 70
     1
102
RTVSPost2010Prop47
 90
       50
102
RTVSPost2010PropOp47
 70
     1
102
RTVSPost2010Prop48
 90
       50
102
RTVSPost2010PropOp48
 70
     1
102
RTVSPost2010Prop49
280
     0
102
RTVSPost2010PropOp49
 70
     1
102
RTVSPost2010Prop50
 90
       50
102
RTVSPost2010PropOp50
 70
     1
102
RTVSPost2010Prop51ColorIndex
 90
      256
102
RTVSPost2010Prop51ColorRGB
 90
-16777216
102
RTVSPost2010PropOp51
 70
     0
102
RTVSPost2010Prop52
140
1.0
102
RTVSPost2010PropOp52
 70
     0
102
RTVSPost2010Prop53
 90
        2
102
RTVSPost2010PropOp53
 70
     1
102
RTVSPost2010Prop54
  1
strokes_ogs.tif
102
RTVSPost2010PropOp54
 70
     1
102
RTVSPost2010Prop55
280
     0
102
RTVSPost2010PropOp55
 70
     1
102
RTVSPost2010Prop56
140
1.0
102
RTVSPost2010PropOp56
 70
     1
102
RTVSPost2010Prop57
140
1.0
102
RTVSPost2010PropOp57
 70
     1
102
RTVSPropertyOp0
 70
     1
102
RTVSPropertyOp1
 70
     1
102
RTVSPropertyOp2
 70
     1
102
RTVSPropertyOp3
 70
     1
102
RTVSPropertyOp4
 70
     1
102
RTVSPropertyOp5
 70
     1
102
RTVSPropertyOp6
 70
     1
102
RTVSPropertyOp7
 70
     1
102
RTVSPropertyOp8
 70
     1
102
RTVSPropertyOp9
 70
     1
102
RTVSPropertyOp10
 70
     1
102
RTVSPropertyOp11
 70
     1
102
RTVSPropertyOp12
 70
     1
102
RTVSPropertyOp13
 70
     1
102
RTVSPropertyOp14
 70
     1
102
RTVSPropertyOp15
 70
     1
102
RTVSPropertyOp16
 70
     1
102
RTVSPropertyOp17
 70
     1
102
RTVSPropertyOp18
 70
     1
102
RTVSPropertyOp19
 70
     1
102
RTVSPropertyOp20
 70
     1
102
RTVSPropertyOp21
 70
     1
102
RTVSPropertyOp22
 70
     1
102
RTVSPropertyOp23
 70
     1
102
RTVSPropertyOp24
 70
     1
102
RTVSPropertyOp25
 70
     1
102
RTVSPropertyOp26
 70
     1
102
RTVSPropertyOp27
 70
     1
102
RTVSPropertyOp28
 70
     1
102
RTVSPropertyOp29
 70
     1
102
RTVSPropertyOp30
 70
     1
102
RTVSPropertyOp31
 70
     1
102
RTVSPropertyOp32
 70
     1
102
RTVSPropertyOp33
 70
     1
102
RTVSPropertyOp34
 70
     1
102
RTVSPropertyOp35
 70
     1
102
RTVSPropertyOp36
 70
     1
102
RTVSPropertyOp37
 70
     1
102
RTVSPropertyOp38
 70
     1
102
RTVSPropertyOp39
 70
     1
102
RTVSPropertyOp40
 70
     1
102
RTVSPropertyOp41
 70
     1
102
RTVSPropertyOp42
 70
     1
102
RTVSPropertyOp43
 70
     1
102
RTVSPropertyOp44
 70
     1
102
RTVSPropertyOp45
 70
     1
102
RTVSPropertyOp46
 70
     1
102
RTVSPropertyOp47
 70
     1
102
RTVSPropertyOp48
 70
     1
102
RTVSPropertyOp49
 70
     1
102
RTVSPropertyOp50
 70
     1
102
RTVSPropertyOp51
 70
     0
102
RTVSPropertyOp52
 70
     0
102
RTVSPropertyOp53
 70
     1
102
RTVSPropertyOp54
 70
     1
102
RTVSPropertyOp55
 70
     1
102
RTVSPropertyOp56
 70
     1
102
RTVSPropertyOp57
 70
     1
102
RTVSPropertyOp58
 70
     1
102
RTVSPropertyOp59
 70
     1
102
RTVSPropertyOp60
 70
     1
102
RTVSPropertyOp61
 70
     1
102
RTVSPropertyOp62
 70
     1
  0
XRECORD
  5
6D6B
102
{ACAD_REACTORS
330
6D6A
102
}
330
6D6A
100
AcDbXrecord
280
     1
102
RTVSPost2010Prop28
280
     0
102
RTVSPost2010PropOp28
 70
     1
102
RTVSPost2010Prop29
280
     1
102
RTVSPost2010PropOp29
 70
     1
102
RTVSPost2010Prop30
280
     1
102
RTVSPost2010PropOp30
 70
     1
102
RTVSPost2010Prop31
280
     0
102
RTVSPost2010PropOp31
 70
     1
102
RTVSPost2010Prop32
280
     0
102
RTVSPost2010PropOp32
 70
     1
102
RTVSPost2010Prop33
280
     0
102
RTVSPost2010PropOp33
 70
     1
102
RTVSPost2010Prop34
280
     0
102
RTVSPost2010PropOp34
 70
     1
102
RTVSPost2010Prop35
280
     0
102
RTVSPost2010PropOp35
 70
     1
102
RTVSPost2010Prop36
280
     0
102
RTVSPost2010PropOp36
 70
     1
102
RTVSPost2010Prop37
 90
       50
102
RTVSPost2010PropOp37
 70
     1
102
RTVSPost2010Prop38
140
0.0
102
RTVSPost2010PropOp38
 70
     1
102
RTVSPost2010Prop39
140
1.0
102
RTVSPost2010PropOp39
 70
     1
102
RTVSPost2010Prop40
 90
        0
102
RTVSPost2010PropOp40
 70
     1
102
RTVSPost2010Prop41ColorIndex
 90
       18
102
RTVSPost2010Prop41ColorRGB
 90
        0
102
RTVSPost2010PropOp41
 70
     1
102
RTVSPost2010Prop42
 90
       50
102
RTVSPost2010PropOp42
 70
     1
102
RTVSPost2010Prop43
 90
        3
102
RTVSPost2010PropOp43
 70
     1
102
RTVSPost2010Prop44ColorIndex
 90
        5
102
RTVSPost2010Prop44ColorRGB
 90
      255
102
RTVSPost2010PropOp44
 70
     1
102
RTVSPost2010Prop45
280
     0
102
RTVSPost2010PropOp45
 70
     1
102
RTVSPost2010Prop46
 90
       50
102
RTVSPost2010PropOp46
 70
     1
102
RTVSPost2010Prop47
 90
       50
102
RTVSPost2010PropOp47
 70
     1
102
RTVSPost2010Prop48
 90
       50
102
RTVSPost2010PropOp48
 70
     1
102
RTVSPost2010Prop49
280
     0
102
RTVSPost2010PropOp49
 70
     1
102
RTVSPost2010Prop50
 90
       50
102
RTVSPost2010PropOp50
 70
     1
102
RTVSPost2010Prop51ColorIndex
 90
      256
102
RTVSPost2010Prop51ColorRGB
 90
-16777216
102
RTVSPost2010PropOp51
 70
     0
102
RTVSPost2010Prop52
140
1.0
102
RTVSPost2010PropOp52
 70
     0
102
RTVSPost2010Prop53
 90
        2
102
RTVSPost2010PropOp53
 70
     1
102
RTVSPost2010Prop54
  1
strokes_ogs.tif
102
RTVSPost2010PropOp54
 70
     1
102
RTVSPost2010Prop55
280
     0
102
RTVSPost2010PropOp55
 70
     1
102
RTVSPost2010Prop56
140
1.0
102
RTVSPost2010PropOp56
 70
     1
102
RTVSPost2010Prop57
140
1.0
102
RTVSPost2010PropOp57
 70
     1
102
RTVSPropertyOp0
 70
     1
102
RTVSPropertyOp1
 70
     1
102
RTVSPropertyOp2
 70
     1
102
RTVSPropertyOp3
 70
     1
102
RTVSPropertyOp4
 70
     1
102
RTVSPropertyOp5
 70
     1
102
RTVSPropertyOp6
 70
     1
102
RTVSPropertyOp7
 70
     1
102
RTVSPropertyOp8
 70
     1
102
RTVSPropertyOp9
 70
     1
102
RTVSPropertyOp10
 70
     1
102
RTVSPropertyOp11
 70
     1
102
RTVSPropertyOp12
 70
     1
102
RTVSPropertyOp13
 70
     1
102
RTVSPropertyOp14
 70
     1
102
RTVSPropertyOp15
 70
     1
102
RTVSPropertyOp16
 70
     1
102
RTVSPropertyOp17
 70
     1
102
RTVSPropertyOp18
 70
     1
102
RTVSPropertyOp19
 70
     1
102
RTVSPropertyOp20
 70
     1
102
RTVSPropertyOp21
 70
     1
102
RTVSPropertyOp22
 70
     1
102
RTVSPropertyOp23
 70
     1
102
RTVSPropertyOp24
 70
     1
102
RTVSPropertyOp25
 70
     1
102
RTVSPropertyOp26
 70
     1
102
RTVSPropertyOp27
 70
     1
102
RTVSPropertyOp28
 70
     1
102
RTVSPropertyOp29
 70
     1
102
RTVSPropertyOp30
 70
     1
102
RTVSPropertyOp31
 70
     1
102
RTVSPropertyOp32
 70
     1
102
RTVSPropertyOp33
 70
     1
102
RTVSPropertyOp34
 70
     1
102
RTVSPropertyOp35
 70
     1
102
RTVSPropertyOp36
 70
     1
102
RTVSPropertyOp37
 70
     1
102
RTVSPropertyOp38
 70
     1
102
RTVSPropertyOp39
 70
     1
102
RTVSPropertyOp40
 70
     1
102
RTVSPropertyOp41
 70
     1
102
RTVSPropertyOp42
 70
     1
102
RTVSPropertyOp43
 70
     1
102
RTVSPropertyOp44
 70
     1
102
RTVSPropertyOp45
 70
     1
102
RTVSPropertyOp46
 70
     1
102
RTVSPropertyOp47
 70
     1
102
RTVSPropertyOp48
 70
     1
102
RTVSPropertyOp49
 70
     1
102
RTVSPropertyOp50
 70
     1
102
RTVSPropertyOp51
 70
     0
102
RTVSPropertyOp52
 70
     0
102
RTVSPropertyOp53
 70
     1
102
RTVSPropertyOp54
 70
     1
102
RTVSPropertyOp55
 70
     1
102
RTVSPropertyOp56
 70
     1
102
RTVSPropertyOp57
 70
     1
102
RTVSPropertyOp58
 70
     1
102
RTVSPropertyOp59
 70
     1
102
RTVSPropertyOp60
 70
     1
102
RTVSPropertyOp61
 70
     1
102
RTVSPropertyOp62
 70
     1
  0
XRECORD
  5
6D7F
102
{ACAD_REACTORS
330
6D7E
102
}
330
6D7E
100
AcDbXrecord
280
     1
102
RTVSPost2010Prop28
280
     0
102
RTVSPost2010PropOp28
 70
     0
102
RTVSPost2010Prop29
280
     1
102
RTVSPost2010PropOp29
 70
     0
102
RTVSPost2010Prop30
280
     1
102
RTVSPost2010PropOp30
 70
     0
102
RTVSPost2010Prop31
280
     0
102
RTVSPost2010PropOp31
 70
     0
102
RTVSPost2010Prop32
280
     0
102
RTVSPost2010PropOp32
 70
     0
102
RTVSPost2010Prop33
280
     0
102
RTVSPost2010PropOp33
 70
     0
102
RTVSPost2010Prop34
280
     0
102
RTVSPost2010PropOp34
 70
     0
102
RTVSPost2010Prop35
280
     0
102
RTVSPost2010PropOp35
 70
     0
102
RTVSPost2010Prop36
280
     0
102
RTVSPost2010PropOp36
 70
     0
102
RTVSPost2010Prop37
 90
       50
102
RTVSPost2010PropOp37
 70
     0
102
RTVSPost2010Prop38
140
0.0
102
RTVSPost2010PropOp38
 70
     0
102
RTVSPost2010Prop39
140
1.0
102
RTVSPost2010PropOp39
 70
     0
102
RTVSPost2010Prop40
 90
        0
102
RTVSPost2010PropOp40
 70
     0
102
RTVSPost2010Prop41ColorIndex
 90
       18
102
RTVSPost2010Prop41ColorRGB
 90
        0
102
RTVSPost2010PropOp41
 70
     0
102
RTVSPost2010Prop42
 90
       50
102
RTVSPost2010PropOp42
 70
     0
102
RTVSPost2010Prop43
 90
        3
102
RTVSPost2010PropOp43
 70
     0
102
RTVSPost2010Prop44ColorIndex
 90
        5
102
RTVSPost2010Prop44ColorRGB
 90
      255
102
RTVSPost2010PropOp44
 70
     0
102
RTVSPost2010Prop45
280
     0
102
RTVSPost2010PropOp45
 70
     0
102
RTVSPost2010Prop46
 90
       50
102
RTVSPost2010PropOp46
 70
     0
102
RTVSPost2010Prop47
 90
       50
102
RTVSPost2010PropOp47
 70
     0
102
RTVSPost2010Prop48
 90
       50
102
RTVSPost2010PropOp48
 70
     0
102
RTVSPost2010Prop49
280
     0
102
RTVSPost2010PropOp49
 70
     0
102
RTVSPost2010Prop50
 90
       50
102
RTVSPost2010PropOp50
 70
     0
102
RTVSPost2010Prop51ColorIndex
 90
      256
102
RTVSPost2010Prop51ColorRGB
 90
-16777216
102
RTVSPost2010PropOp51
 70
     0
102
RTVSPost2010Prop52
140
1.0
102
RTVSPost2010PropOp52
 70
     0
102
RTVSPost2010Prop53
 90
        2
102
RTVSPost2010PropOp53
 70
     0
102
RTVSPost2010Prop54
  1
strokes_ogs.tif
102
RTVSPost2010PropOp54
 70
     0
102
RTVSPost2010Prop55
280
     0
102
RTVSPost2010PropOp55
 70
     0
102
RTVSPost2010Prop56
140
1.0
102
RTVSPost2010PropOp56
 70
     0
102
RTVSPost2010Prop57
140
1.0
102
RTVSPost2010PropOp57
 70
     0
102
RTVSPropertyOp0
 70
     0
102
RTVSPropertyOp1
 70
     0
102
RTVSPropertyOp2
 70
     0
102
RTVSPropertyOp3
 70
     0
102
RTVSPropertyOp4
 70
     0
102
RTVSPropertyOp5
 70
     0
102
RTVSPropertyOp6
 70
     0
102
RTVSPropertyOp7
 70
     0
102
RTVSPropertyOp8
 70
     0
102
RTVSPropertyOp9
 70
     0
102
RTVSPropertyOp10
 70
     0
102
RTVSPropertyOp11
 70
     0
102
RTVSPropertyOp12
 70
     0
102
RTVSPropertyOp13
 70
     0
102
RTVSPropertyOp14
 70
     2
102
RTVSPropertyOp15
 70
     0
102
RTVSPropertyOp16
 70
     0
102
RTVSPropertyOp17
 70
     0
102
RTVSPropertyOp18
 70
     0
102
RTVSPropertyOp19
 70
     0
102
RTVSPropertyOp20
 70
     0
102
RTVSPropertyOp21
 70
     0
102
RTVSPropertyOp22
 70
     0
102
RTVSPropertyOp23
 70
     0
102
RTVSPropertyOp24
 70
     0
102
RTVSPropertyOp25
 70
     0
102
RTVSPropertyOp26
 70
     0
102
RTVSPropertyOp27
 70
     0
102
RTVSPropertyOp28
 70
     0
102
RTVSPropertyOp29
 70
     0
102
RTVSPropertyOp30
 70
     0
102
RTVSPropertyOp31
 70
     0
102
RTVSPropertyOp32
 70
     0
102
RTVSPropertyOp33
 70
     0
102
RTVSPropertyOp34
 70
     0
102
RTVSPropertyOp35
 70
     0
102
RTVSPropertyOp36
 70
     0
102
RTVSPropertyOp37
 70
     0
102
RTVSPropertyOp38
 70
     0
102
RTVSPropertyOp39
 70
     0
102
RTVSPropertyOp40
 70
     0
102
RTVSPropertyOp41
 70
     0
102
RTVSPropertyOp42
 70
     0
102
RTVSPropertyOp43
 70
     0
102
RTVSPropertyOp44
 70
     0
102
RTVSPropertyOp45
 70
     0
102
RTVSPropertyOp46
 70
     0
102
RTVSPropertyOp47
 70
     0
102
RTVSPropertyOp48
 70
     0
102
RTVSPropertyOp49
 70
     0
102
RTVSPropertyOp50
 70
     0
102
RTVSPropertyOp51
 70
     0
102
RTVSPropertyOp52
 70
     0
102
RTVSPropertyOp53
 70
     0
102
RTVSPropertyOp54
 70
     0
102
RTVSPropertyOp55
 70
     0
102
RTVSPropertyOp56
 70
     0
102
RTVSPropertyOp57
 70
     0
102
RTVSPropertyOp58
 70
     1
102
RTVSPropertyOp59
 70
     1
102
RTVSPropertyOp60
 70
     1
102
RTVSPropertyOp61
 70
     1
102
RTVSPropertyOp62
 70
     1
  0
XRECORD
  5
6D79
102
{ACAD_REACTORS
330
6D78
102
}
330
6D78
100
AcDbXrecord
280
     1
102
RTVSPost2010Prop28
280
     0
102
RTVSPost2010PropOp28
 70
     1
102
RTVSPost2010Prop29
280
     1
102
RTVSPost2010PropOp29
 70
     1
102
RTVSPost2010Prop30
280
     1
102
RTVSPost2010PropOp30
 70
     1
102
RTVSPost2010Prop31
280
     0
102
RTVSPost2010PropOp31
 70
     1
102
RTVSPost2010Prop32
280
     0
102
RTVSPost2010PropOp32
 70
     1
102
RTVSPost2010Prop33
280
     0
102
RTVSPost2010PropOp33
 70
     1
102
RTVSPost2010Prop34
280
     0
102
RTVSPost2010PropOp34
 70
     1
102
RTVSPost2010Prop35
280
     0
102
RTVSPost2010PropOp35
 70
     1
102
RTVSPost2010Prop36
280
     0
102
RTVSPost2010PropOp36
 70
     1
102
RTVSPost2010Prop37
 90
       50
102
RTVSPost2010PropOp37
 70
     1
102
RTVSPost2010Prop38
140
0.0
102
RTVSPost2010PropOp38
 70
     1
102
RTVSPost2010Prop39
140
1.0
102
RTVSPost2010PropOp39
 70
     1
102
RTVSPost2010Prop40
 90
        0
102
RTVSPost2010PropOp40
 70
     1
102
RTVSPost2010Prop41ColorIndex
 90
       18
102
RTVSPost2010Prop41ColorRGB
 90
        0
102
RTVSPost2010PropOp41
 70
     1
102
RTVSPost2010Prop42
 90
       50
102
RTVSPost2010PropOp42
 70
     1
102
RTVSPost2010Prop43
 90
        3
102
RTVSPost2010PropOp43
 70
     1
102
RTVSPost2010Prop44ColorIndex
 90
        5
102
RTVSPost2010Prop44ColorRGB
 90
      255
102
RTVSPost2010PropOp44
 70
     1
102
RTVSPost2010Prop45
280
     0
102
RTVSPost2010PropOp45
 70
     1
102
RTVSPost2010Prop46
 90
       50
102
RTVSPost2010PropOp46
 70
     1
102
RTVSPost2010Prop47
 90
       50
102
RTVSPost2010PropOp47
 70
     1
102
RTVSPost2010Prop48
 90
       50
102
RTVSPost2010PropOp48
 70
     1
102
RTVSPost2010Prop49
280
     0
102
RTVSPost2010PropOp49
 70
     1
102
RTVSPost2010Prop50
 90
       50
102
RTVSPost2010PropOp50
 70
     1
102
RTVSPost2010Prop51ColorIndex
 90
      256
102
RTVSPost2010Prop51ColorRGB
 90
-16777216
102
RTVSPost2010PropOp51
 70
     0
102
RTVSPost2010Prop52
140
1.0
102
RTVSPost2010PropOp52
 70
     0
102
RTVSPost2010Prop53
 90
        2
102
RTVSPost2010PropOp53
 70
     1
102
RTVSPost2010Prop54
  1
strokes_ogs.tif
102
RTVSPost2010PropOp54
 70
     1
102
RTVSPost2010Prop55
280
     0
102
RTVSPost2010PropOp55
 70
     1
102
RTVSPost2010Prop56
140
1.0
102
RTVSPost2010PropOp56
 70
     1
102
RTVSPost2010Prop57
140
1.0
102
RTVSPost2010PropOp57
 70
     1
102
RTVSPropertyOp0
 70
     1
102
RTVSPropertyOp1
 70
     1
102
RTVSPropertyOp2
 70
     1
102
RTVSPropertyOp3
 70
     1
102
RTVSPropertyOp4
 70
     1
102
RTVSPropertyOp5
 70
     1
102
RTVSPropertyOp6
 70
     1
102
RTVSPropertyOp7
 70
     1
102
RTVSPropertyOp8
 70
     1
102
RTVSPropertyOp9
 70
     1
102
RTVSPropertyOp10
 70
     1
102
RTVSPropertyOp11
 70
     1
102
RTVSPropertyOp12
 70
     1
102
RTVSPropertyOp13
 70
     1
102
RTVSPropertyOp14
 70
     1
102
RTVSPropertyOp15
 70
     1
102
RTVSPropertyOp16
 70
     1
102
RTVSPropertyOp17
 70
     1
102
RTVSPropertyOp18
 70
     1
102
RTVSPropertyOp19
 70
     1
102
RTVSPropertyOp20
 70
     1
102
RTVSPropertyOp21
 70
     1
102
RTVSPropertyOp22
 70
     1
102
RTVSPropertyOp23
 70
     1
102
RTVSPropertyOp24
 70
     1
102
RTVSPropertyOp25
 70
     1
102
RTVSPropertyOp26
 70
     1
102
RTVSPropertyOp27
 70
     1
102
RTVSPropertyOp28
 70
     1
102
RTVSPropertyOp29
 70
     1
102
RTVSPropertyOp30
 70
     1
102
RTVSPropertyOp31
 70
     1
102
RTVSPropertyOp32
 70
     1
102
RTVSPropertyOp33
 70
     1
102
RTVSPropertyOp34
 70
     1
102
RTVSPropertyOp35
 70
     1
102
RTVSPropertyOp36
 70
     1
102
RTVSPropertyOp37
 70
     1
102
RTVSPropertyOp38
 70
     1
102
RTVSPropertyOp39
 70
     1
102
RTVSPropertyOp40
 70
     1
102
RTVSPropertyOp41
 70
     1
102
RTVSPropertyOp42
 70
     1
102
RTVSPropertyOp43
 70
     1
102
RTVSPropertyOp44
 70
     1
102
RTVSPropertyOp45
 70
     1
102
RTVSPropertyOp46
 70
     1
102
RTVSPropertyOp47
 70
     1
102
RTVSPropertyOp48
 70
     1
102
RTVSPropertyOp49
 70
     1
102
RTVSPropertyOp50
 70
     1
102
RTVSPropertyOp51
 70
     0
102
RTVSPropertyOp52
 70
     0
102
RTVSPropertyOp53
 70
     1
102
RTVSPropertyOp54
 70
     1
102
RTVSPropertyOp55
 70
     1
102
RTVSPropertyOp56
 70
     1
102
RTVSPropertyOp57
 70
     1
102
RTVSPropertyOp58
 70
     1
102
RTVSPropertyOp59
 70
     1
102
RTVSPropertyOp60
 70
     1
102
RTVSPropertyOp61
 70
     1
102
RTVSPropertyOp62
 70
     1
  0
XRECORD
  5
6D81
102
{ACAD_REACTORS
330
6D80
102
}
330
6D80
100
AcDbXrecord
280
     1
102
RTVSPost2010Prop28
280
     0
102
RTVSPost2010PropOp28
 70
     0
102
RTVSPost2010Prop29
280
     1
102
RTVSPost2010PropOp29
 70
     0
102
RTVSPost2010Prop30
280
     1
102
RTVSPost2010PropOp30
 70
     0
102
RTVSPost2010Prop31
280
     0
102
RTVSPost2010PropOp31
 70
     0
102
RTVSPost2010Prop32
280
     0
102
RTVSPost2010PropOp32
 70
     0
102
RTVSPost2010Prop33
280
     0
102
RTVSPost2010PropOp33
 70
     0
102
RTVSPost2010Prop34
280
     0
102
RTVSPost2010PropOp34
 70
     0
102
RTVSPost2010Prop35
280
     0
102
RTVSPost2010PropOp35
 70
     0
102
RTVSPost2010Prop36
280
     0
102
RTVSPost2010PropOp36
 70
     0
102
RTVSPost2010Prop37
 90
       50
102
RTVSPost2010PropOp37
 70
     0
102
RTVSPost2010Prop38
140
0.0
102
RTVSPost2010PropOp38
 70
     0
102
RTVSPost2010Prop39
140
1.0
102
RTVSPost2010PropOp39
 70
     0
102
RTVSPost2010Prop40
 90
        0
102
RTVSPost2010PropOp40
 70
     0
102
RTVSPost2010Prop41ColorIndex
 90
       18
102
RTVSPost2010Prop41ColorRGB
 90
        0
102
RTVSPost2010PropOp41
 70
     0
102
RTVSPost2010Prop42
 90
       50
102
RTVSPost2010PropOp42
 70
     0
102
RTVSPost2010Prop43
 90
        3
102
RTVSPost2010PropOp43
 70
     0
102
RTVSPost2010Prop44ColorIndex
 90
        5
102
RTVSPost2010Prop44ColorRGB
 90
      255
102
RTVSPost2010PropOp44
 70
     0
102
RTVSPost2010Prop45
280
     0
102
RTVSPost2010PropOp45
 70
     0
102
RTVSPost2010Prop46
 90
       50
102
RTVSPost2010PropOp46
 70
     0
102
RTVSPost2010Prop47
 90
       50
102
RTVSPost2010PropOp47
 70
     0
102
RTVSPost2010Prop48
 90
       50
102
RTVSPost2010PropOp48
 70
     0
102
RTVSPost2010Prop49
280
     0
102
RTVSPost2010PropOp49
 70
     0
102
RTVSPost2010Prop50
 90
       50
102
RTVSPost2010PropOp50
 70
     0
102
RTVSPost2010Prop51ColorIndex
 90
      256
102
RTVSPost2010Prop51ColorRGB
 90
-16777216
102
RTVSPost2010PropOp51
 70
     0
102
RTVSPost2010Prop52
140
1.0
102
RTVSPost2010PropOp52
 70
     0
102
RTVSPost2010Prop53
 90
        2
102
RTVSPost2010PropOp53
 70
     0
102
RTVSPost2010Prop54
  1
strokes_ogs.tif
102
RTVSPost2010PropOp54
 70
     0
102
RTVSPost2010Prop55
280
     0
102
RTVSPost2010PropOp55
 70
     0
102
RTVSPost2010Prop56
140
1.0
102
RTVSPost2010PropOp56
 70
     0
102
RTVSPost2010Prop57
140
1.0
102
RTVSPost2010PropOp57
 70
     0
102
RTVSPropertyOp0
 70
     0
102
RTVSPropertyOp1
 70
     0
102
RTVSPropertyOp2
 70
     0
102
RTVSPropertyOp3
 70
     0
102
RTVSPropertyOp4
 70
     0
102
RTVSPropertyOp5
 70
     0
102
RTVSPropertyOp6
 70
     0
102
RTVSPropertyOp7
 70
     0
102
RTVSPropertyOp8
 70
     0
102
RTVSPropertyOp9
 70
     0
102
RTVSPropertyOp10
 70
     0
102
RTVSPropertyOp11
 70
     0
102
RTVSPropertyOp12
 70
     0
102
RTVSPropertyOp13
 70
     0
102
RTVSPropertyOp14
 70
     2
102
RTVSPropertyOp15
 70
     0
102
RTVSPropertyOp16
 70
     0
102
RTVSPropertyOp17
 70
     0
102
RTVSPropertyOp18
 70
     0
102
RTVSPropertyOp19
 70
     0
102
RTVSPropertyOp20
 70
     0
102
RTVSPropertyOp21
 70
     0
102
RTVSPropertyOp22
 70
     0
102
RTVSPropertyOp23
 70
     0
102
RTVSPropertyOp24
 70
     0
102
RTVSPropertyOp25
 70
     0
102
RTVSPropertyOp26
 70
     0
102
RTVSPropertyOp27
 70
     0
102
RTVSPropertyOp28
 70
     0
102
RTVSPropertyOp29
 70
     0
102
RTVSPropertyOp30
 70
     0
102
RTVSPropertyOp31
 70
     0
102
RTVSPropertyOp32
 70
     0
102
RTVSPropertyOp33
 70
     0
102
RTVSPropertyOp34
 70
     0
102
RTVSPropertyOp35
 70
     0
102
RTVSPropertyOp36
 70
     0
102
RTVSPropertyOp37
 70
     0
102
RTVSPropertyOp38
 70
     0
102
RTVSPropertyOp39
 70
     0
102
RTVSPropertyOp40
 70
     0
102
RTVSPropertyOp41
 70
     0
102
RTVSPropertyOp42
 70
     0
102
RTVSPropertyOp43
 70
     0
102
RTVSPropertyOp44
 70
     0
102
RTVSPropertyOp45
 70
     0
102
RTVSPropertyOp46
 70
     0
102
RTVSPropertyOp47
 70
     0
102
RTVSPropertyOp48
 70
     0
102
RTVSPropertyOp49
 70
     0
102
RTVSPropertyOp50
 70
     0
102
RTVSPropertyOp51
 70
     0
102
RTVSPropertyOp52
 70
     0
102
RTVSPropertyOp53
 70
     0
102
RTVSPropertyOp54
 70
     0
102
RTVSPropertyOp55
 70
     0
102
RTVSPropertyOp56
 70
     0
102
RTVSPropertyOp57
 70
     0
102
RTVSPropertyOp58
 70
     1
102
RTVSPropertyOp59
 70
     1
102
RTVSPropertyOp60
 70
     1
102
RTVSPropertyOp61
 70
     1
102
RTVSPropertyOp62
 70
     1
  0
XRECORD
  5
6D6F
102
{ACAD_REACTORS
330
6D6E
102
}
330
6D6E
100
AcDbXrecord
280
     1
102
RTVSPost2010Prop28
280
     0
102
RTVSPost2010PropOp28
 70
     1
102
RTVSPost2010Prop29
280
     1
102
RTVSPost2010PropOp29
 70
     1
102
RTVSPost2010Prop30
280
     1
102
RTVSPost2010PropOp30
 70
     1
102
RTVSPost2010Prop31
280
     0
102
RTVSPost2010PropOp31
 70
     1
102
RTVSPost2010Prop32
280
     0
102
RTVSPost2010PropOp32
 70
     1
102
RTVSPost2010Prop33
280
     0
102
RTVSPost2010PropOp33
 70
     1
102
RTVSPost2010Prop34
280
     0
102
RTVSPost2010PropOp34
 70
     1
102
RTVSPost2010Prop35
280
     0
102
RTVSPost2010PropOp35
 70
     1
102
RTVSPost2010Prop36
280
     0
102
RTVSPost2010PropOp36
 70
     1
102
RTVSPost2010Prop37
 90
       50
102
RTVSPost2010PropOp37
 70
     1
102
RTVSPost2010Prop38
140
0.0
102
RTVSPost2010PropOp38
 70
     1
102
RTVSPost2010Prop39
140
1.0
102
RTVSPost2010PropOp39
 70
     1
102
RTVSPost2010Prop40
 90
        0
102
RTVSPost2010PropOp40
 70
     1
102
RTVSPost2010Prop41ColorIndex
 90
       18
102
RTVSPost2010Prop41ColorRGB
 90
        0
102
RTVSPost2010PropOp41
 70
     1
102
RTVSPost2010Prop42
 90
       50
102
RTVSPost2010PropOp42
 70
     1
102
RTVSPost2010Prop43
 90
        3
102
RTVSPost2010PropOp43
 70
     1
102
RTVSPost2010Prop44ColorIndex
 90
        5
102
RTVSPost2010Prop44ColorRGB
 90
      255
102
RTVSPost2010PropOp44
 70
     1
102
RTVSPost2010Prop45
280
     0
102
RTVSPost2010PropOp45
 70
     1
102
RTVSPost2010Prop46
 90
       50
102
RTVSPost2010PropOp46
 70
     1
102
RTVSPost2010Prop47
 90
       50
102
RTVSPost2010PropOp47
 70
     1
102
RTVSPost2010Prop48
 90
       50
102
RTVSPost2010PropOp48
 70
     1
102
RTVSPost2010Prop49
280
     0
102
RTVSPost2010PropOp49
 70
     1
102
RTVSPost2010Prop50
 90
       50
102
RTVSPost2010PropOp50
 70
     1
102
RTVSPost2010Prop51ColorIndex
 90
      256
102
RTVSPost2010Prop51ColorRGB
 90
-16777216
102
RTVSPost2010PropOp51
 70
     0
102
RTVSPost2010Prop52
140
1.0
102
RTVSPost2010PropOp52
 70
     0
102
RTVSPost2010Prop53
 90
        2
102
RTVSPost2010PropOp53
 70
     1
102
RTVSPost2010Prop54
  1
strokes_ogs.tif
102
RTVSPost2010PropOp54
 70
     1
102
RTVSPost2010Prop55
280
     0
102
RTVSPost2010PropOp55
 70
     1
102
RTVSPost2010Prop56
140
1.0
102
RTVSPost2010PropOp56
 70
     1
102
RTVSPost2010Prop57
140
1.0
102
RTVSPost2010PropOp57
 70
     1
102
RTVSPropertyOp0
 70
     1
102
RTVSPropertyOp1
 70
     1
102
RTVSPropertyOp2
 70
     1
102
RTVSPropertyOp3
 70
     1
102
RTVSPropertyOp4
 70
     1
102
RTVSPropertyOp5
 70
     1
102
RTVSPropertyOp6
 70
     1
102
RTVSPropertyOp7
 70
     1
102
RTVSPropertyOp8
 70
     1
102
RTVSPropertyOp9
 70
     1
102
RTVSPropertyOp10
 70
     1
102
RTVSPropertyOp11
 70
     1
102
RTVSPropertyOp12
 70
     1
102
RTVSPropertyOp13
 70
     1
102
RTVSPropertyOp14
 70
     1
102
RTVSPropertyOp15
 70
     1
102
RTVSPropertyOp16
 70
     1
102
RTVSPropertyOp17
 70
     1
102
RTVSPropertyOp18
 70
     1
102
RTVSPropertyOp19
 70
     1
102
RTVSPropertyOp20
 70
     1
102
RTVSPropertyOp21
 70
     1
102
RTVSPropertyOp22
 70
     1
102
RTVSPropertyOp23
 70
     1
102
RTVSPropertyOp24
 70
     1
102
RTVSPropertyOp25
 70
     1
102
RTVSPropertyOp26
 70
     1
102
RTVSPropertyOp27
 70
     1
102
RTVSPropertyOp28
 70
     1
102
RTVSPropertyOp29
 70
     1
102
RTVSPropertyOp30
 70
     1
102
RTVSPropertyOp31
 70
     1
102
RTVSPropertyOp32
 70
     1
102
RTVSPropertyOp33
 70
     1
102
RTVSPropertyOp34
 70
     1
102
RTVSPropertyOp35
 70
     1
102
RTVSPropertyOp36
 70
     1
102
RTVSPropertyOp37
 70
     1
102
RTVSPropertyOp38
 70
     1
102
RTVSPropertyOp39
 70
     1
102
RTVSPropertyOp40
 70
     1
102
RTVSPropertyOp41
 70
     1
102
RTVSPropertyOp42
 70
     1
102
RTVSPropertyOp43
 70
     1
102
RTVSPropertyOp44
 70
     1
102
RTVSPropertyOp45
 70
     1
102
RTVSPropertyOp46
 70
     1
102
RTVSPropertyOp47
 70
     1
102
RTVSPropertyOp48
 70
     1
102
RTVSPropertyOp49
 70
     1
102
RTVSPropertyOp50
 70
     1
102
RTVSPropertyOp51
 70
     0
102
RTVSPropertyOp52
 70
     0
102
RTVSPropertyOp53
 70
     1
102
RTVSPropertyOp54
 70
     1
102
RTVSPropertyOp55
 70
     1
102
RTVSPropertyOp56
 70
     1
102
RTVSPropertyOp57
 70
     1
102
RTVSPropertyOp58
 70
     1
102
RTVSPropertyOp59
 70
     1
102
RTVSPropertyOp60
 70
     1
102
RTVSPropertyOp61
 70
     1
102
RTVSPropertyOp62
 70
     1
  0
XRECORD
  5
6D8D
102
{ACAD_REACTORS
330
6D8C
102
}
330
6D8C
100
AcDbXrecord
280
     1
102
RTVSPost2010Prop28
280
     0
102
RTVSPost2010PropOp28
 70
     1
102
RTVSPost2010Prop29
280
     1
102
RTVSPost2010PropOp29
 70
     1
102
RTVSPost2010Prop30
280
     1
102
RTVSPost2010PropOp30
 70
     1
102
RTVSPost2010Prop31
280
     0
102
RTVSPost2010PropOp31
 70
     1
102
RTVSPost2010Prop32
280
     0
102
RTVSPost2010PropOp32
 70
     1
102
RTVSPost2010Prop33
280
     0
102
RTVSPost2010PropOp33
 70
     1
102
RTVSPost2010Prop34
280
     0
102
RTVSPost2010PropOp34
 70
     1
102
RTVSPost2010Prop35
280
     0
102
RTVSPost2010PropOp35
 70
     1
102
RTVSPost2010Prop36
280
     0
102
RTVSPost2010PropOp36
 70
     1
102
RTVSPost2010Prop37
 90
       50
102
RTVSPost2010PropOp37
 70
     1
102
RTVSPost2010Prop38
140
0.0
102
RTVSPost2010PropOp38
 70
     1
102
RTVSPost2010Prop39
140
1.0
102
RTVSPost2010PropOp39
 70
     1
102
RTVSPost2010Prop40
 90
        0
102
RTVSPost2010PropOp40
 70
     1
102
RTVSPost2010Prop41ColorIndex
 90
       18
102
RTVSPost2010Prop41ColorRGB
 90
        0
102
RTVSPost2010PropOp41
 70
     1
102
RTVSPost2010Prop42
 90
       50
102
RTVSPost2010PropOp42
 70
     1
102
RTVSPost2010Prop43
 90
        3
102
RTVSPost2010PropOp43
 70
     1
102
RTVSPost2010Prop44ColorIndex
 90
        5
102
RTVSPost2010Prop44ColorRGB
 90
      255
102
RTVSPost2010PropOp44
 70
     1
102
RTVSPost2010Prop45
280
     0
102
RTVSPost2010PropOp45
 70
     1
102
RTVSPost2010Prop46
 90
       50
102
RTVSPost2010PropOp46
 70
     1
102
RTVSPost2010Prop47
 90
       50
102
RTVSPost2010PropOp47
 70
     1
102
RTVSPost2010Prop48
 90
       50
102
RTVSPost2010PropOp48
 70
     1
102
RTVSPost2010Prop49
280
     0
102
RTVSPost2010PropOp49
 70
     1
102
RTVSPost2010Prop50
 90
       50
102
RTVSPost2010PropOp50
 70
     1
102
RTVSPost2010Prop51ColorIndex
 90
      256
102
RTVSPost2010Prop51ColorRGB
 90
-16777216
102
RTVSPost2010PropOp51
 70
     0
102
RTVSPost2010Prop52
140
1.0
102
RTVSPost2010PropOp52
 70
     0
102
RTVSPost2010Prop53
 90
        2
102
RTVSPost2010PropOp53
 70
     1
102
RTVSPost2010Prop54
  1
strokes_ogs.tif
102
RTVSPost2010PropOp54
 70
     1
102
RTVSPost2010Prop55
280
     0
102
RTVSPost2010PropOp55
 70
     1
102
RTVSPost2010Prop56
140
1.0
102
RTVSPost2010PropOp56
 70
     1
102
RTVSPost2010Prop57
140
1.0
102
RTVSPost2010PropOp57
 70
     1
102
RTVSPropertyOp0
 70
     1
102
RTVSPropertyOp1
 70
     1
102
RTVSPropertyOp2
 70
     1
102
RTVSPropertyOp3
 70
     1
102
RTVSPropertyOp4
 70
     1
102
RTVSPropertyOp5
 70
     1
102
RTVSPropertyOp6
 70
     1
102
RTVSPropertyOp7
 70
     1
102
RTVSPropertyOp8
 70
     1
102
RTVSPropertyOp9
 70
     1
102
RTVSPropertyOp10
 70
     1
102
RTVSPropertyOp11
 70
     1
102
RTVSPropertyOp12
 70
     1
102
RTVSPropertyOp13
 70
     1
102
RTVSPropertyOp14
 70
     1
102
RTVSPropertyOp15
 70
     1
102
RTVSPropertyOp16
 70
     1
102
RTVSPropertyOp17
 70
     1
102
RTVSPropertyOp18
 70
     1
102
RTVSPropertyOp19
 70
     1
102
RTVSPropertyOp20
 70
     1
102
RTVSPropertyOp21
 70
     1
102
RTVSPropertyOp22
 70
     1
102
RTVSPropertyOp23
 70
     1
102
RTVSPropertyOp24
 70
     1
102
RTVSPropertyOp25
 70
     1
102
RTVSPropertyOp26
 70
     1
102
RTVSPropertyOp27
 70
     1
102
RTVSPropertyOp28
 70
     1
102
RTVSPropertyOp29
 70
     1
102
RTVSPropertyOp30
 70
     1
102
RTVSPropertyOp31
 70
     1
102
RTVSPropertyOp32
 70
     1
102
RTVSPropertyOp33
 70
     1
102
RTVSPropertyOp34
 70
     1
102
RTVSPropertyOp35
 70
     1
102
RTVSPropertyOp36
 70
     1
102
RTVSPropertyOp37
 70
     1
102
RTVSPropertyOp38
 70
     1
102
RTVSPropertyOp39
 70
     1
102
RTVSPropertyOp40
 70
     1
102
RTVSPropertyOp41
 70
     1
102
RTVSPropertyOp42
 70
     1
102
RTVSPropertyOp43
 70
     1
102
RTVSPropertyOp44
 70
     1
102
RTVSPropertyOp45
 70
     1
102
RTVSPropertyOp46
 70
     1
102
RTVSPropertyOp47
 70
     1
102
RTVSPropertyOp48
 70
     1
102
RTVSPropertyOp49
 70
     1
102
RTVSPropertyOp50
 70
     1
102
RTVSPropertyOp51
 70
     0
102
RTVSPropertyOp52
 70
     0
102
RTVSPropertyOp53
 70
     1
102
RTVSPropertyOp54
 70
     1
102
RTVSPropertyOp55
 70
     1
102
RTVSPropertyOp56
 70
     1
102
RTVSPropertyOp57
 70
     1
102
RTVSPropertyOp58
 70
     1
102
RTVSPropertyOp59
 70
     1
102
RTVSPropertyOp60
 70
     1
102
RTVSPropertyOp61
 70
     1
102
RTVSPropertyOp62
 70
     1
  0
XRECORD
  5
6D8B
102
{ACAD_REACTORS
330
6D8A
102
}
330
6D8A
100
AcDbXrecord
280
     1
102
RTVSPost2010Prop28
280
     0
102
RTVSPost2010PropOp28
 70
     1
102
RTVSPost2010Prop29
280
     1
102
RTVSPost2010PropOp29
 70
     1
102
RTVSPost2010Prop30
280
     1
102
RTVSPost2010PropOp30
 70
     1
102
RTVSPost2010Prop31
280
     0
102
RTVSPost2010PropOp31
 70
     1
102
RTVSPost2010Prop32
280
     0
102
RTVSPost2010PropOp32
 70
     1
102
RTVSPost2010Prop33
280
     0
102
RTVSPost2010PropOp33
 70
     1
102
RTVSPost2010Prop34
280
     0
102
RTVSPost2010PropOp34
 70
     1
102
RTVSPost2010Prop35
280
     0
102
RTVSPost2010PropOp35
 70
     1
102
RTVSPost2010Prop36
280
     0
102
RTVSPost2010PropOp36
 70
     1
102
RTVSPost2010Prop37
 90
       50
102
RTVSPost2010PropOp37
 70
     1
102
RTVSPost2010Prop38
140
0.0
102
RTVSPost2010PropOp38
 70
     1
102
RTVSPost2010Prop39
140
1.0
102
RTVSPost2010PropOp39
 70
     1
102
RTVSPost2010Prop40
 90
        0
102
RTVSPost2010PropOp40
 70
     1
102
RTVSPost2010Prop41ColorIndex
 90
       18
102
RTVSPost2010Prop41ColorRGB
 90
        0
102
RTVSPost2010PropOp41
 70
     1
102
RTVSPost2010Prop42
 90
       50
102
RTVSPost2010PropOp42
 70
     1
102
RTVSPost2010Prop43
 90
        3
102
RTVSPost2010PropOp43
 70
     1
102
RTVSPost2010Prop44ColorIndex
 90
        5
102
RTVSPost2010Prop44ColorRGB
 90
      255
102
RTVSPost2010PropOp44
 70
     1
102
RTVSPost2010Prop45
280
     0
102
RTVSPost2010PropOp45
 70
     1
102
RTVSPost2010Prop46
 90
       50
102
RTVSPost2010PropOp46
 70
     1
102
RTVSPost2010Prop47
 90
       50
102
RTVSPost2010PropOp47
 70
     1
102
RTVSPost2010Prop48
 90
       50
102
RTVSPost2010PropOp48
 70
     1
102
RTVSPost2010Prop49
280
     0
102
RTVSPost2010PropOp49
 70
     1
102
RTVSPost2010Prop50
 90
       50
102
RTVSPost2010PropOp50
 70
     1
102
RTVSPost2010Prop51ColorIndex
 90
      256
102
RTVSPost2010Prop51ColorRGB
 90
-16777216
102
RTVSPost2010PropOp51
 70
     0
102
RTVSPost2010Prop52
140
1.0
102
RTVSPost2010PropOp52
 70
     0
102
RTVSPost2010Prop53
 90
        2
102
RTVSPost2010PropOp53
 70
     1
102
RTVSPost2010Prop54
  1
strokes_ogs.tif
102
RTVSPost2010PropOp54
 70
     1
102
RTVSPost2010Prop55
280
     0
102
RTVSPost2010PropOp55
 70
     1
102
RTVSPost2010Prop56
140
1.0
102
RTVSPost2010PropOp56
 70
     1
102
RTVSPost2010Prop57
140
1.0
102
RTVSPost2010PropOp57
 70
     1
102
RTVSPropertyOp0
 70
     1
102
RTVSPropertyOp1
 70
     1
102
RTVSPropertyOp2
 70
     1
102
RTVSPropertyOp3
 70
     1
102
RTVSPropertyOp4
 70
     1
102
RTVSPropertyOp5
 70
     1
102
RTVSPropertyOp6
 70
     1
102
RTVSPropertyOp7
 70
     1
102
RTVSPropertyOp8
 70
     1
102
RTVSPropertyOp9
 70
     1
102
RTVSPropertyOp10
 70
     1
102
RTVSPropertyOp11
 70
     1
102
RTVSPropertyOp12
 70
     1
102
RTVSPropertyOp13
 70
     1
102
RTVSPropertyOp14
 70
     1
102
RTVSPropertyOp15
 70
     1
102
RTVSPropertyOp16
 70
     1
102
RTVSPropertyOp17
 70
     1
102
RTVSPropertyOp18
 70
     1
102
RTVSPropertyOp19
 70
     1
102
RTVSPropertyOp20
 70
     1
102
RTVSPropertyOp21
 70
     1
102
RTVSPropertyOp22
 70
     1
102
RTVSPropertyOp23
 70
     1
102
RTVSPropertyOp24
 70
     1
102
RTVSPropertyOp25
 70
     1
102
RTVSPropertyOp26
 70
     1
102
RTVSPropertyOp27
 70
     1
102
RTVSPropertyOp28
 70
     1
102
RTVSPropertyOp29
 70
     1
102
RTVSPropertyOp30
 70
     1
102
RTVSPropertyOp31
 70
     1
102
RTVSPropertyOp32
 70
     1
102
RTVSPropertyOp33
 70
     1
102
RTVSPropertyOp34
 70
     1
102
RTVSPropertyOp35
 70
     1
102
RTVSPropertyOp36
 70
     1
102
RTVSPropertyOp37
 70
     1
102
RTVSPropertyOp38
 70
     1
102
RTVSPropertyOp39
 70
     1
102
RTVSPropertyOp40
 70
     1
102
RTVSPropertyOp41
 70
     1
102
RTVSPropertyOp42
 70
     1
102
RTVSPropertyOp43
 70
     1
102
RTVSPropertyOp44
 70
     1
102
RTVSPropertyOp45
 70
     1
102
RTVSPropertyOp46
 70
     1
102
RTVSPropertyOp47
 70
     1
102
RTVSPropertyOp48
 70
     1
102
RTVSPropertyOp49
 70
     1
102
RTVSPropertyOp50
 70
     1
102
RTVSPropertyOp51
 70
     0
102
RTVSPropertyOp52
 70
     0
102
RTVSPropertyOp53
 70
     1
102
RTVSPropertyOp54
 70
     1
102
RTVSPropertyOp55
 70
     1
102
RTVSPropertyOp56
 70
     1
102
RTVSPropertyOp57
 70
     1
102
RTVSPropertyOp58
 70
     1
102
RTVSPropertyOp59
 70
     1
102
RTVSPropertyOp60
 70
     1
102
RTVSPropertyOp61
 70
     1
102
RTVSPropertyOp62
 70
     1
  0
XRECORD
  5
6D85
102
{ACAD_REACTORS
330
6D84
102
}
330
6D84
100
AcDbXrecord
280
     1
102
RTVSPost2010Prop28
280
     0
102
RTVSPost2010PropOp28
 70
     1
102
RTVSPost2010Prop29
280
     1
102
RTVSPost2010PropOp29
 70
     1
102
RTVSPost2010Prop30
280
     1
102
RTVSPost2010PropOp30
 70
     1
102
RTVSPost2010Prop31
280
     0
102
RTVSPost2010PropOp31
 70
     1
102
RTVSPost2010Prop32
280
     0
102
RTVSPost2010PropOp32
 70
     1
102
RTVSPost2010Prop33
280
     0
102
RTVSPost2010PropOp33
 70
     1
102
RTVSPost2010Prop34
280
     0
102
RTVSPost2010PropOp34
 70
     1
102
RTVSPost2010Prop35
280
     0
102
RTVSPost2010PropOp35
 70
     1
102
RTVSPost2010Prop36
280
     0
102
RTVSPost2010PropOp36
 70
     1
102
RTVSPost2010Prop37
 90
       50
102
RTVSPost2010PropOp37
 70
     1
102
RTVSPost2010Prop38
140
0.0
102
RTVSPost2010PropOp38
 70
     1
102
RTVSPost2010Prop39
140
1.0
102
RTVSPost2010PropOp39
 70
     1
102
RTVSPost2010Prop40
 90
        0
102
RTVSPost2010PropOp40
 70
     1
102
RTVSPost2010Prop41ColorIndex
 90
       18
102
RTVSPost2010Prop41ColorRGB
 90
        0
102
RTVSPost2010PropOp41
 70
     1
102
RTVSPost2010Prop42
 90
       50
102
RTVSPost2010PropOp42
 70
     1
102
RTVSPost2010Prop43
 90
        3
102
RTVSPost2010PropOp43
 70
     1
102
RTVSPost2010Prop44ColorIndex
 90
        5
102
RTVSPost2010Prop44ColorRGB
 90
      255
102
RTVSPost2010PropOp44
 70
     1
102
RTVSPost2010Prop45
280
     0
102
RTVSPost2010PropOp45
 70
     1
102
RTVSPost2010Prop46
 90
       50
102
RTVSPost2010PropOp46
 70
     1
102
RTVSPost2010Prop47
 90
       50
102
RTVSPost2010PropOp47
 70
     1
102
RTVSPost2010Prop48
 90
       50
102
RTVSPost2010PropOp48
 70
     1
102
RTVSPost2010Prop49
280
     0
102
RTVSPost2010PropOp49
 70
     1
102
RTVSPost2010Prop50
 90
       50
102
RTVSPost2010PropOp50
 70
     1
102
RTVSPost2010Prop51ColorIndex
 90
      256
102
RTVSPost2010Prop51ColorRGB
 90
-16777216
102
RTVSPost2010PropOp51
 70
     0
102
RTVSPost2010Prop52
140
1.0
102
RTVSPost2010PropOp52
 70
     0
102
RTVSPost2010Prop53
 90
        2
102
RTVSPost2010PropOp53
 70
     1
102
RTVSPost2010Prop54
  1
strokes_ogs.tif
102
RTVSPost2010PropOp54
 70
     1
102
RTVSPost2010Prop55
280
     0
102
RTVSPost2010PropOp55
 70
     1
102
RTVSPost2010Prop56
140
1.0
102
RTVSPost2010PropOp56
 70
     1
102
RTVSPost2010Prop57
140
1.0
102
RTVSPost2010PropOp57
 70
     1
102
RTVSPropertyOp0
 70
     1
102
RTVSPropertyOp1
 70
     1
102
RTVSPropertyOp2
 70
     1
102
RTVSPropertyOp3
 70
     1
102
RTVSPropertyOp4
 70
     1
102
RTVSPropertyOp5
 70
     1
102
RTVSPropertyOp6
 70
     1
102
RTVSPropertyOp7
 70
     1
102
RTVSPropertyOp8
 70
     1
102
RTVSPropertyOp9
 70
     1
102
RTVSPropertyOp10
 70
     1
102
RTVSPropertyOp11
 70
     1
102
RTVSPropertyOp12
 70
     1
102
RTVSPropertyOp13
 70
     1
102
RTVSPropertyOp14
 70
     1
102
RTVSPropertyOp15
 70
     1
102
RTVSPropertyOp16
 70
     1
102
RTVSPropertyOp17
 70
     1
102
RTVSPropertyOp18
 70
     1
102
RTVSPropertyOp19
 70
     1
102
RTVSPropertyOp20
 70
     1
102
RTVSPropertyOp21
 70
     1
102
RTVSPropertyOp22
 70
     1
102
RTVSPropertyOp23
 70
     1
102
RTVSPropertyOp24
 70
     1
102
RTVSPropertyOp25
 70
     1
102
RTVSPropertyOp26
 70
     1
102
RTVSPropertyOp27
 70
     1
102
RTVSPropertyOp28
 70
     1
102
RTVSPropertyOp29
 70
     1
102
RTVSPropertyOp30
 70
     1
102
RTVSPropertyOp31
 70
     1
102
RTVSPropertyOp32
 70
     1
102
RTVSPropertyOp33
 70
     1
102
RTVSPropertyOp34
 70
     1
102
RTVSPropertyOp35
 70
     1
102
RTVSPropertyOp36
 70
     1
102
RTVSPropertyOp37
 70
     1
102
RTVSPropertyOp38
 70
     1
102
RTVSPropertyOp39
 70
     1
102
RTVSPropertyOp40
 70
     1
102
RTVSPropertyOp41
 70
     1
102
RTVSPropertyOp42
 70
     1
102
RTVSPropertyOp43
 70
     1
102
RTVSPropertyOp44
 70
     1
102
RTVSPropertyOp45
 70
     1
102
RTVSPropertyOp46
 70
     1
102
RTVSPropertyOp47
 70
     1
102
RTVSPropertyOp48
 70
     1
102
RTVSPropertyOp49
 70
     1
102
RTVSPropertyOp50
 70
     1
102
RTVSPropertyOp51
 70
     0
102
RTVSPropertyOp52
 70
     0
102
RTVSPropertyOp53
 70
     1
102
RTVSPropertyOp54
 70
     1
102
RTVSPropertyOp55
 70
     1
102
RTVSPropertyOp56
 70
     1
102
RTVSPropertyOp57
 70
     1
102
RTVSPropertyOp58
 70
     1
102
RTVSPropertyOp59
 70
     1
102
RTVSPropertyOp60
 70
     1
102
RTVSPropertyOp61
 70
     1
102
RTVSPropertyOp62
 70
     1
  0
XRECORD
  5
6D87
102
{ACAD_REACTORS
330
6D86
102
}
330
6D86
100
AcDbXrecord
280
     1
102
RTVSPost2010Prop28
280
     0
102
RTVSPost2010PropOp28
 70
     1
102
RTVSPost2010Prop29
280
     1
102
RTVSPost2010PropOp29
 70
     1
102
RTVSPost2010Prop30
280
     1
102
RTVSPost2010PropOp30
 70
     1
102
RTVSPost2010Prop31
280
     0
102
RTVSPost2010PropOp31
 70
     1
102
RTVSPost2010Prop32
280
     0
102
RTVSPost2010PropOp32
 70
     1
102
RTVSPost2010Prop33
280
     0
102
RTVSPost2010PropOp33
 70
     1
102
RTVSPost2010Prop34
280
     0
102
RTVSPost2010PropOp34
 70
     1
102
RTVSPost2010Prop35
280
     0
102
RTVSPost2010PropOp35
 70
     1
102
RTVSPost2010Prop36
280
     0
102
RTVSPost2010PropOp36
 70
     1
102
RTVSPost2010Prop37
 90
       50
102
RTVSPost2010PropOp37
 70
     1
102
RTVSPost2010Prop38
140
0.0
102
RTVSPost2010PropOp38
 70
     1
102
RTVSPost2010Prop39
140
1.0
102
RTVSPost2010PropOp39
 70
     1
102
RTVSPost2010Prop40
 90
        0
102
RTVSPost2010PropOp40
 70
     1
102
RTVSPost2010Prop41ColorIndex
 90
       18
102
RTVSPost2010Prop41ColorRGB
 90
        0
102
RTVSPost2010PropOp41
 70
     1
102
RTVSPost2010Prop42
 90
       50
102
RTVSPost2010PropOp42
 70
     1
102
RTVSPost2010Prop43
 90
        3
102
RTVSPost2010PropOp43
 70
     1
102
RTVSPost2010Prop44ColorIndex
 90
        5
102
RTVSPost2010Prop44ColorRGB
 90
      255
102
RTVSPost2010PropOp44
 70
     1
102
RTVSPost2010Prop45
280
     0
102
RTVSPost2010PropOp45
 70
     1
102
RTVSPost2010Prop46
 90
       50
102
RTVSPost2010PropOp46
 70
     1
102
RTVSPost2010Prop47
 90
       50
102
RTVSPost2010PropOp47
 70
     1
102
RTVSPost2010Prop48
 90
       50
102
RTVSPost2010PropOp48
 70
     1
102
RTVSPost2010Prop49
280
     0
102
RTVSPost2010PropOp49
 70
     1
102
RTVSPost2010Prop50
 90
       50
102
RTVSPost2010PropOp50
 70
     1
102
RTVSPost2010Prop51ColorIndex
 90
      256
102
RTVSPost2010Prop51ColorRGB
 90
-16777216
102
RTVSPost2010PropOp51
 70
     0
102
RTVSPost2010Prop52
140
1.0
102
RTVSPost2010PropOp52
 70
     0
102
RTVSPost2010Prop53
 90
        2
102
RTVSPost2010PropOp53
 70
     1
102
RTVSPost2010Prop54
  1
strokes_ogs.tif
102
RTVSPost2010PropOp54
 70
     1
102
RTVSPost2010Prop55
280
     0
102
RTVSPost2010PropOp55
 70
     1
102
RTVSPost2010Prop56
140
1.0
102
RTVSPost2010PropOp56
 70
     1
102
RTVSPost2010Prop57
140
1.0
102
RTVSPost2010PropOp57
 70
     1
102
RTVSPropertyOp0
 70
     1
102
RTVSPropertyOp1
 70
     1
102
RTVSPropertyOp2
 70
     1
102
RTVSPropertyOp3
 70
     1
102
RTVSPropertyOp4
 70
     1
102
RTVSPropertyOp5
 70
     1
102
RTVSPropertyOp6
 70
     1
102
RTVSPropertyOp7
 70
     1
102
RTVSPropertyOp8
 70
     1
102
RTVSPropertyOp9
 70
     1
102
RTVSPropertyOp10
 70
     1
102
RTVSPropertyOp11
 70
     1
102
RTVSPropertyOp12
 70
     1
102
RTVSPropertyOp13
 70
     1
102
RTVSPropertyOp14
 70
     1
102
RTVSPropertyOp15
 70
     1
102
RTVSPropertyOp16
 70
     1
102
RTVSPropertyOp17
 70
     1
102
RTVSPropertyOp18
 70
     1
102
RTVSPropertyOp19
 70
     1
102
RTVSPropertyOp20
 70
     1
102
RTVSPropertyOp21
 70
     1
102
RTVSPropertyOp22
 70
     1
102
RTVSPropertyOp23
 70
     1
102
RTVSPropertyOp24
 70
     1
102
RTVSPropertyOp25
 70
     1
102
RTVSPropertyOp26
 70
     1
102
RTVSPropertyOp27
 70
     1
102
RTVSPropertyOp28
 70
     1
102
RTVSPropertyOp29
 70
     1
102
RTVSPropertyOp30
 70
     1
102
RTVSPropertyOp31
 70
     1
102
RTVSPropertyOp32
 70
     1
102
RTVSPropertyOp33
 70
     1
102
RTVSPropertyOp34
 70
     1
102
RTVSPropertyOp35
 70
     1
102
RTVSPropertyOp36
 70
     1
102
RTVSPropertyOp37
 70
     1
102
RTVSPropertyOp38
 70
     1
102
RTVSPropertyOp39
 70
     1
102
RTVSPropertyOp40
 70
     1
102
RTVSPropertyOp41
 70
     1
102
RTVSPropertyOp42
 70
     1
102
RTVSPropertyOp43
 70
     1
102
RTVSPropertyOp44
 70
     1
102
RTVSPropertyOp45
 70
     1
102
RTVSPropertyOp46
 70
     1
102
RTVSPropertyOp47
 70
     1
102
RTVSPropertyOp48
 70
     1
102
RTVSPropertyOp49
 70
     1
102
RTVSPropertyOp50
 70
     1
102
RTVSPropertyOp51
 70
     0
102
RTVSPropertyOp52
 70
     0
102
RTVSPropertyOp53
 70
     1
102
RTVSPropertyOp54
 70
     1
102
RTVSPropertyOp55
 70
     1
102
RTVSPropertyOp56
 70
     1
102
RTVSPropertyOp57
 70
     1
102
RTVSPropertyOp58
 70
     1
102
RTVSPropertyOp59
 70
     1
102
RTVSPropertyOp60
 70
     1
102
RTVSPropertyOp61
 70
     1
102
RTVSPropertyOp62
 70
     1
  0
XRECORD
  5
6D77
102
{ACAD_REACTORS
330
6D76
102
}
330
6D76
100
AcDbXrecord
280
     1
102
RTVSPost2010Prop28
280
     0
102
RTVSPost2010PropOp28
 70
     1
102
RTVSPost2010Prop29
280
     1
102
RTVSPost2010PropOp29
 70
     1
102
RTVSPost2010Prop30
280
     1
102
RTVSPost2010PropOp30
 70
     1
102
RTVSPost2010Prop31
280
     0
102
RTVSPost2010PropOp31
 70
     1
102
RTVSPost2010Prop32
280
     0
102
RTVSPost2010PropOp32
 70
     1
102
RTVSPost2010Prop33
280
     0
102
RTVSPost2010PropOp33
 70
     1
102
RTVSPost2010Prop34
280
     0
102
RTVSPost2010PropOp34
 70
     1
102
RTVSPost2010Prop35
280
     0
102
RTVSPost2010PropOp35
 70
     1
102
RTVSPost2010Prop36
280
     0
102
RTVSPost2010PropOp36
 70
     1
102
RTVSPost2010Prop37
 90
       50
102
RTVSPost2010PropOp37
 70
     1
102
RTVSPost2010Prop38
140
0.0
102
RTVSPost2010PropOp38
 70
     1
102
RTVSPost2010Prop39
140
1.0
102
RTVSPost2010PropOp39
 70
     1
102
RTVSPost2010Prop40
 90
        0
102
RTVSPost2010PropOp40
 70
     1
102
RTVSPost2010Prop41ColorIndex
 90
       18
102
RTVSPost2010Prop41ColorRGB
 90
        0
102
RTVSPost2010PropOp41
 70
     1
102
RTVSPost2010Prop42
 90
       50
102
RTVSPost2010PropOp42
 70
     1
102
RTVSPost2010Prop43
 90
        3
102
RTVSPost2010PropOp43
 70
     1
102
RTVSPost2010Prop44ColorIndex
 90
        5
102
RTVSPost2010Prop44ColorRGB
 90
      255
102
RTVSPost2010PropOp44
 70
     1
102
RTVSPost2010Prop45
280
     0
102
RTVSPost2010PropOp45
 70
     1
102
RTVSPost2010Prop46
 90
       50
102
RTVSPost2010PropOp46
 70
     1
102
RTVSPost2010Prop47
 90
       50
102
RTVSPost2010PropOp47
 70
     1
102
RTVSPost2010Prop48
 90
       50
102
RTVSPost2010PropOp48
 70
     1
102
RTVSPost2010Prop49
280
     0
102
RTVSPost2010PropOp49
 70
     1
102
RTVSPost2010Prop50
 90
       50
102
RTVSPost2010PropOp50
 70
     1
102
RTVSPost2010Prop51ColorIndex
 90
      256
102
RTVSPost2010Prop51ColorRGB
 90
-16777216
102
RTVSPost2010PropOp51
 70
     0
102
RTVSPost2010Prop52
140
1.0
102
RTVSPost2010PropOp52
 70
     0
102
RTVSPost2010Prop53
 90
        2
102
RTVSPost2010PropOp53
 70
     1
102
RTVSPost2010Prop54
  1
strokes_ogs.tif
102
RTVSPost2010PropOp54
 70
     1
102
RTVSPost2010Prop55
280
     0
102
RTVSPost2010PropOp55
 70
     1
102
RTVSPost2010Prop56
140
1.0
102
RTVSPost2010PropOp56
 70
     1
102
RTVSPost2010Prop57
140
1.0
102
RTVSPost2010PropOp57
 70
     1
102
RTVSPropertyOp0
 70
     1
102
RTVSPropertyOp1
 70
     1
102
RTVSPropertyOp2
 70
     1
102
RTVSPropertyOp3
 70
     1
102
RTVSPropertyOp4
 70
     1
102
RTVSPropertyOp5
 70
     1
102
RTVSPropertyOp6
 70
     1
102
RTVSPropertyOp7
 70
     1
102
RTVSPropertyOp8
 70
     1
102
RTVSPropertyOp9
 70
     1
102
RTVSPropertyOp10
 70
     1
102
RTVSPropertyOp11
 70
     1
102
RTVSPropertyOp12
 70
     1
102
RTVSPropertyOp13
 70
     1
102
RTVSPropertyOp14
 70
     1
102
RTVSPropertyOp15
 70
     1
102
RTVSPropertyOp16
 70
     1
102
RTVSPropertyOp17
 70
     1
102
RTVSPropertyOp18
 70
     1
102
RTVSPropertyOp19
 70
     1
102
RTVSPropertyOp20
 70
     1
102
RTVSPropertyOp21
 70
     1
102
RTVSPropertyOp22
 70
     1
102
RTVSPropertyOp23
 70
     1
102
RTVSPropertyOp24
 70
     1
102
RTVSPropertyOp25
 70
     1
102
RTVSPropertyOp26
 70
     1
102
RTVSPropertyOp27
 70
     1
102
RTVSPropertyOp28
 70
     1
102
RTVSPropertyOp29
 70
     1
102
RTVSPropertyOp30
 70
     1
102
RTVSPropertyOp31
 70
     1
102
RTVSPropertyOp32
 70
     1
102
RTVSPropertyOp33
 70
     1
102
RTVSPropertyOp34
 70
     1
102
RTVSPropertyOp35
 70
     1
102
RTVSPropertyOp36
 70
     1
102
RTVSPropertyOp37
 70
     1
102
RTVSPropertyOp38
 70
     1
102
RTVSPropertyOp39
 70
     1
102
RTVSPropertyOp40
 70
     1
102
RTVSPropertyOp41
 70
     1
102
RTVSPropertyOp42
 70
     1
102
RTVSPropertyOp43
 70
     1
102
RTVSPropertyOp44
 70
     1
102
RTVSPropertyOp45
 70
     1
102
RTVSPropertyOp46
 70
     1
102
RTVSPropertyOp47
 70
     1
102
RTVSPropertyOp48
 70
     1
102
RTVSPropertyOp49
 70
     1
102
RTVSPropertyOp50
 70
     1
102
RTVSPropertyOp51
 70
     0
102
RTVSPropertyOp52
 70
     0
102
RTVSPropertyOp53
 70
     1
102
RTVSPropertyOp54
 70
     1
102
RTVSPropertyOp55
 70
     1
102
RTVSPropertyOp56
 70
     1
102
RTVSPropertyOp57
 70
     1
102
RTVSPropertyOp58
 70
     1
102
RTVSPropertyOp59
 70
     1
102
RTVSPropertyOp60
 70
     1
102
RTVSPropertyOp61
 70
     1
102
RTVSPropertyOp62
 70
     1
  0
XRECORD
  5
6D69
102
{ACAD_REACTORS
330
6D68
102
}
330
6D68
100
AcDbXrecord
280
     1
102
RTVSPost2010Prop28
280
     0
102
RTVSPost2010PropOp28
 70
     1
102
RTVSPost2010Prop29
280
     1
102
RTVSPost2010PropOp29
 70
     1
102
RTVSPost2010Prop30
280
     1
102
RTVSPost2010PropOp30
 70
     1
102
RTVSPost2010Prop31
280
     0
102
RTVSPost2010PropOp31
 70
     1
102
RTVSPost2010Prop32
280
     0
102
RTVSPost2010PropOp32
 70
     1
102
RTVSPost2010Prop33
280
     0
102
RTVSPost2010PropOp33
 70
     1
102
RTVSPost2010Prop34
280
     0
102
RTVSPost2010PropOp34
 70
     1
102
RTVSPost2010Prop35
280
     0
102
RTVSPost2010PropOp35
 70
     1
102
RTVSPost2010Prop36
280
     0
102
RTVSPost2010PropOp36
 70
     1
102
RTVSPost2010Prop37
 90
       50
102
RTVSPost2010PropOp37
 70
     1
102
RTVSPost2010Prop38
140
0.0
102
RTVSPost2010PropOp38
 70
     1
102
RTVSPost2010Prop39
140
1.0
102
RTVSPost2010PropOp39
 70
     1
102
RTVSPost2010Prop40
 90
        0
102
RTVSPost2010PropOp40
 70
     1
102
RTVSPost2010Prop41ColorIndex
 90
       18
102
RTVSPost2010Prop41ColorRGB
 90
        0
102
RTVSPost2010PropOp41
 70
     1
102
RTVSPost2010Prop42
 90
       50
102
RTVSPost2010PropOp42
 70
     1
102
RTVSPost2010Prop43
 90
        3
102
RTVSPost2010PropOp43
 70
     1
102
RTVSPost2010Prop44ColorIndex
 90
        5
102
RTVSPost2010Prop44ColorRGB
 90
      255
102
RTVSPost2010PropOp44
 70
     1
102
RTVSPost2010Prop45
280
     0
102
RTVSPost2010PropOp45
 70
     1
102
RTVSPost2010Prop46
 90
       50
102
RTVSPost2010PropOp46
 70
     1
102
RTVSPost2010Prop47
 90
       50
102
RTVSPost2010PropOp47
 70
     1
102
RTVSPost2010Prop48
 90
       50
102
RTVSPost2010PropOp48
 70
     1
102
RTVSPost2010Prop49
280
     0
102
RTVSPost2010PropOp49
 70
     1
102
RTVSPost2010Prop50
 90
       50
102
RTVSPost2010PropOp50
 70
     1
102
RTVSPost2010Prop51ColorIndex
 90
      256
102
RTVSPost2010Prop51ColorRGB
 90
-16777216
102
RTVSPost2010PropOp51
 70
     0
102
RTVSPost2010Prop52
140
1.0
102
RTVSPost2010PropOp52
 70
     0
102
RTVSPost2010Prop53
 90
        2
102
RTVSPost2010PropOp53
 70
     1
102
RTVSPost2010Prop54
  1
strokes_ogs.tif
102
RTVSPost2010PropOp54
 70
     1
102
RTVSPost2010Prop55
280
     0
102
RTVSPost2010PropOp55
 70
     1
102
RTVSPost2010Prop56
140
1.0
102
RTVSPost2010PropOp56
 70
     1
102
RTVSPost2010Prop57
140
1.0
102
RTVSPost2010PropOp57
 70
     1
102
RTVSPropertyOp0
 70
     1
102
RTVSPropertyOp1
 70
     1
102
RTVSPropertyOp2
 70
     1
102
RTVSPropertyOp3
 70
     1
102
RTVSPropertyOp4
 70
     1
102
RTVSPropertyOp5
 70
     1
102
RTVSPropertyOp6
 70
     1
102
RTVSPropertyOp7
 70
     1
102
RTVSPropertyOp8
 70
     1
102
RTVSPropertyOp9
 70
     1
102
RTVSPropertyOp10
 70
     1
102
RTVSPropertyOp11
 70
     1
102
RTVSPropertyOp12
 70
     1
102
RTVSPropertyOp13
 70
     1
102
RTVSPropertyOp14
 70
     1
102
RTVSPropertyOp15
 70
     1
102
RTVSPropertyOp16
 70
     1
102
RTVSPropertyOp17
 70
     1
102
RTVSPropertyOp18
 70
     1
102
RTVSPropertyOp19
 70
     1
102
RTVSPropertyOp20
 70
     1
102
RTVSPropertyOp21
 70
     1
102
RTVSPropertyOp22
 70
     1
102
RTVSPropertyOp23
 70
     1
102
RTVSPropertyOp24
 70
     1
102
RTVSPropertyOp25
 70
     1
102
RTVSPropertyOp26
 70
     1
102
RTVSPropertyOp27
 70
     1
102
RTVSPropertyOp28
 70
     1
102
RTVSPropertyOp29
 70
     1
102
RTVSPropertyOp30
 70
     1
102
RTVSPropertyOp31
 70
     1
102
RTVSPropertyOp32
 70
     1
102
RTVSPropertyOp33
 70
     1
102
RTVSPropertyOp34
 70
     1
102
RTVSPropertyOp35
 70
     1
102
RTVSPropertyOp36
 70
     1
102
RTVSPropertyOp37
 70
     1
102
RTVSPropertyOp38
 70
     1
102
RTVSPropertyOp39
 70
     1
102
RTVSPropertyOp40
 70
     1
102
RTVSPropertyOp41
 70
     1
102
RTVSPropertyOp42
 70
     1
102
RTVSPropertyOp43
 70
     1
102
RTVSPropertyOp44
 70
     1
102
RTVSPropertyOp45
 70
     1
102
RTVSPropertyOp46
 70
     1
102
RTVSPropertyOp47
 70
     1
102
RTVSPropertyOp48
 70
     1
102
RTVSPropertyOp49
 70
     1
102
RTVSPropertyOp50
 70
     1
102
RTVSPropertyOp51
 70
     0
102
RTVSPropertyOp52
 70
     0
102
RTVSPropertyOp53
 70
     1
102
RTVSPropertyOp54
 70
     1
102
RTVSPropertyOp55
 70
     1
102
RTVSPropertyOp56
 70
     1
102
RTVSPropertyOp57
 70
     1
102
RTVSPropertyOp58
 70
     1
102
RTVSPropertyOp59
 70
     1
102
RTVSPropertyOp60
 70
     1
102
RTVSPropertyOp61
 70
     1
102
RTVSPropertyOp62
 70
     1
  0
XRECORD
  5
6D89
102
{ACAD_REACTORS
330
6D88
102
}
330
6D88
100
AcDbXrecord
280
     1
102
RTVSPost2010Prop28
280
     0
102
RTVSPost2010PropOp28
 70
     1
102
RTVSPost2010Prop29
280
     1
102
RTVSPost2010PropOp29
 70
     1
102
RTVSPost2010Prop30
280
     1
102
RTVSPost2010PropOp30
 70
     1
102
RTVSPost2010Prop31
280
     0
102
RTVSPost2010PropOp31
 70
     1
102
RTVSPost2010Prop32
280
     0
102
RTVSPost2010PropOp32
 70
     1
102
RTVSPost2010Prop33
280
     0
102
RTVSPost2010PropOp33
 70
     1
102
RTVSPost2010Prop34
280
     0
102
RTVSPost2010PropOp34
 70
     1
102
RTVSPost2010Prop35
280
     0
102
RTVSPost2010PropOp35
 70
     1
102
RTVSPost2010Prop36
280
     0
102
RTVSPost2010PropOp36
 70
     1
102
RTVSPost2010Prop37
 90
       50
102
RTVSPost2010PropOp37
 70
     1
102
RTVSPost2010Prop38
140
0.0
102
RTVSPost2010PropOp38
 70
     1
102
RTVSPost2010Prop39
140
1.0
102
RTVSPost2010PropOp39
 70
     1
102
RTVSPost2010Prop40
 90
        0
102
RTVSPost2010PropOp40
 70
     1
102
RTVSPost2010Prop41ColorIndex
 90
       18
102
RTVSPost2010Prop41ColorRGB
 90
        0
102
RTVSPost2010PropOp41
 70
     1
102
RTVSPost2010Prop42
 90
       50
102
RTVSPost2010PropOp42
 70
     1
102
RTVSPost2010Prop43
 90
        3
102
RTVSPost2010PropOp43
 70
     1
102
RTVSPost2010Prop44ColorIndex
 90
        5
102
RTVSPost2010Prop44ColorRGB
 90
      255
102
RTVSPost2010PropOp44
 70
     1
102
RTVSPost2010Prop45
280
     0
102
RTVSPost2010PropOp45
 70
     1
102
RTVSPost2010Prop46
 90
       50
102
RTVSPost2010PropOp46
 70
     1
102
RTVSPost2010Prop47
 90
       50
102
RTVSPost2010PropOp47
 70
     1
102
RTVSPost2010Prop48
 90
       50
102
RTVSPost2010PropOp48
 70
     1
102
RTVSPost2010Prop49
280
     0
102
RTVSPost2010PropOp49
 70
     1
102
RTVSPost2010Prop50
 90
       50
102
RTVSPost2010PropOp50
 70
     1
102
RTVSPost2010Prop51ColorIndex
 90
      256
102
RTVSPost2010Prop51ColorRGB
 90
-16777216
102
RTVSPost2010PropOp51
 70
     0
102
RTVSPost2010Prop52
140
1.0
102
RTVSPost2010PropOp52
 70
     0
102
RTVSPost2010Prop53
 90
        2
102
RTVSPost2010PropOp53
 70
     1
102
RTVSPost2010Prop54
  1
strokes_ogs.tif
102
RTVSPost2010PropOp54
 70
     1
102
RTVSPost2010Prop55
280
     0
102
RTVSPost2010PropOp55
 70
     1
102
RTVSPost2010Prop56
140
1.0
102
RTVSPost2010PropOp56
 70
     1
102
RTVSPost2010Prop57
140
1.0
102
RTVSPost2010PropOp57
 70
     1
102
RTVSPropertyOp0
 70
     1
102
RTVSPropertyOp1
 70
     1
102
RTVSPropertyOp2
 70
     1
102
RTVSPropertyOp3
 70
     1
102
RTVSPropertyOp4
 70
     1
102
RTVSPropertyOp5
 70
     1
102
RTVSPropertyOp6
 70
     1
102
RTVSPropertyOp7
 70
     1
102
RTVSPropertyOp8
 70
     1
102
RTVSPropertyOp9
 70
     1
102
RTVSPropertyOp10
 70
     1
102
RTVSPropertyOp11
 70
     1
102
RTVSPropertyOp12
 70
     1
102
RTVSPropertyOp13
 70
     1
102
RTVSPropertyOp14
 70
     1
102
RTVSPropertyOp15
 70
     1
102
RTVSPropertyOp16
 70
     1
102
RTVSPropertyOp17
 70
     1
102
RTVSPropertyOp18
 70
     1
102
RTVSPropertyOp19
 70
     1
102
RTVSPropertyOp20
 70
     1
102
RTVSPropertyOp21
 70
     1
102
RTVSPropertyOp22
 70
     1
102
RTVSPropertyOp23
 70
     1
102
RTVSPropertyOp24
 70
     1
102
RTVSPropertyOp25
 70
     1
102
RTVSPropertyOp26
 70
     1
102
RTVSPropertyOp27
 70
     1
102
RTVSPropertyOp28
 70
     1
102
RTVSPropertyOp29
 70
     1
102
RTVSPropertyOp30
 70
     1
102
RTVSPropertyOp31
 70
     1
102
RTVSPropertyOp32
 70
     1
102
RTVSPropertyOp33
 70
     1
102
RTVSPropertyOp34
 70
     1
102
RTVSPropertyOp35
 70
     1
102
RTVSPropertyOp36
 70
     1
102
RTVSPropertyOp37
 70
     1
102
RTVSPropertyOp38
 70
     1
102
RTVSPropertyOp39
 70
     1
102
RTVSPropertyOp40
 70
     1
102
RTVSPropertyOp41
 70
     1
102
RTVSPropertyOp42
 70
     1
102
RTVSPropertyOp43
 70
     1
102
RTVSPropertyOp44
 70
     1
102
RTVSPropertyOp45
 70
     1
102
RTVSPropertyOp46
 70
     1
102
RTVSPropertyOp47
 70
     1
102
RTVSPropertyOp48
 70
     1
102
RTVSPropertyOp49
 70
     1
102
RTVSPropertyOp50
 70
     1
102
RTVSPropertyOp51
 70
     0
102
RTVSPropertyOp52
 70
     0
102
RTVSPropertyOp53
 70
     1
102
RTVSPropertyOp54
 70
     1
102
RTVSPropertyOp55
 70
     1
102
RTVSPropertyOp56
 70
     1
102
RTVSPropertyOp57
 70
     1
102
RTVSPropertyOp58
 70
     1
102
RTVSPropertyOp59
 70
     1
102
RTVSPropertyOp60
 70
     1
102
RTVSPropertyOp61
 70
     1
102
RTVSPropertyOp62
 70
     1
  0
ENDSEC
  0
EOF
